{"textures":{"0":"modelengine:entity/tc_ancient_golem"},"elements":[{"from":[6.2914286,6.2914286,6.046626],"to":[9.708571,9.708571,9.463769],"rotation":{"angle":45.0,"axis":"y","origin":[8.0,8.0,7.7551975]},"faces":{"east":{"uv":[3.375,8.8125,3.75,9.1875],"rotation":0,"texture":"#0","tintindex":0},"south":{"uv":[3.75,8.8125,4.125,9.1875],"rotation":0,"texture":"#0","tintindex":0},"north":{"uv":[8.8125,1.0625,9.1875,1.4375],"rotation":0,"texture":"#0","tintindex":0},"west":{"uv":[8.875,4.6875,9.25,5.0625],"rotation":0,"texture":"#0","tintindex":0},"up":{"uv":[7.125,9.25,6.75,8.875],"rotation":0,"texture":"#0","tintindex":0},"down":{"uv":[1.125,8.9375,0.75,9.3125],"rotation":0,"texture":"#0","tintindex":0}}},{"from":[5.5714283,6.285714,7.7551975],"to":[10.428572,9.714286,10.612341],"rotation":{"angle":0.0,"axis":"y","origin":[8.0,8.0,7.7551975]},"faces":{"east":{"uv":[7.8125,9.125,7.5,9.5],"rotation":0,"texture":"#0","tintindex":0},"south":{"uv":[8.0,5.9375,8.5625,6.3125],"rotation":0,"texture":"#0","tintindex":0},"north":{"uv":[8.0,5.5625,8.5625,5.9375],"rotation":0,"texture":"#0","tintindex":0},"west":{"uv":[7.5,9.125,7.8125,9.5],"rotation":0,"texture":"#0","tintindex":0},"up":{"uv":[9.125,7.75,8.5625,7.4375],"rotation":0,"texture":"#0","tintindex":0},"down":{"uv":[9.125,7.75,8.5625,8.0625],"rotation":0,"texture":"#0","tintindex":0}}},{"from":[8.142858,7.142857,5.8980546],"to":[9.857143,8.857143,7.6123405],"rotation":{"angle":45.0,"axis":"y","origin":[8.0,8.0,7.7551975]},"faces":{"east":{"uv":[0.0,9.75,0.1875,9.9375],"rotation":0,"texture":"#0","tintindex":0},"south":{"uv":[9.75,0.0,9.9375,0.1875],"rotation":0,"texture":"#0","tintindex":0},"north":{"uv":[9.6875,9.6875,9.875,9.875],"rotation":0,"texture":"#0","tintindex":0},"west":{"uv":[0.1875,9.75,0.375,9.9375],"rotation":0,"texture":"#0","tintindex":0},"up":{"uv":[9.9375,0.375,9.75,0.1875],"rotation":0,"texture":"#0","tintindex":0},"down":{"uv":[9.9375,1.4375,9.75,1.625],"rotation":0,"texture":"#0","tintindex":0}}}],"display":{"head":{"translation":[0.0,-6.4,0.0],"scale":[4.0,4.0,4.0]}}}