{"textures":{"0":"modelengine:entity/tc_ancient_golem"},"elements":[{"from":[8.726844,5.8344965,6.1848884],"to":[12.155416,7.548783,10.756317],"rotation":{"angle":0.0,"axis":"y","origin":[31.15608,25.337742,16.594799]},"faces":{"east":{"uv":[6.0625,0.9375,6.5625,1.125],"rotation":0,"texture":"#0","tintindex":0},"south":{"uv":[8.6875,7.25,9.0625,7.4375],"rotation":0,"texture":"#0","tintindex":0},"north":{"uv":[5.125,1.6875,5.5,1.875],"rotation":0,"texture":"#0","tintindex":0},"west":{"uv":[9.1875,1.25,9.6875,1.4375],"rotation":0,"texture":"#0","tintindex":0},"up":{"uv":[8.5,1.0,8.125,0.5],"rotation":0,"texture":"#0","tintindex":0},"down":{"uv":[7.9375,8.125,7.5625,8.625],"rotation":0,"texture":"#0","tintindex":0}}},{"from":[8.726844,1.2630682,6.4706025],"to":[11.012558,5.8344965,10.470603],"rotation":{"angle":0.0,"axis":"y","origin":[31.15608,25.337742,16.594799]},"faces":{"east":{"uv":[7.75,7.0625,8.1875,7.5625],"rotation":0,"texture":"#0","tintindex":0},"south":{"uv":[8.1875,9.0625,8.4375,9.5625],"rotation":0,"texture":"#0","tintindex":0},"north":{"uv":[9.0625,6.75,9.3125,7.25],"rotation":0,"texture":"#0","tintindex":0},"west":{"uv":[0.0,7.8125,0.4375,8.3125],"rotation":0,"texture":"#0","tintindex":0},"up":{"uv":[1.375,5.6875,1.125,5.25],"rotation":0,"texture":"#0","tintindex":0},"down":{"uv":[0.25,9.1875,0.0,9.625],"rotation":0,"texture":"#0","tintindex":0}}},{"from":[3.3073168,2.872654,7.42181],"to":[5.0216026,5.158368,9.707524],"rotation":{"angle":-45.0,"axis":"z","origin":[8.25102,1.5368357,8.208801]},"faces":{"east":{"uv":[9.5,0.0,9.75,0.25],"rotation":0,"texture":"#0","tintindex":0},"south":{"uv":[3.3125,9.6875,3.5,9.9375],"rotation":0,"texture":"#0","tintindex":0},"north":{"uv":[3.125,9.6875,3.3125,9.9375],"rotation":0,"texture":"#0","tintindex":0},"west":{"uv":[9.5,0.25,9.75,0.5],"rotation":0,"texture":"#0","tintindex":0},"up":{"uv":[3.6875,9.9375,3.5,9.6875],"rotation":0,"texture":"#0","tintindex":0},"down":{"uv":[3.875,9.6875,3.6875,9.9375],"rotation":0,"texture":"#0","tintindex":0}}},{"from":[5.535888,0.64408255,7.42181],"to":[7.821603,2.9297967,9.707524],"rotation":{"angle":-45.0,"axis":"z","origin":[8.25102,1.5368357,8.208801]},"faces":{"east":{"uv":[6.125,9.4375,6.375,9.6875],"rotation":0,"texture":"#0","tintindex":0},"south":{"uv":[6.375,9.4375,6.625,9.6875],"rotation":0,"texture":"#0","tintindex":0},"north":{"uv":[5.6875,9.4375,5.9375,9.6875],"rotation":0,"texture":"#0","tintindex":0},"west":{"uv":[9.4375,8.0,9.6875,8.25],"rotation":0,"texture":"#0","tintindex":0},"up":{"uv":[9.375,9.6875,9.125,9.4375],"rotation":0,"texture":"#0","tintindex":0},"down":{"uv":[9.625,9.4375,9.375,9.6875],"rotation":0,"texture":"#0","tintindex":0}}},{"from":[5.7083597,2.8175626,7.4160957],"to":[7.434074,5.9718485,9.713239],"rotation":{"angle":0.0,"axis":"y","origin":[8.25102,1.5368357,8.208801]},"faces":{"east":{"uv":[9.25,4.6875,9.5,5.0625],"rotation":0,"texture":"#0","tintindex":0},"south":{"uv":[7.8125,9.3125,8.0,9.6875],"rotation":0,"texture":"#0","tintindex":0},"north":{"uv":[3.125,9.3125,3.3125,9.6875],"rotation":0,"texture":"#0","tintindex":0},"west":{"uv":[0.75,9.3125,1.0,9.6875],"rotation":0,"texture":"#0","tintindex":0},"up":{"uv":[2.375,9.9375,2.1875,9.6875],"rotation":0,"texture":"#0","tintindex":0},"down":{"uv":[2.5625,9.6875,2.375,9.9375],"rotation":0,"texture":"#0","tintindex":0}}},{"from":[7.0125585,0.97735405,5.8991737],"to":[8.726844,7.834497,11.042031],"rotation":{"angle":0.0,"axis":"y","origin":[31.15608,25.337742,16.594799]},"faces":{"east":{"uv":[5.0,2.5625,5.5625,3.3125],"rotation":0,"texture":"#0","tintindex":0},"south":{"uv":[4.25,8.75,4.4375,9.5],"rotation":0,"texture":"#0","tintindex":0},"north":{"uv":[2.625,8.6875,2.8125,9.4375],"rotation":0,"texture":"#0","tintindex":0},"west":{"uv":[5.0,3.3125,5.5625,4.0625],"rotation":0,"texture":"#0","tintindex":0},"up":{"uv":[6.125,9.75,5.9375,9.1875],"rotation":0,"texture":"#0","tintindex":0},"down":{"uv":[9.375,8.25,9.1875,8.8125],"rotation":0,"texture":"#0","tintindex":0}}},{"from":[9.664945,-0.14030838,4.7604055],"to":[11.464945,3.3739777,6.5604057],"rotation":{"angle":-22.5,"axis":"x","origin":[9.603785,1.1256428,7.5335083]},"faces":{"east":{"uv":[8.9375,2.1875,9.4375,2.4375],"rotation":90,"texture":"#0","tintindex":0},"south":{"uv":[9.1875,5.5625,8.9375,6.0625],"rotation":0,"texture":"#0","tintindex":0},"north":{"uv":[9.1875,5.5625,8.9375,5.0625],"rotation":180,"texture":"#0","tintindex":0},"west":{"uv":[8.9375,2.4375,9.4375,2.6875],"rotation":270,"texture":"#0","tintindex":0},"up":{"uv":[3.8125,9.4375,4.0625,9.6875],"rotation":0,"texture":"#0","tintindex":0},"down":{"uv":[3.5625,9.4375,3.8125,9.6875],"rotation":180,"texture":"#0","tintindex":0}}},{"from":[9.701256,0.8058839,4.32419],"to":[11.415542,4.2344556,6.038476],"rotation":{"angle":22.5,"axis":"x","origin":[9.603785,1.1256428,7.5335083]},"faces":{"east":{"uv":[7.25,2.375,7.75,2.625],"rotation":90,"texture":"#0","tintindex":0},"south":{"uv":[5.375,6.875,5.125,7.375],"rotation":0,"texture":"#0","tintindex":0},"north":{"uv":[1.0,4.4375,0.75,3.9375],"rotation":180,"texture":"#0","tintindex":0},"west":{"uv":[1.125,8.9375,1.625,9.1875],"rotation":270,"texture":"#0","tintindex":0},"up":{"uv":[3.3125,9.4375,3.5625,9.6875],"rotation":0,"texture":"#0","tintindex":0},"down":{"uv":[6.6875,5.1875,6.9375,5.4375],"rotation":180,"texture":"#0","tintindex":0}}},{"from":[8.587957,-1.9617004,8.627463],"to":[12.102243,-0.16170025,10.427464],"rotation":{"angle":0.0,"axis":"y","origin":[9.603785,1.1256428,7.5335083]},"faces":{"east":{"uv":[3.8125,9.4375,3.5625,9.6875],"rotation":0,"texture":"#0","tintindex":0},"south":{"uv":[9.4375,2.4375,8.9375,2.6875],"rotation":0,"texture":"#0","tintindex":0},"north":{"uv":[9.4375,2.1875,8.9375,2.4375],"rotation":0,"texture":"#0","tintindex":0},"west":{"uv":[4.0625,9.4375,3.8125,9.6875],"rotation":0,"texture":"#0","tintindex":0},"up":{"uv":[8.9375,5.5625,9.1875,5.0625],"rotation":90,"texture":"#0","tintindex":0},"down":{"uv":[8.9375,5.5625,9.1875,6.0625],"rotation":270,"texture":"#0","tintindex":0}}},{"from":[7.763292,-1.5873718,8.6703205],"to":[11.191863,0.12691307,10.384606],"rotation":{"angle":-45.0,"axis":"z","origin":[9.603785,1.1256428,7.5335083]},"faces":{"east":{"uv":[6.9375,5.1875,6.6875,5.4375],"rotation":0,"texture":"#0","tintindex":0},"south":{"uv":[1.625,8.9375,1.125,9.1875],"rotation":0,"texture":"#0","tintindex":0},"north":{"uv":[7.75,2.375,7.25,2.625],"rotation":0,"texture":"#0","tintindex":0},"west":{"uv":[3.5625,9.4375,3.3125,9.6875],"rotation":0,"texture":"#0","tintindex":0},"up":{"uv":[0.75,4.4375,1.0,3.9375],"rotation":90,"texture":"#0","tintindex":0},"down":{"uv":[5.125,6.875,5.375,7.375],"rotation":270,"texture":"#0","tintindex":0}}},{"from":[8.587957,-1.9617004,6.484606],"to":[12.102243,-0.16170025,8.284606],"rotation":{"angle":0.0,"axis":"y","origin":[9.603785,1.1256428,7.5335083]},"faces":{"east":{"uv":[3.8125,9.4375,3.5625,9.6875],"rotation":0,"texture":"#0","tintindex":0},"south":{"uv":[9.4375,2.4375,8.9375,2.6875],"rotation":0,"texture":"#0","tintindex":0},"north":{"uv":[9.4375,2.1875,8.9375,2.4375],"rotation":0,"texture":"#0","tintindex":0},"west":{"uv":[4.0625,9.4375,3.8125,9.6875],"rotation":0,"texture":"#0","tintindex":0},"up":{"uv":[8.9375,5.5625,9.1875,5.0625],"rotation":90,"texture":"#0","tintindex":0},"down":{"uv":[8.9375,5.5625,9.1875,6.0625],"rotation":270,"texture":"#0","tintindex":0}}},{"from":[7.763292,-1.5873718,6.527463],"to":[11.191863,0.12691307,8.241749],"rotation":{"angle":-45.0,"axis":"z","origin":[9.603785,1.1256428,7.5335083]},"faces":{"east":{"uv":[6.9375,5.1875,6.6875,5.4375],"rotation":0,"texture":"#0","tintindex":0},"south":{"uv":[1.625,8.9375,1.125,9.1875],"rotation":0,"texture":"#0","tintindex":0},"north":{"uv":[7.75,2.375,7.25,2.625],"rotation":0,"texture":"#0","tintindex":0},"west":{"uv":[3.5625,9.4375,3.3125,9.6875],"rotation":0,"texture":"#0","tintindex":0},"up":{"uv":[0.75,4.4375,1.0,3.9375],"rotation":90,"texture":"#0","tintindex":0},