{"textures":{"0":"modelengine:entity/tc_ancient_golem"},"elements":[{"from":[7.4561462,5.1962504,6.285714],"to":[10.884718,7.767679,9.714286],"rotation":{"angle":-22.5,"axis":"z","origin":[7.623715,5.933988,7.9169636]},"faces":{"east":{"uv":[0.0,7.0625,0.375,7.3125],"rotation":0,"texture":"#0","tintindex":0},"south":{"uv":[7.375,6.5625,7.75,6.8125],"rotation":0,"texture":"#0","tintindex":0},"north":{"uv":[5.0625,0.5,5.4375,0.75],"rotation":0,"texture":"#0","tintindex":0},"west":{"uv":[9.25,4.0,9.625,4.25],"rotation":0,"texture":"#0","tintindex":0},"up":{"uv":[2.875,6.0625,2.5,5.6875],"rotation":0,"texture":"#0","tintindex":0},"down":{"uv":[9.0625,6.875,8.6875,7.25],"rotation":0,"texture":"#0","tintindex":0}}},{"from":[5.2194223,5.9055204,6.2914286],"to":[8.636565,8.465521,9.708571],"rotation":{"angle":-45.0,"axis":"z","origin":[7.070851,7.3855205,8.0]},"faces":{"east":{"uv":[9.625,4.0,9.25,4.25],"rotation":0,"texture":"#0","tintindex":0},"south":{"uv":[7.75,6.5625,7.375,6.8125],"rotation":0,"texture":"#0","tintindex":0},"north":{"uv":[5.4375,0.5,5.0625,0.75],"rotation":0,"texture":"#0","tintindex":0},"west":{"uv":[0.375,7.0625,0.0,7.3125],"rotation":0,"texture":"#0","tintindex":0},"up":{"uv":[2.5,6.0625,2.875,5.6875],"rotation":0,"texture":"#0","tintindex":0},"down":{"uv":[8.6875,6.875,9.0625,7.25],"rotation":0,"texture":"#0","tintindex":0}}},{"from":[7.349004,4.3391075,5.8571424],"to":[11.206146,5.1962504,10.142858],"rotation":{"angle":-22.5,"axis":"z","origin":[7.623715,5.933988,7.9169636]},"faces":{"east":{"uv":[8.375,9.5625,8.8125,9.6875],"rotation":0,"texture":"#0","tintindex":0},"south":{"uv":[0.0,9.625,0.4375,9.75],"rotation":0,"texture":"#0","tintindex":0},"north":{"uv":[9.5,9.3125,9.9375,9.4375],"rotation":0,"texture":"#0","tintindex":0},"west":{"uv":[9.625,1.0,10.0625,1.125],"rotation":0,"texture":"#0","tintindex":0},"up":{"uv":[3.8125,8.25,3.375,7.8125],"rotation":0,"texture":"#0","tintindex":0},"down":{"uv":[8.5,3.375,8.0625,3.8125],"rotation":0,"texture":"#0","tintindex":0}}},{"from":[4.142336,4.3549323,5.8614283],"to":[7.990907,5.2035036,10.138572],"rotation":{"angle":-45.0,"axis":"z","origin":[7.623715,5.933988,7.9169636]},"faces":{"east":{"uv":[9.4375,5.6875,9.9375,5.8125],"rotation":0,"texture":"#0","tintindex":0},"south":{"uv":[9.625,2.1875,10.0625,2.3125],"rotation":0,"texture":"#0","tintindex":0},"north":{"uv":[9.625,1.125,10.0625,1.25],"rotation":0,"texture":"#0","tintindex":0},"west":{"uv":[9.4375,5.8125,9.9375,5.9375],"rotation":0,"texture":"#0","tintindex":0},"up":{"uv":[6.4375,8.25,6.0,7.75],"rotation":0,"texture":"#0","tintindex":0},"down":{"uv":[8.1875,6.5625,7.75,7.0625],"rotation":0,"texture":"#0","tintindex":0}}}],"display":{"head":{"translation":[0.0,-6.4,0.0],"scale":[4.0,4.0,4.0]}}}