{"textures":{"0":"modelengine:entity/tc_ancient_golem"},"elements":[{"from":[6.023136,1.4257436,8.010764],"to":[10.594564,2.5686007,10.296478],"rotation":{"angle":0.0,"axis":"y","origin":[4.7451634,4.0991116,7.3271627]},"faces":{"east":{"uv":[5.0,5.5,5.25,5.625],"rotation":0,"texture":"#0","tintindex":0},"south":{"uv":[9.4375,6.0625,9.9375,6.1875],"rotation":0,"texture":"#0","tintindex":0},"north":{"uv":[9.5,0.5,10.0,0.625],"rotation":0,"texture":"#0","tintindex":0},"west":{"uv":[1.9375,7.3125,2.1875,7.4375],"rotation":0,"texture":"#0","tintindex":0},"up":{"uv":[8.6875,9.5625,8.4375,9.0625],"rotation":90,"texture":"#0","tintindex":0},"down":{"uv":[8.9375,9.0625,8.6875,9.5625],"rotation":270,"texture":"#0","tintindex":0}}},{"from":[2.9787102,2.118463,8.016479],"to":[6.9672813,3.2498913,10.290764],"rotation":{"angle":-22.5,"axis":"z","origin":[4.7451634,4.0991116,7.3271627]},"faces":{"east":{"uv":[7.625,6.0625,7.875,6.1875],"rotation":0,"texture":"#0","tintindex":0},"south":{"uv":[9.625,9.5625,10.0625,9.6875],"rotation":0,"texture":"#0","tintindex":0},"north":{"uv":[0.4375,9.6875,0.875,9.8125],"rotation":0,"texture":"#0","tintindex":0},"west":{"uv":[7.75,7.5625,8.0,7.6875],"rotation":0,"texture":"#0","tintindex":0},"up":{"uv":[0.5,9.625,0.25,9.1875],"rotation":90,"texture":"#0","tintindex":0},"down":{"uv":[0.75,9.1875,0.5,9.625],"rotation":270,"texture":"#0","tintindex":0}}},{"from":[-0.7015438,1.5901127,8.010764],"to":[3.8698854,2.7329698,10.296478],"rotation":{"angle":-45.0,"axis":"z","origin":[4.7451634,4.0991116,7.3271627]},"faces":{"east":{"uv":[8.0625,4.6875,8.3125,4.8125],"rotation":0,"texture":"#0","tintindex":0},"south":{"uv":[9.5,0.625,10.0,0.75],"rotation":0,"texture":"#0","tintindex":0},"north":{"uv":[9.5,0.75,10.0,0.875],"rotation":0,"texture":"#0","tintindex":0},"west":{"uv":[8.1875,7.4375,8.4375,7.5625],"rotation":0,"texture":"#0","tintindex":0},"up":{"uv":[9.375,1.9375,9.125,1.4375],"rotation":90,"texture":"#0","tintindex":0},"down":{"uv":[4.6875,9.125,4.4375,9.625],"rotation":270,"texture":"#0","tintindex":0}}},{"from":[-0.7015438,1.5901127,4.560664],"to":[3.8698854,2.7329698,6.846379],"rotation":{"angle":-45.0,"axis":"z","origin":[4.7451634,4.0991116,7.3271627]},"faces":{"east":{"uv":[8.3125,4.6875,8.0625,4.8125],"rotation":0,"texture":"#0","tintindex":0},"south":{"uv":[10.0,0.75,9.5,0.875],"rotation":0,"texture":"#0","tintindex":0},"north":{"uv":[10.0,0.625,9.5,0.75],"rotation":0,"texture":"#0","tintindex":0},"west":{"uv":[8.4375,7.4375,8.1875,7.5625],"rotation":0,"texture":"#0","tintindex":0},"up":{"uv":[9.125,1.9375,9.375,1.4375],"rotation":90,"texture":"#0","tintindex":0},"down":{"uv":[4.4375,9.125,4.6875,9.625],"rotation":270,"texture":"#0","tintindex":0}}},{"from":[2.9787102,2.118463,4.5663786],"to":[6.9672813,3.2498913,6.8406644],"rotation":{"angle":-22.5,"axis":"z","origin":[4.7451634,4.0991116,7.3271627]},"faces":{"east":{"uv":[7.875,6.0625,7.625,6.1875],"rotation":0,"texture":"#0","tintindex":0},"south":{"uv":[0.875,9.6875,0.4375,9.8125],"rotation":0,"texture":"#0","tintindex":0},"north":{"uv":[10.0625,9.5625,9.625,9.6875],"rotation":0,"texture":"#0","tintindex":0},"west":{"uv":[8.0,7.5625,7.75,7.6875],"rotation":0,"texture":"#0","tintindex":0},"up":{"uv":[0.25,9.625,0.5,9.1875],"rotation":90,"texture":"#0","tintindex":0},"down":{"uv":[0.5,9.1875,0.75,9.625],"rotation":270,"texture":"#0","tintindex":0}}},{"from":[7.5564575,-3.12856,6.2051],"to":[10.248743,-2.3648453,10.825957],"rotation":{"angle":22.5,"axis":"z","origin":[8.687375,-1.6691551,8.427661]},"faces":{"east":{"uv":[7.25,2.625,7.75,2.6875],"rotation":0,"texture":"#0","tintindex":0},"south":{"uv":[7.8125,0.5,8.125,0.5625],"rotation":0,"texture":"#0","tintindex":0},"north":{"uv":[3.5,7.375,3.8125,7.4375],"rotation":0,"texture":"#0","tintindex":0},"west":{"uv":[9.75,0.375,10.25,0.4375],"rotation":0,"texture":"#0","tintindex":0},"up":{"uv":[7.625,9.125,7.3125,8.625],"rotation":0,"texture":"#0","tintindex":0},"down":{"uv":[7.9375,8.625,7.625,9.125],"rotation":0,"texture":"#0","tintindex":0}}},{"from":[5.158538,-2.6511145,6.5869575],"to":[8.244252,-0.33682823,10.4441],"rotation":{"angle":0.0,"axis":"y","origin":[8.687375,-1.6691551,8.427661]},"faces":{"east":{"uv":[1.5625,9.1875,1.125,9.4375],"rotation":0,"texture":"#0","tintindex":0},"south":{"uv":[1.5625,9.3125,1.875,9.5625],"rotation":0,"texture":"#0","tintindex":0},"north":{"uv":[1.875,9.3125,1.5625,9.5625],"rotation":0,"texture":"#0","tintindex":0},"west":{"uv":[9.625,1.0,9.1875,1.25],"rotation":0,"texture":"#0","tintindex":0},"up":{"uv":[5.9375,9.1875,6.25,8.75],"rotation":0,"texture":"#0","tintindex":0},"down":{"uv":[2.8125,8.8125,3.125,9.25],"rotation":0,"texture":"#0","tintindex":0}}},{"from":[5.1099663,-3.4325428,6.2012434],"to":[8.195681,-2.6611147,10.829815],"rotation":{"angle":0.0,"axis":"y","origin":[8.687375,-1.6691551,8.427661]},"faces":{"east":{"uv":[7.25,1.875,6.75,1.9375],"rotation":0,"texture":"#0","tintindex":0},"south":{"uv":[2.8125,7.375,2.5,7.4375],"rotation":0,"texture":"#0","tintindex":0},"north":{"uv":[7.6875,1.8125,7.375,1.875],"rotation":0,"texture":"#0","tintindex":0},"west":{"uv":[7.0625,1.0625,6.5625,1.125],"rotation":0,"texture":"#0","tintindex":0},"up":{"uv":[1.9375,7.3125,2.25,6.8125],"rotation":0,"texture":"#0","tintindex":0},"down":{"uv":[2.8125,8.3125,3.125,8.8125],"rotation":0,"texture":"#0","tintindex":0}}},{"from":[7.749315,-2.357131,6.5908146],"to":[10.055886,-0.050559998,10.440243],"rotation":{"angle":22.5,"axis":"z","origin":[8.687375,-1.6691551,8.427661]},"faces":{"east":{"uv":[3.375,9.1875,3.8125,9.4375],"rotation":0,"texture":"#0","tintindex":0},"south":{"uv":[1.8125,9.5625,1.5625,9.8125],"rotation":0,"texture":"#0","tintindex":0},"north":{"uv":[1.5625,9.5625,1.8125,9.8125],"rotation":0,"texture":"#0","tintindex":0},"west":{"uv":[3.8125,9.1875,4.25,9.4375],"rotation":0,"texture":"#0","tintindex":0},"up":{"uv":[9.4375,5.5,9.1875,5.0625],"rotation":0,"texture":"#0","tintindex":0},"down":{"uv":[9.4375,5.5,9.1875,5.9375],"rotation":0,"texture":"#0","tintindex":0}}},{"from":[9.521331,-3.5910501,6.2012434],"to":[12.607046,-2.819621,10.829815],"rotation":{"angle":45.0,"axis":"z","origin":[8.687375,-1.6691551,8.427661]},"faces":{"east":{"uv":[6.5625,1.0625,7.0625,1.125],"rotation":0,"texture":"#0","tintindex":0},"south":{"uv":[2.5,7.375,2.8125,7.4375],"rotation":0,"texture":"#0","tintindex":0},"north":{"uv":[7.375,1.8125,7.6875,1.875],"rotation":0,"texture":"#0","tintindex":0},"west":{"uv":[6.75,1.875,7.25,1.9375],"rotation":0,"texture":"#0","tintindex":0},"up":{"uv":[2.25,7.3125,1.9375,6.8125],"rotation":0,"texture":"#0","tintindex":0},"down":{"uv":[3.125,8.3125,2.8125,8.8125],"rotation":0,"texture":"#0","tintindex":0}}},{"from":[9.444188,-2.7810488,6.5869575],"to":[12.529902,-0.4667635,10.4441],"rotation":{"angle":45.0,"axis":"z","origin":[8.687375,-1.6691551,8.427661]},"faces":{"east":{"uv":[9.1875,1.0,9.625,1.25],"rotation":0,"texture":"#0","tintindex":0},"south":{"uv":[1.875,9.3125,1.5625,9.5625],"rotation":0,"texture":"#0","tintindex":0},"north":{"uv":[1.5625,9.3125,1.875,9.5625],"rotation":0,"texture":"#0","tintindex":0},"west":{"uv":[1.125,9.1875,1.5625,9.4375],"rotation":0,"texture":"#0","tintindex":0},"up":{"uv":[6.25,9.1875,5.9375,8.75],"rotation":0,"texture":"#0","tintindex":0},"down":{"uv":[3.125,8.8125,2.8125,9.25],"rotation":0,"texture":"#0","tintindex":0}}},{"from":[6.023136,1.4257436,4.560664],"to":[10.594564,2.5686007,6.846379],"rotation":{"angle":0.0,"axis":"y","origin":[4.7451634,4.0991116,7.3271627]},"faces":{"east":{"uv":[5.25,5.5,5.0,5.625],"rotation":0,"texture":"#0","tintindex":0},"south":{"uv":[10.0,0.5,9.5,0.625],"rotation":0,"texture":"#0","tintindex":0},"north":{"uv":[9.9375,6.0625,9.4375,6.1875],"rotation":0,"texture":"#0","tintindex":0},"west":{"uv":[2.1875,7.3125,1.9375,7.4375],"rotation":0,"texture":"#0","tintindex":0},"up":{"uv":[8.4375,9.5625,8.6875,9.0625],"rotation":90,"texture":"#0","tintindex":0},"down":{"uv":[8.6875,9.0625,8.9375,9.5625],