{"textures":{"0":"modelengine:entity/tc_ancient_golem"},"elements":[{"from":[2.27495,-3.1250124,3.6590853],"to":[7.989236,1.4464159,7.087657],"rotation":{"angle":-22.5,"axis":"x","origin":[5.10685,2.6346073,5.2043457]},"faces":{"east":{"uv":[5.125,8.25,5.5,8.75],"rotation":0,"texture":"#0","tintindex":0},"south":{"uv":[6.6875,3.4375,6.0625,3.9375],"rotation":0,"texture":"#0","tintindex":0},"north":{"uv":[6.6875,2.9375,6.0625,3.4375],"rotation":0,"texture":"#0","tintindex":0},"west":{"uv":[5.5,8.25,5.125,8.75],"rotation":0,"texture":"#0","tintindex":0},"up":{"uv":[7.0625,1.4375,7.6875,1.0625],"rotation":0,"texture":"#0","tintindex":0},"down":{"uv":[7.125,7.3125,7.75,7.6875],"rotation":0,"texture":"#0","tintindex":0}}},{"from":[2.2806644,0.92156696,4.232749],"to":[7.983522,3.767281,7.6498914],"rotation":{"angle":0.0,"axis":"y","origin":[5.10685,2.6346073,5.2043457]},"faces":{"east":{"uv":[4.4375,8.75,4.8125,9.125],"rotation":0,"texture":"#0","tintindex":0},"south":{"uv":[4.75,7.375,4.125,7.75],"rotation":0,"texture":"#0","tintindex":0},"north":{"uv":[8.0,1.4375,7.375,1.8125],"rotation":0,"texture":"#0","tintindex":0},"west":{"uv":[4.8125,8.75,4.4375,9.125],"rotation":0,"texture":"#0","tintindex":0},"up":{"uv":[4.75,7.75,5.375,7.375],"rotation":0,"texture":"#0","tintindex":0},"down":{"uv":[5.375,7.375,6.0,7.75],"rotation":0,"texture":"#0","tintindex":0}}},{"from":[2.27495,3.31242,3.8541565],"to":[7.989236,7.883848,7.282728],"rotation":{"angle":22.5,"axis":"x","origin":[5.10685,2.6346073,5.2043457]},"faces":{"east":{"uv":[5.875,8.25,6.25,8.75],"rotation":0,"texture":"#0","tintindex":0},"south":{"uv":[6.6875,4.4375,6.0625,4.9375],"rotation":0,"texture":"#0","tintindex":0},"north":{"uv":[6.6875,3.9375,6.0625,4.4375],"rotation":0,"texture":"#0","tintindex":0},"west":{"uv":[6.25,8.25,5.875,8.75],"rotation":0,"texture":"#0","tintindex":0},"up":{"uv":[6.0,7.75,6.625,7.375],"rotation":0,"texture":"#0","tintindex":0},"down":{"uv":[7.375,6.1875,8.0,6.5625],"rotation":0,"texture":"#0","tintindex":0}}},{"from":[3.132093,3.4267054,2.6541567],"to":[7.132093,7.998134,3.7970133],"rotation":{"angle":22.5,"axis":"x","origin":[3.6782784,2.6346073,5.2043457]},"faces":{"east":{"uv":[0.75,4.6875,0.625,5.1875],"rotation":0,"texture":"#0","tintindex":0},"south":{"uv":[2.25,7.8125,1.8125,8.3125],"rotation":0,"texture":"#0","tintindex":0},"north":{"uv":[8.25,0.0,7.8125,0.5],"rotation":0,"texture":"#0","tintindex":0},"west":{"uv":[1.125,3.25,1.0,3.75],"rotation":0,"texture":"#0","tintindex":0},"up":{"uv":[9.625,2.4375,10.0625,2.3125],"rotation":0,"texture":"#0","tintindex":0},"down":{"uv":[9.625,2.4375,10.0625,2.5625],"rotation":0,"texture":"#0","tintindex":0}}},{"from":[3.1378074,0.435853,3.1470342],"to":[7.126379,4.424424,4.2784624],"rotation":{"angle":0.0,"axis":"y","origin":[3.6782784,2.6346073,5.2043457]},"faces":{"east":{"uv":[6.75,6.875,6.625,7.3125],"rotation":0,"texture":"#0","tintindex":0},"south":{"uv":[8.5,4.25,8.0625,4.6875],"rotation":0,"texture":"#0","tintindex":0},"north":{"uv":[8.5,3.8125,8.0625,4.25],"rotation":0,"texture":"#0","tintindex":0},"west":{"uv":[0.5,6.25,0.375,6.6875],"rotation":0,"texture":"#0","tintindex":0},"up":{"uv":[9.625,4.0625,10.0625,3.9375],"rotation":0,"texture":"#0","tintindex":0},"down":{"uv":[9.625,4.0625,10.0625,4.1875],"rotation":0,"texture":"#0","tintindex":0}}},{"from":[3.132093,-3.1821556,2.4590855],"to":[7.132093,1.3892732,3.6019425],"rotation":{"angle":-22.5,"axis":"x","origin":[3.6782784,2.6346073,5.2043457]},"faces":{"east":{"uv":[4.1875,9.4375,4.0625,9.9375],"rotation":0,"texture":"#0","tintindex":0},"south":{"uv":[3.125,7.8125,2.6875,8.3125],"rotation":0,"texture":"#0","tintindex":0},"north":{"uv":[2.6875,7.8125,2.25,8.3125],"rotation":0,"texture":"#0","tintindex":0},"west":{"uv":[0.625,5.4375,0.5,5.9375],"rotation":0,"texture":"#0","tintindex":0},"up":{"uv":[4.4375,9.75,4.875,9.625],"rotation":0,"texture":"#0","tintindex":0},"down":{"uv":[9.625,9.4375,10.0625,9.5625],"rotation":0,"texture":"#0","tintindex":0}}}],"display":{"head":{"translation":[0.0,-6.4,0.0],"scale":[4.0,4.0,4.0]}}}