{"textures":{"0":"modelengine:entity/tc_ancient_golem"},"elements":[{"from":[6.285714,3.564815,4.87263],"to":[9.714286,9.5648155,6.5869155],"rotation":{"angle":0.0,"axis":"y","origin":[3.9285712,-8.435186,12.015488]},"faces":{"east":{"uv":[3.3125,6.75,3.5,7.4375],"rotation":0,"texture":"#0","tintindex":0},"south":{"uv":[1.5625,6.8125,1.9375,7.5],"rotation":0,"texture":"#0","tintindex":0},"north":{"uv":[2.9375,6.75,3.3125,7.4375],"rotation":0,"texture":"#0","tintindex":0},"west":{"uv":[7.125,8.875,7.3125,9.5625],"rotation":0,"texture":"#0","tintindex":0},"up":{"uv":[9.8125,3.0,9.4375,2.8125],"rotation":0,"texture":"#0","tintindex":0},"down":{"uv":[9.8125,3.0,9.4375,3.1875],"rotation":0,"texture":"#0","tintindex":0}}},{"from":[6.285714,-4.4351854,7.729773],"to":[9.714286,2.9933863,12.301202],"rotation":{"angle":0.0,"axis":"y","origin":[3.9285712,-4.4351854,12.015488]},"faces":{"east":{"uv":[0.625,5.25,1.125,6.0625],"rotation":0,"texture":"#0","tintindex":0},"south":{"uv":[5.375,6.5625,5.75,7.375],"rotation":0,"texture":"#0","tintindex":0},"north":{"uv":[0.0,6.25,0.375,7.0625],"rotation":0,"texture":"#0","tintindex":0},"west":{"uv":[0.0,5.4375,0.5,6.25],"rotation":0,"texture":"#0","tintindex":0},"up":{"uv":[4.75,8.75,4.375,8.25],"rotation":0,"texture":"#0","tintindex":0},"down":{"uv":[5.125,8.25,4.75,8.75],"rotation":0,"texture":"#0","tintindex":0}}},{"from":[5.142857,2.3648152,5.67263],"to":[10.857143,8.65053,11.386916],"rotation":{"angle":-22.5,"axis":"x","origin":[8.0,6.707672,10.87263]},"faces":{"east":{"uv":[3.5,4.8125,4.125,5.5],"rotation":0,"texture":"#0","tintindex":0},"south":{"uv":[4.125,4.8125,4.75,5.5],"rotation":0,"texture":"#0","tintindex":0},"north":{"uv":[2.875,4.8125,3.5,5.5],"rotation":0,"texture":"#0","tintindex":0},"west":{"uv":[4.875,1.875,5.5,2.5625],"rotation":0,"texture":"#0","tintindex":0},"up":{"uv":[6.0625,1.125,5.4375,0.5],"rotation":0,"texture":"#0","tintindex":0},"down":{"uv":[6.125,1.6875,5.5,2.3125],"rotation":0,"texture":"#0","tintindex":0}}}],"display":{"head":{"translation":[0.0,-6.4,0.0],"scale":[4.0,4.0,4.0]}}}