{"textures":{"0":"modelengine:entity/tc_ancient_golem"},"elements":[{"from":[19.647018,5.0483236,6.9625134],"to":[23.63559,10.4654665,11.522513],"rotation":{"angle":0.0,"axis":"y","origin":[17.392775,6.7857523,9.231301]},"faces":{"east":{"uv":[4.625,6.875,5.125,7.375],"rotation":0,"texture":"#0","tintindex":0},"south":{"uv":[3.8125,7.75,4.25,8.25],"rotation":0,"texture":"#0","tintindex":0},"north":{"uv":[7.75,2.25,8.1875,2.75],"rotation":0,"texture":"#0","tintindex":0},"west":{"uv":[6.125,6.875,6.625,7.375],"rotation":0,"texture":"#0","tintindex":0},"up":{"uv":[4.6875,8.25,4.25,7.75],"rotation":0,"texture":"#0","tintindex":0},"down":{"uv":[5.125,7.75,4.6875,8.25],"rotation":0,"texture":"#0","tintindex":0}}},{"from":[13.3871355,4.179752,4.0939417],"to":[19.11285,11.048324,14.391085],"rotation":{"angle":0.0,"axis":"y","origin":[17.392775,7.0714664,9.231301]},"faces":{"east":{"uv":[2.25,1.875,3.375,2.625],"rotation":0,"texture":"#0","tintindex":0},"south":{"uv":[0.0,4.6875,0.625,5.4375],"rotation":0,"texture":"#0","tintindex":0},"north":{"uv":[0.75,4.5,1.375,5.25],"rotation":0,"texture":"#0","tintindex":0},"west":{"uv":[2.3125,0.0,3.4375,0.75],"rotation":0,"texture":"#0","tintindex":0},"up":{"uv":[1.75,3.75,1.125,2.625],"rotation":0,"texture":"#0","tintindex":0},"down":{"uv":[1.75,2.625,1.125,3.75],"rotation":0,"texture":"#0","tintindex":0}}},{"from":[4.947582,4.1854663,8.188292],"to":[15.233296,11.042609,13.902578],"rotation":{"angle":45.0,"axis":"y","origin":[17.392775,7.0714664,9.231301]},"faces":{"east":{"uv":[4.25,1.875,4.875,2.625],"rotation":0,"texture":"#0","tintindex":0},"south":{"uv":[1.125,1.875,2.25,2.625],"rotation":0,"texture":"#0","tintindex":0},"north":{"uv":[0.0,1.875,1.125,2.625],"rotation":0,"texture":"#0","tintindex":0},"west":{"uv":[4.4375,0.0,5.0625,0.75],"rotation":0,"texture":"#0","tintindex":0},"up":{"uv":[3.4375,1.375,2.3125,0.75],"rotation":0,"texture":"#0","tintindex":0},"down":{"uv":[3.4375,0.75,2.3125,1.375],"rotation":0,"texture":"#0","tintindex":0}}},{"from":[4.7190104,3.4711804,12.188292],"to":[15.576154,12.04261,14.474007],"rotation":{"angle":45.0,"axis":"y","origin":[17.67849,6.357181,9.231301]},"faces":{"east":{"uv":[1.5625,7.5,1.8125,8.4375],"rotation":0,"texture":"#0","tintindex":0},"south":{"uv":[0.0,0.9375,1.1875,1.875],"rotation":0,"texture":"#0","tintindex":0},"north":{"uv":[0.0,0.0,1.1875,0.9375],"rotation":0,"texture":"#0","tintindex":0},"west":{"uv":[0.75,7.625,1.0,8.5625],"rotation":0,"texture":"#0","tintindex":0},"up":{"uv":[7.75,2.9375,6.5625,2.6875],"rotation":0,"texture":"#0","tintindex":0},"down":{"uv":[7.8125,0.3125,6.625,0.5625],"rotation":0,"texture":"#0","tintindex":0}}},{"from":[17.615707,3.465466,4.0939417],"to":[19.91285,12.048325,14.391085],"rotation":{"angle":0.0,"axis":"y","origin":[17.67849,6.357181,9.231301]},"faces":{"east":{"uv":[1.1875,0.0,2.3125,0.9375],"rotation":0,"texture":"#0","tintindex":0},"south":{"uv":[0.5,7.3125,0.75,8.25],"rotation":0,"texture":"#0","tintindex":0},"north":{"uv":[1.3125,7.125,1.5625,8.0625],"rotation":0,"texture":"#0","tintindex":0},"west":{"uv":[1.1875,0.9375,2.3125,1.875],"rotation":0,"texture":"#0","tintindex":0},"up":{"uv":[2.5,7.4375,2.25,6.3125],"rotation":0,"texture":"#0","tintindex":0},"down":{"uv":[4.125,6.625,3.875,7.75],"rotation":0,"texture":"#0","tintindex":0}}},{"from":[7.8110104,5.048895,14.480291],"to":[12.369867,10.464895,18.46772],"rotation":{"angle":45.0,"axis":"y","origin":[17.392775,6.7857523,9.231301]},"faces":{"east":{"uv":[7.6875,0.5625,8.125,1.0625],"rotation":0,"texture":"#0","tintindex":0},"south":{"uv":[4.125,6.875,4.625,7.375],"rotation":0,"texture":"#0","tintindex":0},"north":{"uv":[6.75,6.8125,7.25,7.3125],"rotation":0,"texture":"#0","tintindex":0},"west":{"uv":[7.125,7.6875,7.5625,8.1875],"rotation":0,"texture":"#0","tintindex":0},"up":{"uv":[8.0625,8.125,7.5625,7.6875],"rotation":0,"texture":"#0","tintindex":0},"down":{"uv":[8.25,1.8125,7.75,2.25],"rotation":0,"texture":"#0","tintindex":0}}},{"from":[3.5190105,4.1854663,5.2402797],"to":[13.804725,11.042609,10.954566],"rotation":{"angle":-45.0,"axis":"y","origin":[17.392775,7.0714664,11.340128]},"faces":{"east":{"uv":[4.875,1.875,4.25,2.625],"rotation":0,"texture":"#0","tintindex":0},"south":{"uv":[1.125,1.875,0.0,2.625],"rotation":0,"texture":"#0","tintindex":0},"north":{"uv":[2.25,1.875,1.125,2.625],"rotation":0,"texture":"#0","tintindex":0},"west":{"uv":[5.0625,0.0,4.4375,0.75],"rotation":0,"texture":"#0","tintindex":0},"up":{"uv":[3.4375,0.75,2.3125,1.375],"rotation":0,"texture":"#0","tintindex":0},"down":{"uv":[3.4375,1.375,2.3125,0.75],"rotation":0,"texture":"#0","tintindex":0}}},{"from":[3.2904387,3.4711804,4.668851],"to":[14.147582,12.04261,6.9545655],"rotation":{"angle":-45.0,"axis":"y","origin":[17.67849,6.357181,11.340128]},"faces":{"east":{"uv":[1.8125,7.5,1.5625,8.4375],"rotation":0,"texture":"#0","tintindex":0},"south":{"uv":[1.1875,0.0,0.0,0.9375],"rotation":0,"texture":"#0","tintindex":0},"north":{"uv":[1.1875,0.9375,0.0,1.875],"rotation":0,"texture":"#0","tintindex":0},"west":{"uv":[1.0,7.625,0.75,8.5625],"rotation":0,"texture":"#0","tintindex":0},"up":{"uv":[7.75,2.6875,6.5625,2.9375],"rotation":0,"texture":"#0","tintindex":0},"down":{"uv":[7.8125,0.5625,6.625,0.3125],"rotation":0,"texture":"#0","tintindex":0}}},{"from":[6.3824387,5.048895,0.6751361],"to":[10.941297,10.464895,4.662565],"rotation":{"angle":-45.0,"axis":"y","origin":[17.392775,6.7857523,11.340128]},"faces":{"east":{"uv":[8.125,0.5625,7.6875,1.0625],"rotation":0,"texture":"#0","tintindex":0},"south":{"uv":[7.25,6.8125,6.75,7.3125],"rotation":0,"texture":"#0","tintindex":0},"north":{"uv":[4.625,6.875,4.125,7.375],"rotation":0,"texture":"#0","tintindex":0},"west":{"uv":[7.5625,7.6875,7.125,8.1875],"rotation":0,"texture":"#0","tintindex":0},"up":{"uv":[8.0625,7.6875,7.5625,8.125],"rotation":0,"texture":"#0","tintindex":0},"down":{"uv":[8.25,2.25,7.75,1.8125],"rotation":0,"texture":"#0","tintindex":0}}}],"display":{"head":{"translation":[0.0,-6.4,0.0],"scale":[4.0,4.0,4.0]}}}