{"textures":{"0":"modelengine:entity/tc_ancient_golem"},"elements":[{"from":[8.093392,1.6152959,7.3074627],"to":[15.521963,6.1867247,12.45032],"rotation":{"angle":22.5,"axis":"y","origin":[8.073357,3.9030867,12.543142]},"faces":{"east":{"uv":[6.625,0.5625,7.1875,1.0625],"rotation":0,"texture":"#0","tintindex":0},"south":{"uv":[5.125,1.1875,5.9375,1.6875],"rotation":0,"texture":"#0","tintindex":0},"north":{"uv":[5.875,0.0,5.0625,0.5],"rotation":0,"texture":"#0","tintindex":0},"west":{"uv":[1.0,6.625,1.5625,7.125],"rotation":0,"texture":"#0","tintindex":0},"up":{"uv":[4.9375,4.0625,4.125,3.5],"rotation":0,"texture":"#0","tintindex":0},"down":{"uv":[5.5625,4.0625,4.75,4.625],"rotation":0,"texture":"#0","tintindex":0}}},{"from":[7.859106,6.1810102,6.158891],"to":[15.870535,7.9067245,13.027463],"rotation":{"angle":22.5,"axis":"y","origin":[8.073357,3.9030867,12.543142]},"faces":{"east":{"uv":[8.6875,3.0,9.4375,3.1875],"rotation":0,"texture":"#0","tintindex":0},"south":{"uv":[3.375,8.625,4.25,8.8125],"rotation":0,"texture":"#0","tintindex":0},"north":{"uv":[8.5625,8.0625,9.4375,8.25],"rotation":0,"texture":"#0","tintindex":0},"west":{"uv":[8.6875,3.1875,9.4375,3.375],"rotation":0,"texture":"#0","tintindex":0},"up":{"uv":[4.25,2.125,3.375,1.375],"rotation":0,"texture":"#0","tintindex":0},"down":{"uv":[4.25,2.125,3.375,2.875],"rotation":0,"texture":"#0","tintindex":0}}},{"from":[-2.1461172,1.6210103,-6.6011095],"to":[5.2710247,6.1810102,-1.4696808],"rotation":{"angle":-22.5,"axis":"y","origin":[-28.331799,3.9030867,12.543142]},"faces":{"east":{"uv":[1.5625,6.625,1.0,7.125],"rotation":0,"texture":"#0","tintindex":0},"south":{"uv":[5.9375,1.1875,5.125,1.6875],"rotation":0,"texture":"#0","tintindex":0},"north":{"uv":[5.0625,0.0,5.875,0.5],"rotation":0,"texture":"#0","tintindex":0},"west":{"uv":[7.1875,0.5625,6.625,1.0625],"rotation":0,"texture":"#0","tintindex":0},"up":{"uv":[4.125,4.0625,4.9375,3.5],"rotation":0,"texture":"#0","tintindex":0},"down":{"uv":[4.75,4.0625,5.5625,4.625],"rotation":0,"texture":"#0","tintindex":0}}},{"from":[-2.4889746,6.1924386,-7.743967],"to":[5.4995966,7.895296,-0.8982525],"rotation":{"angle":-22.5,"axis":"y","origin":[-28.331799,3.9030867,12.543142]},"faces":{"east":{"uv":[9.4375,3.1875,8.6875,3.375],"rotation":0,"texture":"#0","tintindex":0},"south":{"uv":[4.25,8.625,3.375,8.8125],"rotation":0,"texture":"#0","tintindex":0},"north":{"uv":[9.4375,8.0625,8.5625,8.25],"rotation":0,"texture":"#0","tintindex":0},"west":{"uv":[9.4375,3.0,8.6875,3.1875],"rotation":0,"texture":"#0","tintindex":0},"up":{"uv":[3.375,2.125,4.25,1.375],"rotation":0,"texture":"#0","tintindex":0},"down":{"uv":[3.375,2.125,4.25,2.875],"rotation":0,"texture":"#0","tintindex":0}}},{"from":[7.859106,-0.10470486,6.73032],"to":[15.870535,1.6210103,13.598891],"rotation":{"angle":22.5,"axis":"y","origin":[8.073357,-2.3826275,13.114571]},"faces":{"east":{"uv":[8.6875,3.0,9.4375,3.1875],"rotation":0,"texture":"#0","tintindex":0},"south":{"uv":[3.375,8.625,4.25,8.8125],"rotation":0,"texture":"#0","tintindex":0},"north":{"uv":[8.5625,8.0625,9.4375,8.25],"rotation":0,"texture":"#0","tintindex":0},"west":{"uv":[8.6875,3.1875,9.4375,3.375],"rotation":0,"texture":"#0","tintindex":0},"up":{"uv":[4.25,2.125,3.375,1.375],"rotation":0,"texture":"#0","tintindex":0},"down":{"uv":[4.25,2.125,3.375,2.875],"rotation":0,"texture":"#0","tintindex":0}}},{"from":[-2.4889746,-0.093276024,-7.1725388],"to":[5.4995966,1.6095815,-0.32682323],"rotation":{"angle":-22.5,"axis":"y","origin":[-28.331799,-2.3826275,13.114571]},"faces":{"east":{"uv":[9.4375,3.1875,8.6875,3.375],"rotation":0,"texture":"#0","tintindex":0},"south":{"uv":[4.25,8.625,3.375,8.8125],"rotation":0,"texture":"#0","tintindex":0},"north":{"uv":[9.4375,8.0625,8.5625,8.25],"rotation":0,"texture":"#0","tintindex":0},"west":{"uv":[9.4375,3.0,8.6875,3.1875],"rotation":0,"texture":"#0","tintindex":0},"up":{"uv":[3.375,2.125,4.25,1.375],"rotation":0,"texture":"#0","tintindex":0},"down":{"uv":[3.375,2.125,4.25,2.875],"rotation":0,"texture":"#0","tintindex":0}}}],"display":{"head":{"translation":[0.0,-6.4,0.0],"scale":[4.0,4.0,4.0]}}}