{"textures":{"0":"modelengine:entity/tc_ancient_golem"},"elements":[{"from":[3.3628922,3.426495,4.478606],"to":[12.50575,7.426495,10.76432],"rotation":{"angle":0.0,"axis":"y","origin":[8.0,10.857143,11.428572]},"faces":{"east":{"uv":[3.375,2.875,4.0625,3.3125],"rotation":0,"texture":"#0","tintindex":0},"south":{"uv":[4.4375,0.75,5.4375,1.1875],"rotation":0,"texture":"#0","tintindex":0},"north":{"uv":[2.3125,1.375,3.3125,1.8125],"rotation":0,"texture":"#0","tintindex":0},"west":{"uv":[4.0625,2.875,3.375,3.3125],"rotation":0,"texture":"#0","tintindex":0},"up":{"uv":[3.375,3.3125,2.375,2.625],"rotation":0,"texture":"#0","tintindex":0},"down":{"uv":[3.375,2.625,2.375,3.3125],"rotation":0,"texture":"#0","tintindex":0}}},{"from":[3.3628922,-1.1449337,6.7643204],"to":[10.791464,3.426495,10.76432],"rotation":{"angle":0.0,"axis":"y","origin":[8.0,10.857143,12.0]},"faces":{"east":{"uv":[5.125,7.75,5.5625,8.25],"rotation":0,"texture":"#0","tintindex":0},"south":{"uv":[5.25,5.125,6.0625,5.625],"rotation":0,"texture":"#0","tintindex":0},"north":{"uv":[6.0625,4.625,5.25,5.125],"rotation":0,"texture":"#0","tintindex":0},"west":{"uv":[5.5625,7.75,6.0,8.25],"rotation":0,"texture":"#0","tintindex":0},"up":{"uv":[6.3125,6.0625,5.5,5.625],"rotation":0,"texture":"#0","tintindex":0},"down":{"uv":[1.9375,5.6875,1.125,6.125],"rotation":0,"texture":"#0","tintindex":0}}},{"from":[10.791464,-1.1449337,9.0500345],"to":[12.50575,3.426495,10.76432],"rotation":{"angle":0.0,"axis":"y","origin":[8.0,10.857143,12.0]},"faces":{"east":{"uv":[6.9375,9.25,7.125,9.75],"rotation":0,"texture":"#0","tintindex":0},"south":{"uv":[8.9375,9.25,9.125,9.75],"rotation":0,"texture":"#0","tintindex":0},"north":{"uv":[9.125,9.25,8.9375,9.75],"rotation":0,"texture":"#0","tintindex":0},"west":{"uv":[9.3125,0.3125,9.5,0.8125],"rotation":0,"texture":"#0","tintindex":0},"up":{"uv":[6.0625,0.5,5.875,0.3125],"rotation":0,"texture":"#0","tintindex":0},"down":{"uv":[6.25,5.4375,6.0625,5.625],"rotation":0,"texture":"#0","tintindex":0}}},{"from":[9.077178,1.1979232,9.564321],"to":[10.791464,3.4836373,11.278606],"rotation":{"angle":-45.0,"axis":"x","origin":[9.93432,1.7122092,12.478607]},"faces":{"east":{"uv":[7.4375,5.4375,7.625,5.6875],"rotation":0,"texture":"#0","tintindex":0},"south":{"uv":[7.8125,5.1875,8.0,5.4375],"rotation":0,"texture":"#0","tintindex":0},"north":{"uv":[5.9375,1.4375,6.125,1.6875],"rotation":0,"texture":"#0","tintindex":0},"west":{"uv":[8.0,6.3125,8.1875,6.5625],"rotation":0,"texture":"#0","tintindex":0},"up":{"uv":[7.3125,6.375,7.125,6.1875],"rotation":0,"texture":"#0","tintindex":0},"down":{"uv":[4.0625,9.6875,3.875,9.875],"rotation":0,"texture":"#0","tintindex":0}}},{"from":[9.648606,-5.2005186,7.3718987],"to":[11.93432,-2.9148045,11.943328],"rotation":{"angle":-45.0,"axis":"x","origin":[10.791464,-3.502077,8.192892]},"faces":{"east":{"uv":[7.25,2.375,7.75,2.625],"rotation":0,"texture":"#0","tintindex":0},"south":{"uv":[3.3125,9.4375,3.5625,9.6875],"rotation":0,"texture":"#0","tintindex":0},"north":{"uv":[6.6875,5.1875,6.9375,5.4375],"rotation":0,"texture":"#0","tintindex":0},"west":{"uv":[1.125,8.9375,1.625,9.1875],"rotation":0,"texture":"#0","tintindex":0},"up":{"uv":[1.0,4.4375,0.75,3.9375],"rotation":0,"texture":"#0","tintindex":0},"down":{"uv":[5.375,6.875,5.125,7.375],"rotation":0,"texture":"#0","tintindex":0}}},{"from":[9.591464,-5.3449345,4.4214635],"to":[11.991464,-2.944934,9.107178],"rotation":{"angle":22.5,"axis":"x","origin":[7.934321,-4.1449337,6.7643204]},"faces":{"east":{"uv":[8.9375,2.1875,9.4375,2.4375],"rotation":0,"texture":"#0","tintindex":0},"south":{"uv":[3.8125,9.4375,4.0625,9.6875],"rotation":0,"texture":"#0","tintindex":0},"north":{"uv":[3.5625,9.4375,3.8125,9.6875],"rotation":0,"texture":"#0","tintindex":0},"west":{"uv":[8.9375,2.4375,9.4375,2.6875],"rotation":0,"texture":"#0","tintindex":0},"up":{"uv":[9.1875,5.5625,8.9375,5.0625],"rotation":0,"texture":"#0","tintindex":0},"down":{"uv":[9.1875,5.5625,8.9375,6.0625],"rotation":0,"texture":"#0","tintindex":0}}},{"from":[9.077178,3.426495,11.792892],"to":[10.791464,5.7122087,13.507177],"rotation":{"angle":-45.0,"axis":"x","origin":[9.93432,1.7122092,12.478607]},"faces":{"east":{"uv":[1.0,9.625,1.1875,9.875],"rotation":0,"texture":"#0","tintindex":0},"south":{"uv":[1.1875,9.625,1.375,9.875],"rotation":0,"texture":"#0","tintindex":0},"north":{"uv":[1.625,8.4375,1.8125,8.6875],"rotation":0,"texture":"#0","tintindex":0},"west":{"uv":[4.875,9.625,5.0625,9.875],"rotation":0,"texture":"#0","tintindex":0},"up":{"uv":[5.25,9.875,5.0625,9.6875],"rotation":0,"texture":"#0","tintindex":0},"down":{"uv":[9.875,5.0625,9.6875,5.25],"rotation":0,"texture":"#0","tintindex":0}}},{"from":[9.071464,0.49213648,10.25952],"to":[10.797178,3.6464224,11.985234],"rotation":{"angle":0.0,"axis":"y","origin":[7.934321,3.126423,10.579519]},"faces":{"east":{"uv":[6.9375,5.6875,7.125,6.0625],"rotation":0,"texture":"#0","tintindex":0},"south":{"uv":[2.1875,9.3125,2.375,9.6875],"rotation":0,"texture":"#0","tintindex":0},"north":{"uv":[0.8125,6.6875,1.0,7.0625],"rotation":0,"texture":"#0","tintindex":0},"west":{"uv":[2.375,9.3125,2.5625,9.6875],"rotation":0,"texture":"#0","tintindex":0},"up":{"uv":[5.4375,9.875,5.25,9.6875],"rotation":0,"texture":"#0","tintindex":0},"down":{"uv":[9.875,5.25,9.6875,5.4375],"rotation":0,"texture":"#0","tintindex":0}}},{"from":[5.077178,1.1979232,9.564321],"to":[6.791464,3.4836373,11.278606],"rotation":{"angle":-45.0,"axis":"x","origin":[5.9343204,1.7122092,12.478607]},"faces":{"east":{"uv":[7.4375,5.4375,7.625,5.6875],"rotation":0,"texture":"#0","tintindex":0},"south":{"uv":[7.8125,5.1875,8.0,5.4375],"rotation":0,"texture":"#0","tintindex":0},"north":{"uv":[5.9375,1.4375,6.125,1.6875],"rotation":0,"texture":"#0","tintindex":0},"west":{"uv":[8.0,6.3125,8.1875,6.5625],"rotation":0,"texture":"#0","tintindex":0},"up":{"uv":[7.3125,6.375,7.125,6.1875],"rotation":0,"texture":"#0","tintindex":0},"down":{"uv":[4.0625,9.6875,3.875,9.875],"rotation":0,"texture":"#0","tintindex":0}}},{"from":[5.0714636,0.49213648,10.25952],"to":[6.797178,3.6464224,11.985234],"rotation":{"angle":0.0,"axis":"y","origin":[3.9343204,3.126423,10.579519]},"faces":{"east":{"uv":[6.9375,5.6875,7.125,6.0625],"rotation":0,"texture":"#0","tintindex":0},"south":{"uv":[2.1875,9.3125,2.375,9.6875],"rotation":0,"texture":"#0","tintindex":0},"north":{"uv":[0.8125,6.6875,1.0,7.0625],"rotation":0,"texture":"#0","tintindex":0},"west":{"uv":[2.375,9.3125,2.5625,9.6875],"rotation":0,"texture":"#0","tintindex":0},"up":{"uv":[5.4375,9.875,5.25,9.6875],"rotation":0,"texture":"#0","tintindex":0},"down":{"uv":[9.875,5.25,9.6875,5.4375],"rotation":0,"texture":"#0","tintindex":0}}},{"from":[5.077178,3.426495,11.792892],"to":[6.791464,5.7122087,13.507177],"rotation":{"angle":-45.0,"axis":"x","origin":[5.9343204,1.7122092,12.478607]},"faces":{"east":{"uv":[1.0,9.625,1.1875,9.875],"rotation":0,"texture":"#0","tintindex":0},"south":{"uv":[1.1875,9.625,1.375,9.875],"rotation":0,"texture":"#0","tintindex":0},"north":{"uv":[1.625,8.4375,1.8125,8.6875],"rotation":0,"texture":"#0","tintindex":0},"west":{"uv":[4.875,9.625,5.0625,9.875],"rotation":0,"texture":"#0","tintindex":0},"up":{"uv":[5.25,9.875,5.0625,9.6875],"rotation":0,"texture":"#0","tintindex":0},"down":{"uv":[9.875,5.0625,9.6875,5.25],"rotation":0,"texture":"#0","tintindex":0}}},{"from":[6.7343206,-5.3449345,4.4214635],"to":[9.134321,-2.944934,9.107178],"rotation":{"angle":22.5,"axis":"x","origin":[7.934321,-4.1449337,6.7643204]},"faces":{"east":{"uv":[8.9375,2.1875,9.4375,2.4375],"rotation":0,"texture":"#0","tintindex":0},"south":{"uv":[3.8125,9.4375,4.0625,9.6875],"rotation":0,"texture":"#0","tintindex":0},"north":{"uv":[3.5625,9.4375,3.8125,9.6875],"rotation":0,"texture":"#0","tintindex":0},"west":{"uv":[8.9375,2.4375,9.4375,2.6875],"rotation":0,"texture":"#0","tintindex":0},"up":{"uv":[9.1875,5.5625,8.9375,5.0625],"rotation":0,"texture":"#0","tintindex":0},"down":{"uv":[9.1875,5.5625,8.9375,6.0625],"rotation":0,