{"textures":{"0":"modelengine:entity/tc_ancient_golem"},"elements":[{"from":[8.010764,-3.1250124,3.6590853],"to":[13.72505,1.4464159,7.087657],"rotation":{"angle":-22.5,"axis":"x","origin":[10.89315,2.6346073,5.2043457]},"faces":{"east":{"uv":[5.125,8.25,5.5,8.75],"rotation":0,"texture":"#0","tintindex":0},"south":{"uv":[6.0625,3.4375,6.6875,3.9375],"rotation":0,"texture":"#0","tintindex":0},"north":{"uv":[6.0625,2.9375,6.6875,3.4375],"rotation":0,"texture":"#0","tintindex":0},"west":{"uv":[5.5,8.25,5.125,8.75],"rotation":0,"texture":"#0","tintindex":0},"up":{"uv":[7.6875,1.4375,7.0625,1.0625],"rotation":0,"texture":"#0","tintindex":0},"down":{"uv":[7.75,7.3125,7.125,7.6875],"rotation":0,"texture":"#0","tintindex":0}}},{"from":[8.016479,0.92156696,4.232749],"to":[13.719336,3.767281,7.6498914],"rotation":{"angle":0.0,"axis":"y","origin":[10.89315,2.6346073,5.2043457]},"faces":{"east":{"uv":[4.4375,8.75,4.8125,9.125],"rotation":0,"texture":"#0","tintindex":0},"south":{"uv":[4.125,7.375,4.75,7.75],"rotation":0,"texture":"#0","tintindex":0},"north":{"uv":[7.375,1.4375,8.0,1.8125],"rotation":0,"texture":"#0","tintindex":0},"west":{"uv":[4.8125,8.75,4.4375,9.125],"rotation":0,"texture":"#0","tintindex":0},"up":{"uv":[5.375,7.75,4.75,7.375],"rotation":0,"texture":"#0","tintindex":0},"down":{"uv":[6.0,7.375,5.375,7.75],"rotation":0,"texture":"#0","tintindex":0}}},{"from":[8.010764,3.31242,3.8541565],"to":[13.72505,7.883848,7.282728],"rotation":{"angle":22.5,"axis":"x","origin":[10.89315,2.6346073,5.2043457]},"faces":{"east":{"uv":[5.875,8.25,6.25,8.75],"rotation":0,"texture":"#0","tintindex":0},"south":{"uv":[6.0625,4.4375,6.6875,4.9375],"rotation":0,"texture":"#0","tintindex":0},"north":{"uv":[6.0625,3.9375,6.6875,4.4375],"rotation":0,"texture":"#0","tintindex":0},"west":{"uv":[6.25,8.25,5.875,8.75],"rotation":0,"texture":"#0","tintindex":0},"up":{"uv":[6.625,7.75,6.0,7.375],"rotation":0,"texture":"#0","tintindex":0},"down":{"uv":[8.0,6.1875,7.375,6.5625],"rotation":0,"texture":"#0","tintindex":0}}},{"from":[8.867907,3.4267054,2.6541567],"to":[12.867907,7.998134,3.7970133],"rotation":{"angle":22.5,"axis":"x","origin":[12.321722,2.6346073,5.2043457]},"faces":{"east":{"uv":[1.0,3.25,1.125,3.75],"rotation":0,"texture":"#0","tintindex":0},"south":{"uv":[1.8125,7.8125,2.25,8.3125],"rotation":0,"texture":"#0","tintindex":0},"north":{"uv":[7.8125,0.0,8.25,0.5],"rotation":0,"texture":"#0","tintindex":0},"west":{"uv":[0.625,4.6875,0.75,5.1875],"rotation":0,"texture":"#0","tintindex":0},"up":{"uv":[10.0625,2.4375,9.625,2.3125],"rotation":0,"texture":"#0","tintindex":0},"down":{"uv":[10.0625,2.4375,9.625,2.5625],"rotation":0,"texture":"#0","tintindex":0}}},{"from":[8.873621,0.435853,3.1470342],"to":[12.862192,4.424424,4.2784624],"rotation":{"angle":0.0,"axis":"y","origin":[12.321722,2.6346073,5.2043457]},"faces":{"east":{"uv":[0.375,6.25,0.5,6.6875],"rotation":0,"texture":"#0","tintindex":0},"south":{"uv":[8.0625,4.25,8.5,4.6875],"rotation":0,"texture":"#0","tintindex":0},"north":{"uv":[8.0625,3.8125,8.5,4.25],"rotation":0,"texture":"#0","tintindex":0},"west":{"uv":[6.625,6.875,6.75,7.3125],"rotation":0,"texture":"#0","tintindex":0},"up":{"uv":[10.0625,4.0625,9.625,3.9375],"rotation":0,"texture":"#0","tintindex":0},"down":{"uv":[10.0625,4.0625,9.625,4.1875],"rotation":0,"texture":"#0","tintindex":0}}},{"from":[8.867907,-3.1821556,2.4590855],"to":[12.867907,1.3892732,3.6019425],"rotation":{"angle":-22.5,"axis":"x","origin":[12.321722,2.6346073,5.2043457]},"faces":{"east":{"uv":[0.5,5.4375,0.625,5.9375],"rotation":0,"texture":"#0","tintindex":0},"south":{"uv":[2.6875,7.8125,3.125,8.3125],"rotation":0,"texture":"#0","tintindex":0},"north":{"uv":[2.25,7.8125,2.6875,8.3125],"rotation":0,"texture":"#0","tintindex":0},"west":{"uv":[4.0625,9.4375,4.1875,9.9375],"rotation":0,"texture":"#0","tintindex":0},"up":{"uv":[4.875,9.75,4.4375,9.625],"rotation":0,"texture":"#0","tintindex":0},"down":{"uv":[10.0625,9.4375,9.625,9.5625],"rotation":0,"texture":"#0","tintindex":0}}}],"display":{"head":{"translation":[0.0,-6.4,0.0],"scale":[4.0,4.0,4.0]}}}