{"textures":{"0":"modelengine:entity/tc_ancient_golem"},"elements":[{"from":[8.70251,0.57521343,2.313922],"to":[11.788224,1.346642,6.942494],"rotation":{"angle":22.5,"axis":"z","origin":[8.013223,2.3584342,4.628208]},"faces":{"east":{"uv":[6.5625,1.0625,7.0625,1.125],"rotation":0,"texture":"#0","tintindex":0},"south":{"uv":[2.5,7.375,2.8125,7.4375],"rotation":0,"texture":"#0","tintindex":0},"north":{"uv":[7.375,1.8125,7.6875,1.875],"rotation":0,"texture":"#0","tintindex":0},"west":{"uv":[6.75,1.875,7.25,1.9375],"rotation":0,"texture":"#0","tintindex":0},"up":{"uv":[2.25,7.3125,1.9375,6.8125],"rotation":0,"texture":"#0","tintindex":0},"down":{"uv":[3.125,8.3125,2.8125,8.8125],"rotation":0,"texture":"#0","tintindex":0}}},{"from":[5.1498876,-5.8606806,5.5433383],"to":[10.864174,-2.4321089,10.114767],"rotation":{"angle":-22.5,"axis":"x","origin":[7.9962664,-4.412612,4.5819077]},"faces":{"east":{"uv":[2.8125,8.3125,2.3125,8.6875],"rotation":0,"texture":"#0","tintindex":0},"south":{"uv":[2.5625,7.4375,3.1875,7.8125],"rotation":0,"texture":"#0","tintindex":0},"north":{"uv":[1.9375,7.4375,2.5625,7.8125],"rotation":0,"texture":"#0","tintindex":0},"west":{"uv":[2.3125,8.3125,2.8125,8.6875],"rotation":0,"texture":"#0","tintindex":0},"up":{"uv":[6.6875,5.4375,6.0625,4.9375],"rotation":0,"texture":"#0","tintindex":0},"down":{"uv":[6.125,6.0625,5.5,6.5625],"rotation":0,"texture":"#0","tintindex":0}}},{"from":[6.888438,1.7432132,2.7034936],"to":[9.19501,4.0497847,6.5529222],"rotation":{"angle":0.0,"axis":"y","origin":[8.013223,2.3584342,4.628208]},"faces":{"east":{"uv":[3.375,9.1875,3.8125,9.4375],"rotation":0,"texture":"#0","tintindex":0},"south":{"uv":[1.8125,9.5625,1.5625,9.8125],"rotation":0,"texture":"#0","tintindex":0},"north":{"uv":[1.5625,9.5625,1.8125,9.8125],"rotation":0,"texture":"#0","tintindex":0},"west":{"uv":[3.8125,9.1875,4.25,9.4375],"rotation":0,"texture":"#0","tintindex":0},"up":{"uv":[9.4375,5.5,9.1875,5.0625],"rotation":0,"texture":"#0","tintindex":0},"down":{"uv":[9.4375,5.5,9.1875,5.9375],"rotation":0,"texture":"#0","tintindex":0}}},{"from":[6.695581,0.9717846,2.317779],"to":[9.387867,1.7354984,6.938637],"rotation":{"angle":0.0,"axis":"y","origin":[8.013223,2.3584342,4.628208]},"faces":{"east":{"uv":[7.25,2.625,7.75,2.6875],"rotation":0,"texture":"#0","tintindex":0},"south":{"uv":[7.8125,0.5,8.125,0.5625],"rotation":0,"texture":"#0","tintindex":0},"north":{"uv":[3.5,7.375,3.8125,7.4375],"rotation":0,"texture":"#0","tintindex":0},"west":{"uv":[9.75,0.375,10.25,0.4375],"rotation":0,"texture":"#0","tintindex":0},"up":{"uv":[7.625,9.125,7.3125,8.625],"rotation":0,"texture":"#0","tintindex":0},"down":{"uv":[7.9375,8.625,7.625,9.125],"rotation":0,"texture":"#0","tintindex":0}}},{"from":[8.625367,1.3852134,2.6996365],"to":[11.7110815,3.6994991,6.5567794],"rotation":{"angle":22.5,"axis":"z","origin":[8.013223,2.3584342,4.628208]},"faces":{"east":{"uv":[9.1875,1.0,9.625,1.25],"rotation":0,"texture":"#0","tintindex":0},"south":{"uv":[1.875,9.3125,1.5625,9.5625],"rotation":0,"texture":"#0","tintindex":0},"north":{"uv":[1.5625,9.3125,1.875,9.5625],"rotation":0,"texture":"#0","tintindex":0},"west":{"uv":[1.125,9.1875,1.5625,9.4375],"rotation":0,"texture":"#0","tintindex":0},"up":{"uv":[6.25,9.1875,5.9375,8.75],"rotation":0,"texture":"#0","tintindex":0},"down":{"uv":[3.125,8.8125,2.8125,9.25],"rotation":0,"texture":"#0","tintindex":0}}},{"from":[5.155602,-5.32405,2.9168262],"to":[10.858459,-1.906908,6.333969],"rotation":{"angle":0.0,"axis":"y","origin":[7.9962664,-4.412612,4.5819077]},"faces":{"east":{"uv":[5.9375,8.75,5.5625,9.125],"rotation":0,"texture":"#0","tintindex":0},"south":{"uv":[3.1875,7.4375,3.8125,7.8125],"rotation":0,"texture":"#0","tintindex":0},"north":{"uv":[7.4375,2.9375,8.0625,3.3125],"rotation":0,"texture":"#0","tintindex":0},"west":{"uv":[5.5625,8.75,5.9375,9.125],"rotation":0,"texture":"#0","tintindex":0},"up":{"uv":[8.0625,3.6875,7.4375,3.3125],"rotation":0,"texture":"#0","tintindex":0},"down":{"uv":[8.0625,3.6875,7.4375,4.0625],"rotation":0,"texture":"#0","tintindex":0}}},{"from":[5.1498876,-5.8544207,-0.89640236],"to":[10.864174,-2.425849,3.6750264],"rotation":{"angle":22.5,"axis":"x","origin":[7.9962664,-4.412612,4.5819077]},"faces":{"east":{"uv":[8.875,4.6875,8.375,5.0625],"rotation":0,"texture":"#0","tintindex":0},"south":{"uv":[7.4375,4.4375,8.0625,4.8125],"rotation":0,"texture":"#0","tintindex":0},"north":{"uv":[2.5625,7.4375,3.1875,7.8125],"rotation":0,"texture":"#0","tintindex":0},"west":{"uv":[8.375,4.6875,8.875,5.0625],"rotation":0,"texture":"#0","tintindex":0},"up":{"uv":[1.625,6.625,1.0,6.125],"rotation":0,"texture":"#0","tintindex":0},"down":{"uv":[6.75,1.4375,6.125,1.9375],"rotation":0,"texture":"#0","tintindex":0}}},{"from":[5.12836,-6.946396,5.6290526],"to":[7.414074,-5.8035383,10.200481],"rotation":{"angle":-22.5,"axis":"x","origin":[7.9962664,-4.2983265,4.610479]},"faces":{"east":{"uv":[10.0,0.75,9.5,0.875],"rotation":0,"texture":"#0","tintindex":0},"south":{"uv":[8.4375,7.4375,8.1875,7.5625],"rotation":0,"texture":"#0","tintindex":0},"north":{"uv":[8.3125,4.6875,8.0625,4.8125],"rotation":0,"texture":"#0","tintindex":0},"west":{"uv":[10.0,0.625,9.5,0.75],"rotation":0,"texture":"#0","tintindex":0},"up":{"uv":[9.125,1.9375,9.375,1.4375],"rotation":0,"texture":"#0","tintindex":0},"down":{"uv":[4.4375,9.125,4.6875,9.625],"rotation":0,"texture":"#0","tintindex":0}}},{"from":[5.134074,-6.352621,2.573969],"to":[7.4083595,-5.2211933,6.5625405],"rotation":{"angle":0.0,"axis":"y","origin":[7.9962664,-4.2983265,4.610479]},"faces":{"east":{"uv":[0.875,9.6875,0.4375,9.8125],"rotation":0,"texture":"#0","tintindex":0},"south":{"uv":[8.0,7.5625,7.75,7.6875],"rotation":0,"texture":"#0","tintindex":0},"north":{"uv":[7.875,6.0625,7.625,6.1875],"rotation":0,"texture":"#0","tintindex":0},"west":{"uv":[10.0625,9.5625,9.625,9.6875],"rotation":0,"texture":"#0","tintindex":0},"up":{"uv":[0.25,9.625,0.5,9.1875],"rotation":0,"texture":"#0","tintindex":0},"down":{"uv":[0.5,9.1875,0.75,9.625],"rotation":0,"texture":"#0","tintindex":0}}},{"from":[5.12836,-6.968706,-1.039259],"to":[7.414074,-5.8258486,3.5321693],"rotation":{"angle":22.5,"axis":"x","origin":[7.9962664,-4.2983265,4.610479]},"faces":{"east":{"uv":[10.0,0.5,9.5,0.625],"rotation":0,"texture":"#0","tintindex":0},"south":{"uv":[2.1875,7.3125,1.9375,7.4375],"rotation":0,"texture":"#0","tintindex":0},"north":{"uv":[5.25,5.5,5.0,5.625],"rotation":0,"texture":"#0","tintindex":0},"west":{"uv":[9.9375,6.0625,9.4375,6.1875],"rotation":0,"texture":"#0","tintindex":0},"up":{"uv":[8.4375,9.5625,8.6875,9.0625],"rotation":0,"texture":"#0","tintindex":0},"down":{"uv":[8.6875,9.0625,8.9375,9.5625],"rotation":0,"texture":"#0","tintindex":0}}},{"from":[8.578459,-6.968706,-1.039259],"to":[10.864174,-5.8258486,3.5321693],"rotation":{"angle":22.5,"axis":"x","origin":[7.9962664,-4.2983265,4.610479]},"faces":{"east":{"uv":[9.4375,6.0625,9.9375,6.1875],"rotation":0,"texture":"#0","tintindex":0},"south":{"uv":[1.9375,7.3125,2.1875,7.4375],"rotation":0,"texture":"#0","tintindex":0},"north":{"uv":[5.0,5.5,5.25,5.625],"rotation":0,"texture":"#0","tintindex":0},"west":{"uv":[9.5,0.5,10.0,0.625],"rotation":0,"texture":"#0","tintindex":0},"up":{"uv":[8.6875,9.5625,8.4375,9.0625],"rotation":0,"texture":"#0","tintindex":0},"down":{"uv":[8.9375,9.0625,8.6875,9.5625],"rotation":0,"texture":"#0","tintindex":0}}},{"from":[8.584173,-6.352621,2.573969],"to":[10.858459,-5.2211933,6.5625405],"rotation":{"angle":0.0,"axis":"y","origin":[7.9962664,-4.2983265,4.610479]},"faces":{"east":{"uv":[9.625,9.5625,10.0625,9.6875],"rotation":0,"texture":"#0","tintindex":0},"south":{"uv":[7.75,7.5625,8.0,7.6875],"rotation":0,"texture":"#0","tintindex":0},"north":{"uv":[7.625,6.0625,7.875,6.1875],"rotation":0,"texture":"#0","tintindex":0},"west":{"uv":[0.4375,9.6875,0.875,9.8125],"rotation":0,"texture":"#0","tintindex":0},"up":{"uv":[0.5,9.625,0.25,9.1875],"rotation":0,"texture":"#0","tintindex":0},"down":{"uv":[0.75,9.1875,0.5,9.625],