{"textures":{"0":"modelengine:entity/tc_ancient_golem"},"elements":[{"from":[3.4228568,8.250487,4.099853],"to":[12.577143,11.119059,9.825567],"rotation":{"angle":0.0,"axis":"y","origin":[8.198502,8.82763,8.331692]},"faces":{"east":{"uv":[1.75,3.75,2.375,4.0625],"rotation":0,"texture":"#0","tintindex":0},"south":{"uv":[6.125,6.0625,7.125,6.375],"rotation":0,"texture":"#0","tintindex":0},"north":{"uv":[6.125,1.9375,7.125,2.25],"rotation":0,"texture":"#0","tintindex":0},"west":{"uv":[7.0,0.0,7.625,0.3125],"rotation":0,"texture":"#0","tintindex":0},"up":{"uv":[4.4375,0.625,3.4375,0.0],"rotation":0,"texture":"#0","tintindex":0},"down":{"uv":[4.4375,0.625,3.4375,1.25],"rotation":0,"texture":"#0","tintindex":0}}},{"from":[11.878302,5.3990583,8.715956],"to":[14.164017,11.113344,16.715956],"rotation":{"angle":45.0,"axis":"y","origin":[7.801499,8.82763,8.331692]},"faces":{"east":{"uv":[4.125,2.875,5.0,3.5],"rotation":0,"texture":"#0","tintindex":0},"south":{"uv":[1.875,8.6875,2.125,9.3125],"rotation":0,"texture":"#0","tintindex":0},"north":{"uv":[1.625,8.6875,1.875,9.3125],"rotation":0,"texture":"#0","tintindex":0},"west":{"uv":[4.25,1.25,5.125,1.875],"rotation":0,"texture":"#0","tintindex":0},"up":{"uv":[1.25,8.5,1.0,7.625],"rotation":0,"texture":"#0","tintindex":0},"down":{"uv":[3.375,7.8125,3.125,8.6875],"rotation":0,"texture":"#0","tintindex":0}}},{"from":[10.862858,5.4047728,4.111282],"to":[12.565714,8.250487,9.814139],"rotation":{"angle":0.0,"axis":"y","origin":[7.801499,8.82763,8.331692]},"faces":{"east":{"uv":[8.0625,2.75,8.6875,3.0625],"rotation":0,"texture":"#0","tintindex":0},"south":{"uv":[8.1875,9.5625,8.375,9.875],"rotation":0,"texture":"#0","tintindex":0},"north":{"uv":[7.125,9.5625,7.3125,9.875],"rotation":0,"texture":"#0","tintindex":0},"west":{"uv":[8.0625,3.0625,8.6875,3.375],"rotation":0,"texture":"#0","tintindex":0},"up":{"uv":[9.3125,7.875,9.125,7.25],"rotation":0,"texture":"#0","tintindex":0},"down":{"uv":[7.5,9.125,7.3125,9.75],"rotation":0,"texture":"#0","tintindex":0}}},{"from":[9.611428,5.2104874,4.116996],"to":[11.874286,9.759059,9.808425],"rotation":{"angle":45.0,"axis":"z","origin":[10.0,6.82763,6.9627104]},"faces":{"east":{"uv":[3.5,6.125,4.125,6.625],"rotation":0,"texture":"#0","tintindex":0},"south":{"uv":[4.9375,9.125,5.1875,9.625],"rotation":0,"texture":"#0","tintindex":0},"north":{"uv":[4.6875,9.125,4.9375,9.625],"rotation":0,"texture":"#0","tintindex":0},"west":{"uv":[1.625,6.3125,2.25,6.8125],"rotation":0,"texture":"#0","tintindex":0},"up":{"uv":[2.375,9.3125,2.125,8.6875],"rotation":0,"texture":"#0","tintindex":0},"down":{"uv":[8.9375,2.1875,8.6875,2.8125],"rotation":0,"texture":"#0","tintindex":0}}},{"from":[9.592587,5.3990583,11.00167],"to":[11.878302,11.113344,16.715956],"rotation":{"angle":45.0,"axis":"y","origin":[7.801499,8.82763,8.331692]},"faces":{"east":{"uv":[2.875,5.5,3.5,6.125],"rotation":0,"texture":"#0","tintindex":0},"south":{"uv":[3.125,8.6875,3.375,9.3125],"rotation":0,"texture":"#0","tintindex":0},"north":{"uv":[2.375,8.6875,2.625,9.3125],"rotation":0,"texture":"#0","tintindex":0},"west":{"uv":[3.5,5.5,4.125,6.125],"rotation":0,"texture":"#0","tintindex":0},"up":{"uv":[8.9375,6.875,8.6875,6.25],"rotation":0,"texture":"#0","tintindex":0},"down":{"uv":[8.1875,8.6875,7.9375,9.3125],"rotation":0,"texture":"#0","tintindex":0}}},{"from":[4.121698,5.3990583,11.00167],"to":[6.407412,11.113344,16.715956],"rotation":{"angle":-45.0,"axis":"y","origin":[8.198502,8.82763,8.331692]},"faces":{"east":{"uv":[4.125,5.5,3.5,6.125],"rotation":0,"texture":"#0","tintindex":0},"south":{"uv":[3.375,8.6875,3.125,9.3125],"rotation":0,"texture":"#0","tintindex":0},"north":{"uv":[2.625,8.6875,2.375,9.3125],"rotation":0,"texture":"#0","tintindex":0},"west":{"uv":[3.5,5.5,2.875,6.125],"rotation":0,"texture":"#0","tintindex":0},"up":{"uv":[8.6875,6.875,8.9375,6.25],"rotation":0,"texture":"#0","tintindex":0},"down":{"uv":[7.9375,8.6875,8.1875,9.3125],"rotation":0,"texture":"#0","tintindex":0}}},{"from":[1.8359838,5.3990583,8.715956],"to":[4.121698,11.113344,16.715956],"rotation":{"angle":-45.0,"axis":"y","origin":[8.198502,8.82763,8.331692]},"faces":{"east":{"uv":[5.125,1.25,4.25,1.875],"rotation":0,"texture":"#0","tintindex":0},"south":{"uv":[2.125,8.6875,1.875,9.3125],"rotation":0,"texture":"#0","tintindex":0},"north":{"uv":[1.875,8.6875,1.625,9.3125],"rotation":0,"texture":"#0","tintindex":0},"west":{"uv":[5.0,2.875,4.125,3.5],"rotation":0,"texture":"#0","tintindex":0},"up":{"uv":[1.0,8.5,1.25,7.625],"rotation":0,"texture":"#0","tintindex":0},"down":{"uv":[3.125,7.8125,3.375,8.6875],"rotation":0,"texture":"#0","tintindex":0}}},{"from":[4.1257143,5.2104874,4.116996],"to":[6.3885713,9.759059,9.808425],"rotation":{"angle":-45.0,"axis":"z","origin":[6.0,6.82763,6.9627104]},"faces":{"east":{"uv":[2.25,6.3125,1.625,6.8125],"rotation":0,"texture":"#0","tintindex":0},"south":{"uv":[5.1875,9.125,4.9375,9.625],"rotation":0,"texture":"#0","tintindex":0},"north":{"uv":[4.9375,9.125,4.6875,9.625],"rotation":0,"texture":"#0","tintindex":0},"west":{"uv":[4.125,6.125,3.5,6.625],"rotation":0,"texture":"#0","tintindex":0},"up":{"uv":[2.125,9.3125,2.375,8.6875],"rotation":0,"texture":"#0","tintindex":0},"down":{"uv":[8.6875,2.1875,8.9375,2.8125],"rotation":0,"texture":"#0","tintindex":0}}},{"from":[3.4342856,5.4047728,4.111282],"to":[5.1371427,8.250487,9.814139],"rotation":{"angle":0.0,"axis":"y","origin":[8.198502,8.82763,8.331692]},"faces":{"east":{"uv":[8.6875,3.0625,8.0625,3.375],"rotation":0,"texture":"#0","tintindex":0},"south":{"uv":[8.375,9.5625,8.1875,9.875],"rotation":0,"texture":"#0","tintindex":0},"north":{"uv":[7.3125,9.5625,7.125,9.875],"rotation":0,"texture":"#0","tintindex":0},"west":{"uv":[8.6875,2.75,8.0625,3.0625],"rotation":0,"texture":"#0","tintindex":0},"up":{"uv":[9.125,7.875,9.3125,7.25],"rotation":0,"texture":"#0","tintindex":0},"down":{"uv":[7.3125,9.125,7.5,9.75],"rotation":0,"texture":"#0","tintindex":0}}}],"display":{"head":{"translation":[0.0,-6.4,0.0],"scale":[4.0,4.0,4.0]}}}