{"textures":{"1":"modelengine:entity/shadow_sorcerer_body"},"elements":[{"from":[8.0,-5.714287,3.4285712],"to":[13.714286,13.714286,12.571428],"rotation":{"angle":0.0,"axis":"y","origin":[9.714286,13.142858,7.428571]},"faces":{"south":{"uv":[8.75,11.75,10.0,16.0],"rotation":0,"texture":"#1","tintindex":0},"north":{"uv":[5.75,11.75,7.0,16.0],"rotation":0,"texture":"#1","tintindex":0},"west":{"uv":[6.875,11.75,8.875,16.0],"rotation":0,"texture":"#1","tintindex":0}}},{"from":[8.057143,-5.714287,3.4285712],"to":[8.057143,13.714286,12.571428],"rotation":{"angle":0.0,"axis":"y","origin":[9.714286,6.857143,7.428571]},"faces":{"east":{"uv":[8.875,11.75,6.875,16.0],"rotation":0,"texture":"#1","tintindex":0}}},{"from":[8.0,-5.714287,12.514286],"to":[13.714286,13.714286,12.514286],"rotation":{"angle":0.0,"axis":"y","origin":[9.714286,10.285714,7.428571]},"faces":{"north":{"uv":[10.0,11.75,8.75,16.0],"rotation":0,"texture":"#1","tintindex":0}}}],"display":{"head":{"translation":[0.0,-6.4,0.0],"scale":[4.0,4.0,4.0]}}}