{"textures":{"1":"modelengine:entity/shadow_sorcerer_body"},"elements":[{"from":[1.1428566,-14.857143,2.2857141],"to":[9.142858,8.0,13.714286],"rotation":{"angle":0.0,"axis":"y","origin":[9.142858,6.857143,7.428571]},"faces":{"east":{"uv":[1.625,11.0,4.125,16.0],"rotation":0,"texture":"#1","tintindex":0},"south":{"uv":[4.0,11.0,5.75,16.0],"rotation":0,"texture":"#1","tintindex":0},"north":{"uv":[1.75,11.0,0.0,16.0],"rotation":0,"texture":"#1","tintindex":0},"up":{"uv":[11.75,13.5,10.0,16.0],"rotation":180,"texture":"#1","tintindex":0}}},{"from":[1.1428566,7.714286,2.2857141],"to":[9.142858,7.714286,13.714286],"rotation":{"angle":0.0,"axis":"y","origin":[9.142858,6.857143,7.428571]},"faces":{"north":{"uv":[1.75,11.0,0.0,16.0],"rotation":0,"texture":"#1","tintindex":0},"up":{"uv":[11.75,13.5,10.0,16.0],"rotation":180,"texture":"#1","tintindex":0},"down":{"uv":[10.0,13.5,11.75,16.0],"rotation":0,"texture":"#1","tintindex":0}}},{"from":[1.1428566,-14.857143,13.142858],"to":[9.142858,8.0,13.142858],"rotation":{"angle":0.0,"axis":"y","origin":[9.142858,6.857143,7.428571]},"faces":{"east":{"uv":[1.625,11.0,4.125,16.0],"rotation":0,"texture":"#1","tintindex":0},"south":{"uv":[4.0,11.0,5.75,16.0],"rotation":0,"texture":"#1","tintindex":0},"north":{"uv":[5.75,11.0,4.0,16.0],"rotation":0,"texture":"#1","tintindex":0},"up":{"uv":[11.75,13.5,10.0,16.0],"rotation":180,"texture":"#1","tintindex":0}}},{"from":[8.571428,-14.857143,2.2857141],"to":[8.571428,8.0,13.714286],"rotation":{"angle":0.0,"axis":"y","origin":[9.142858,6.857143,7.428571]},"faces":{"west":{"uv":[4.125,11.0,1.625,16.0],"rotation":0,"texture":"#1","tintindex":0}}}],"display":{"head":{"translation":[0.0,-6.4,0.0],"scale":[4.0,4.0,4.0]}}}