{"textures":{"0":"modelengine:entity/shadow_sorcerer_shadows"},"elements":[{"from":[7.7085714,12.104221,2.1129208],"to":[8.291429,13.829937,3.8386354],"rotation":{"angle":45.0,"axis":"x","origin":[7.714286,8.0,7.9428573]},"faces":{"east":{"uv":[15.50625,4.875,15.75625,5.125],"rotation":90,"texture":"#0","tintindex":0},"south":{"uv":[15.50625,4.875,15.63125,5.25],"rotation":0,"texture":"#0","tintindex":0},"north":{"uv":[15.50625,4.875,15.63125,5.25],"rotation":0,"texture":"#0","tintindex":0},"west":{"uv":[15.50625,4.875,15.75625,5.125],"rotation":0,"texture":"#0","tintindex":0},"up":{"uv":[15.50625,4.875,15.63125,5.25],"rotation":0,"texture":"#0","tintindex":0},"down":{"uv":[15.50625,4.875,15.63125,5.25],"rotation":0,"texture":"#0","tintindex":0}}},{"from":[7.714286,7.5714283,6.714286],"to":[8.285714,15.0,9.142858],"rotation":{"angle":0.0,"axis":"y","origin":[7.714286,8.0,7.9428573]},"faces":{"east":{"uv":[15.50625,5.25,16.0,6.875],"rotation":0,"texture":"#0","tintindex":0},"south":{"uv":[15.50625,5.25,15.63125,6.875],"rotation":0,"texture":"#0","tintindex":0},"north":{"uv":[15.50625,5.25,15.63125,6.875],"rotation":0,"texture":"#0","tintindex":0},"west":{"uv":[15.50625,5.25,16.0,6.875],"rotation":0,"texture":"#0","tintindex":0},"up":{"uv":[15.50625,5.25,15.63125,5.78125],"rotation":0,"texture":"#0","tintindex":0},"down":{"uv":[15.50625,5.25,15.63125,5.78125],"rotation":0,"texture":"#0","tintindex":0}}}],"display":{"head":{"translation":[0.0,-6.4,0.0],"scale":[4.0,4.0,4.0]}}}