{"textures":{"0":"modelengine:entity/shadow_sorcerer_shadows"},"elements":[{"from":[7.9885716,5.702857,7.9885716],"to":[8.011429,9.725715,17.725716],"rotation":{"angle":0.0,"axis":"y","origin":[8.0,8.0,8.0]},"faces":{"east":{"uv":[11.0,4.25,10.125,2.125],"rotation":90,"texture":"#0","tintindex":0},"west":{"uv":[11.0,2.125,10.125,4.25],"rotation":90,"texture":"#0","tintindex":0}}},{"from":[7.9942856,5.7085714,17.708572],"to":[8.005714,9.72,27.434286],"rotation":{"angle":-22.5,"axis":"x","origin":[8.0,5.714286,17.714287]},"faces":{"east":{"uv":[10.125,2.125,11.0,0.0],"rotation":90,"texture":"#0","tintindex":0},"west":{"uv":[10.125,0.0,11.0,2.125],"rotation":90,"texture":"#0","tintindex":0}}},{"from":[8.0,14.685715,17.428572],"to":[8.0,24.400002,21.428572],"rotation":{"angle":45.0,"axis":"x","origin":[8.0,5.714286,17.714287]},"faces":{"east":{"uv":[10.125,0.0,9.25,2.125],"rotation":0,"texture":"#0","tintindex":0},"west":{"uv":[9.25,0.0,10.125,2.125],"rotation":0,"texture":"#0","tintindex":0}}}],"display":{"head":{"translation":[0.0,-6.4,0.0],"scale":[4.0,4.0,4.0]}}}