{"textures":{"0":"modelengine:entity/ankylo"},"elements":[{"from":[3.924635,5.1362596,2.606422],"to":[12.20235,9.679232,8.173851],"rotation":{"angle":0.0,"axis":"y","origin":[7.9920635,10.351492,14.193237]},"faces":{"east":{"uv":[3.875,8.125,4.5,8.625],"rotation":0,"texture":"#0","tintindex":0},"south":{"uv":[7.125,0.625,8.0,1.125],"rotation":0,"texture":"#0","tintindex":0},"north":{"uv":[7.0,3.5625,7.875,4.0625],"rotation":0,"texture":"#0","tintindex":0},"west":{"uv":[2.75,8.1875,3.375,8.6875],"rotation":0,"texture":"#0","tintindex":0},"up":{"uv":[7.625,4.6875,6.75,4.0625],"rotation":0,"texture":"#0","tintindex":0},"down":{"uv":[7.75,0.0,6.875,0.625],"rotation":0,"texture":"#0","tintindex":0}}},{"from":[3.9801774,8.332833,2.495895],"to":[12.146807,10.416147,4.063324],"rotation":{"angle":-45.0,"axis":"x","origin":[8.134921,6.900717,4.254985]},"faces":{"east":{"uv":[4.5,8.125,4.6875,8.375],"rotation":0,"texture":"#0","tintindex":0},"south":{"uv":[9.1875,2.5625,10.0625,2.8125],"rotation":0,"texture":"#0","tintindex":0},"north":{"uv":[4.0,5.125,4.875,5.375],"rotation":0,"texture":"#0","tintindex":0},"west":{"uv":[9.125,9.4375,9.3125,9.6875],"rotation":0,"texture":"#0","tintindex":0},"up":{"uv":[7.3125,3.125,6.4375,2.9375],"rotation":0,"texture":"#0","tintindex":0},"down":{"uv":[10.25,4.8125,9.375,5.0],"rotation":0,"texture":"#0","tintindex":0}}},{"from":[4.551606,5.110914,0.3816905],"to":[11.575378,6.678343,3.0364332],"rotation":{"angle":22.5,"axis":"x","origin":[8.134921,6.900717,4.254985]},"faces":{"east":{"uv":[10.75,8.1875,11.0625,8.375],"rotation":0,"texture":"#0","tintindex":0},"south":{"uv":[4.3125,10.0,5.0625,10.1875],"rotation":0,"texture":"#0","tintindex":0},"north":{"uv":[10.0,3.3125,10.75,3.5],"rotation":0,"texture":"#0","tintindex":0},"west":{"uv":[8.625,10.75,8.9375,10.9375],"rotation":0,"texture":"#0","tintindex":0},"up":{"uv":[9.875,6.25,9.125,5.9375],"rotation":0,"texture":"#0","tintindex":0},"down":{"uv":[2.625,9.1875,1.875,9.5],"rotation":0,"texture":"#0","tintindex":0}}},{"from":[5.1230345,5.0574746,0.28081465],"to":[11.003949,6.624903,2.9355574],"rotation":{"angle":0.0,"axis":"y","origin":[8.134921,6.900717,4.254985]},"faces":{"east":{"uv":[10.875,4.8125,11.125,5.0],"rotation":0,"texture":"#0","tintindex":0},"south":{"uv":[10.25,2.6875,10.875,2.875],"rotation":0,"texture":"#0","tintindex":0},"north":{"uv":[10.1875,5.6875,10.8125,5.875],"rotation":0,"texture":"#0","tintindex":0},"west":{"uv":[4.875,10.875,5.125,11.0625],"rotation":0,"texture":"#0","tintindex":0},"up":{"uv":[10.5,1.875,9.875,1.625],"rotation":0,"texture":"#0","tintindex":0},"down":{"uv":[10.5,1.875,9.875,2.125],"rotation":0,"texture":"#0","tintindex":0}}},{"from":[3.869092,11.422625,2.6638737],"to":[12.257893,14.07411,9.687645],"rotation":{"angle":-22.5,"axis":"x","origin":[7.9920635,9.037207,14.193237]},"faces":{"east":{"uv":[3.375,5.75,4.0,6.0625],"rotation":0,"texture":"#0","tintindex":0},"south":{"uv":[8.375,2.25,9.3125,2.5625],"rotation":0,"texture":"#0","tintindex":0},"north":{"uv":[8.1875,5.9375,9.125,6.25],"rotation":0,"texture":"#0","tintindex":0},"west":{"uv":[9.375,3.3125,10.0,3.625],"rotation":0,"texture":"#0","tintindex":0},"up":{"uv":[7.1875,7.0,6.25,6.375],"rotation":0,"texture":"#0","tintindex":0},"down":{"uv":[3.0625,6.4375,2.125,7.0625],"rotation":0,"texture":"#0","tintindex":0}}},{"from":[-0.30553722,10.367582,5.9578085],"to":[5.5753775,12.447639,8.060894],"rotation":{"angle":-22.5,"axis":"z","origin":[1.7777772,9.750468,9.123637]},"faces":{"east":{"uv":[8.375,10.6875,8.125,10.9375],"rotation":0,"texture":"#0","tintindex":0},"south":{"uv":[10.5,5.875,9.875,6.125],"rotation":0,"texture":"#0","tintindex":0},"north":{"uv":[3.25,9.875,2.625,10.125],"rotation":0,"texture":"#0","tintindex":0},"west":{"uv":[6.625,10.6875,6.375,10.9375],"rotation":0,"texture":"#0","tintindex":0},"up":{"uv":[9.875,6.375,10.5,6.125],"rotation":0,"texture":"#0","tintindex":0},"down":{"uv":[9.875,6.375,10.5,6.625],"rotation":0,"texture":"#0","tintindex":0}}},{"from":[0.5562682,4.9104443,6.529237],"to":[4.722897,6.4190726,8.060894],"rotation":{"angle":22.5,"axis":"z","origin":[1.7824397,7.09333,9.6950655]},"faces":{"east":{"uv":[1.25,10.625,1.0625,10.8125],"rotation":0,"texture":"#0","tintindex":0},"south":{"uv":[10.0,10.5,9.5625,10.6875],"rotation":0,"texture":"#0","tintindex":0},"north":{"uv":[10.875,1.125,10.4375,1.3125],"rotation":0,"texture":"#0","tintindex":0},"west":{"uv":[6.3125,9.1875,6.125,9.375],"rotation":0,"texture":"#0","tintindex":0},"up":{"uv":[0.375,10.75,0.8125,10.5625],"rotation":0,"texture":"#0","tintindex":0},"down":{"uv":[1.75,10.5625,2.1875,10.75],"rotation":0,"texture":"#0","tintindex":0}}},{"from":[10.265892,10.367582,5.9578085],"to":[16.146807,12.447639,8.060894],"rotation":{"angle":22.5,"axis":"z","origin":[14.063492,9.750468,9.123637]},"faces":{"east":{"uv":[6.375,10.6875,6.625,10.9375],"rotation":0,"texture":"#0","tintindex":0},"south":{"uv":[9.875,5.875,10.5,6.125],"rotation":0,"texture":"#0","tintindex":0},"north":{"uv":[2.625,9.875,3.25,10.125],"rotation":0,"texture":"#0","tintindex":0},"west":{"uv":[8.125,10.6875,8.375,10.9375],"rotation":0,"texture":"#0","tintindex":0},"up":{"uv":[10.5,6.375,9.875,6.125],"rotation":0,"texture":"#0","tintindex":0},"down":{"uv":[10.5,6.375,9.875,6.625],"rotation":0,"texture":"#0","tintindex":0}}},{"from":[11.118373,4.9104443,6.529237],"to":[15.285002,6.4190726,8.060894],"rotation":{"angle":-22.5,"axis":"z","origin":[14.05883,7.09333,9.6950655]},"faces":{"east":{"uv":[6.125,9.1875,6.3125,9.375],"rotation":0,"texture":"#0","tintindex":0},"south":{"uv":[9.5625,10.5,10.0,10.6875],"rotation":0,"texture":"#0","tintindex":0},"north":{"uv":[10.4375,1.125,10.875,1.3125],"rotation":0,"texture":"#0","tintindex":0},"west":{"uv":[1.0625,10.625,1.25,10.8125],"rotation":0,"texture":"#0","tintindex":0},"up":{"uv":[0.8125,10.75,0.375,10.5625],"rotation":0,"texture":"#0","tintindex":0},"down":{"uv":[2.1875,10.5625,1.75,10.75],"rotation":0,"texture":"#0","tintindex":0}}}],"display":{"head":{"translation":[0.0,-6.4,0.0],"scale":[4.0,4.0,4.0]}}}