{"textures":{"0":"modelengine:entity/ankylo"},"elements":[{"from":[6.5714283,2.895605,5.0954742],"to":[9.428572,9.18132,8.524046],"rotation":{"angle":22.5,"axis":"x","origin":[8.0,6.0384626,6.80976]},"faces":{"east":{"uv":[6.6875,8.6875,6.3125,9.375],"rotation":0,"texture":"#0","tintindex":0},"south":{"uv":[9.625,7.125,9.3125,7.8125],"rotation":0,"texture":"#0","tintindex":0},"north":{"uv":[2.9375,9.1875,2.625,9.875],"rotation":0,"texture":"#0","tintindex":0},"west":{"uv":[3.3125,8.6875,2.9375,9.375],"rotation":0,"texture":"#0","tintindex":0},"up":{"uv":[8.75,10.5625,9.0625,10.1875],"rotation":0,"texture":"#0","tintindex":0},"down":{"uv":[2.25,10.25,2.5625,10.625],"rotation":0,"texture":"#0","tintindex":0}}},{"from":[7.142857,1.752748,5.666903],"to":[8.857143,3.4670339,8.524046],"rotation":{"angle":22.5,"axis":"x","origin":[8.0,6.0384626,6.80976]},"faces":{"east":{"uv":[1.375,10.8125,1.0625,11.0],"rotation":0,"texture":"#0","tintindex":0},"south":{"uv":[7.5,10.9375,7.3125,11.125],"rotation":0,"texture":"#0","tintindex":0},"north":{"uv":[6.625,10.9375,6.4375,11.125],"rotation":0,"texture":"#0","tintindex":0},"west":{"uv":[10.8125,10.75,10.5,10.9375],"rotation":0,"texture":"#0","tintindex":0},"up":{"uv":[1.6875,3.0625,1.875,2.75],"rotation":0,"texture":"#0","tintindex":0},"down":{"uv":[1.6875,3.0625,1.875,3.375],"rotation":0,"texture":"#0","tintindex":0}}}],"display":{"head":{"translation":[0.0,-6.4,0.0],"scale":[4.0,4.0,4.0]}}}