{"textures":{"0":"modelengine:entity/ankylo"},"elements":[{"from":[5.6878853,2.904601,4.0713186],"to":[10.259314,5.1903157,8.642748],"rotation":{"angle":0.0,"axis":"y","origin":[14.830743,16.504602,5.2141757]},"faces":{"east":{"uv":[10.75,0.25,10.25,0.5],"rotation":0,"texture":"#0","tintindex":0},"south":{"uv":[10.75,0.0,10.25,0.25],"rotation":0,"texture":"#0","tintindex":0},"north":{"uv":[10.6875,5.4375,10.1875,5.6875],"rotation":0,"texture":"#0","tintindex":0},"west":{"uv":[8.375,10.1875,7.875,10.4375],"rotation":0,"texture":"#0","tintindex":0},"up":{"uv":[9.0,0.5,9.5,0.0],"rotation":0,"texture":"#0","tintindex":0},"down":{"uv":[9.0,1.75,9.5,2.25],"rotation":0,"texture":"#0","tintindex":0}}},{"from":[9.963217,2.8953037,3.3716702],"to":[11.677503,4.0381613,6.228813],"rotation":{"angle":-45.0,"axis":"y","origin":[9.791788,3.9940672,4.558263]},"faces":{"east":{"uv":[11.25,9.375,10.9375,9.5],"rotation":0,"texture":"#0","tintindex":0},"south":{"uv":[1.75,11.125,1.5625,11.25],"rotation":0,"texture":"#0","tintindex":0},"north":{"uv":[1.5625,11.125,1.375,11.25],"rotation":0,"texture":"#0","tintindex":0},"west":{"uv":[8.6875,10.9375,8.375,11.0625],"rotation":0,"texture":"#0","tintindex":0},"up":{"uv":[3.9375,11.0625,4.125,10.75],"rotation":0,"texture":"#0","tintindex":0},"down":{"uv":[7.875,10.8125,8.0625,11.125],"rotation":0,"texture":"#0","tintindex":0}}},{"from":[10.248931,3.949974,3.4591408],"to":[11.3917885,5.092831,5.744855],"rotation":{"angle":-45.0,"axis":"y","origin":[9.791788,3.9940672,4.558263]},"faces":{"east":{"uv":[4.875,11.0625,4.625,11.1875],"rotation":0,"texture":"#0","tintindex":0},"south":{"uv":[10.8125,10.9375,10.6875,11.0625],"rotation":0,"texture":"#0","tintindex":0},"north":{"uv":[6.0,10.875,5.875,11.0],"rotation":0,"texture":"#0","tintindex":0},"west":{"uv":[4.0625,11.0625,3.8125,11.1875],"rotation":0,"texture":"#0","tintindex":0},"up":{"uv":[6.875,5.375,7.0,5.125],"rotation":0,"texture":"#0","tintindex":0},"down":{"uv":[3.875,7.5625,4.0,7.8125],"rotation":0,"texture":"#0","tintindex":0}}},{"from":[8.421844,2.8953037,2.4961295],"to":[10.136129,4.0381613,4.2104154],"rotation":{"angle":0.0,"axis":"y","origin":[8.078986,3.9940672,3.168436]},"faces":{"east":{"uv":[11.3125,1.8125,11.125,1.9375],"rotation":0,"texture":"#0","tintindex":0},"south":{"uv":[1.9375,11.125,1.75,11.25],"rotation":0,"texture":"#0","tintindex":0},"north":{"uv":[11.3125,1.5625,11.125,1.6875],"rotation":0,"texture":"#0","tintindex":0},"west":{"uv":[11.3125,1.6875,11.125,1.8125],"rotation":0,"texture":"#0","tintindex":0},"up":{"uv":[0.25,11.1875,0.4375,11.0],"rotation":0,"texture":"#0","tintindex":0},"down":{"uv":[11.0,0.375,11.1875,0.5625],"rotation":0,"texture":"#0","tintindex":0}}},{"from":[8.707558,3.949974,2.5836],"to":[9.850415,5.092831,4.297886],"rotation":{"angle":0.0,"axis":"y","origin":[8.078986,3.9940672,3.168436]},"faces":{"east":{"uv":[11.3125,2.3125,11.125,2.4375],"rotation":0,"texture":"#0","tintindex":0},"south":{"uv":[6.25,11.0,6.125,11.125],"rotation":0,"texture":"#0","tintindex":0},"north":{"uv":[0.75,11.0,0.625,11.125],"rotation":0,"texture":"#0","tintindex":0},"west":{"uv":[11.3125,2.1875,11.125,2.3125],"rotation":0,"texture":"#0","tintindex":0},"up":{"uv":[3.8125,9.6875,3.9375,9.5],"rotation":0,"texture":"#0","tintindex":0},"down":{"uv":[6.5625,9.5625,6.6875,9.75],"rotation":0,"texture":"#0","tintindex":0}}},{"from":[6.193272,3.949974,2.5836],"to":[7.336129,5.092831,4.297886],"rotation":{"angle":0.0,"axis":"y","origin":[8.078986,3.9940672,3.168436]},"faces":{"east":{"uv":[11.3125,2.6875,11.125,2.8125],"rotation":0,"texture":"#0","tintindex":0},"south":{"uv":[5.875,11.0625,5.75,11.1875],"rotation":0,"texture":"#0","tintindex":0},"north":{"uv":[7.875,11.0,7.75,11.125],"rotation":0,"texture":"#0","tintindex":0},"west":{"uv":[11.3125,2.5625,11.125,2.6875],"rotation":0,"texture":"#0","tintindex":0},"up":{"uv":[9.1875,9.875,9.3125,9.6875],"rotation":0,"texture":"#0","tintindex":0},"down":{"uv":[8.75,10.0,8.875,10.1875],"rotation":0,"texture":"#0","tintindex":0}}},{"from":[5.907558,2.8953037,2.4961295],"to":[7.621844,4.0381613,4.2104154],"rotation":{"angle":0.0,"axis":"y","origin":[8.078986,3.9940672,3.168436]},"faces":{"east":{"uv":[11.3125,3.5,11.125,3.625],"rotation":0,"texture":"#0","tintindex":0},"south":{"uv":[3.6875,11.125,3.5,11.25],"rotation":0,"texture":"#0","tintindex":0},"north":{"uv":[11.3125,2.8125,11.125,2.9375],"rotation":0,"texture":"#0","tintindex":0},"west":{"uv":[3.5,11.125,3.3125,11.25],"rotation":0,"texture":"#0","tintindex":0},"up":{"uv":[0.4375,11.1875,0.625,11.0],"rotation":0,"texture":"#0","tintindex":0},"down":{"uv":[11.0,0.5625,11.1875,0.75],"rotation":0,"texture":"#0","tintindex":0}}},{"from":[4.593272,2.8953037,4.2104154],"to":[6.307558,4.0381613,6.4961295],"rotation":{"angle":45.0,"axis":"y","origin":[5.450415,3.9940672,5.1112933]},"faces":{"east":{"uv":[5.375,11.0625,5.125,11.1875],"rotation":0,"texture":"#0","tintindex":0},"south":{"uv":[4.4375,11.125,4.25,11.25],"rotation":0,"texture":"#0","tintindex":0},"north":{"uv":[4.25,11.125,4.0625,11.25],"rotation":0,"texture":"#0","tintindex":0},"west":{"uv":[5.125,11.0625,4.875,11.1875],"rotation":0,"texture":"#0","tintindex":0},"up":{"uv":[10.9375,5.4375,11.125,5.1875],"rotation":0,"texture":"#0","tintindex":0},"down":{"uv":[6.25,10.9375,6.4375,11.1875],"rotation":0,"texture":"#0","tintindex":0}}},{"from":[4.8789864,3.949974,4.297886],"to":[6.0218434,5.092831,6.0121717],"rotation":{"angle":45.0,"axis":"y","origin":[5.450415,3.9940672,5.1112933]},"faces":{"east":{"uv":[11.3125,4.8125,11.125,4.9375],"rotation":0,"texture":"#0","tintindex":0},"south":{"uv":[10.0625,11.0625,9.9375,11.1875],"rotation":0,"texture":"#0","tintindex":0},"north":{"uv":[7.125,11.0625,7.0,11.1875],"rotation":0,"texture":"#0","tintindex":0},"west":{"uv":[4.625,11.125,4.4375,11.25],"rotation":0,"texture":"#0","tintindex":0},"up":{"uv":[9.0625,10.375,9.1875,10.1875],"rotation":0,"texture":"#0","tintindex":0},"down":{"uv":[0.875,10.375,1.0,10.5625],"rotation":0,"texture":"#0","tintindex":0}}},{"from":[6.6878853,4.221123,5.11031],"to":[8.973599,8.792552,8.538881],"rotation":{"angle":22.5,"axis":"x","origin":[7.8307424,6.5068374,6.71031]},"faces":{"east":{"uv":[9.9375,3.875,9.5625,4.375],"rotation":0,"texture":"#0","tintindex":0},"south":{"uv":[7.875,10.1875,7.625,10.6875],"rotation":0,"texture":"#0","tintindex":0},"north":{"uv":[5.0625,10.1875,4.8125,10.6875],"rotation":0,"texture":"#0","tintindex":0},"west":{"uv":[5.75,9.5,5.375,10.0],"rotation":0,"texture":"#0","tintindex":0},"up":{"uv":[10.5,7.875,10.75,7.5],"rotation":0,"texture":"#0","tintindex":0},"down":{"uv":[9.3125,10.5,9.5625,10.875],"rotation":0,"texture":"#0","tintindex":0}}}],"display":{"head":{"translation":[0.0,-6.4,0.0],"scale":[4.0,4.0,4.0]}}}