{"textures":{"0":"modelengine:entity/ankylo"},"elements":[{"from":[6.428571,3.2588487,6.6873693],"to":[9.285714,9.544563,10.687369],"rotation":{"angle":-22.5,"axis":"x","origin":[7.857143,7.0302777,7.315941]},"faces":{"east":{"uv":[8.875,4.0625,8.4375,4.75],"rotation":0,"texture":"#0","tintindex":0},"south":{"uv":[9.625,9.3125,9.3125,10.0],"rotation":0,"texture":"#0","tintindex":0},"north":{"uv":[9.625,8.625,9.3125,9.3125],"rotation":0,"texture":"#0","tintindex":0},"west":{"uv":[3.8125,8.4375,3.375,9.125],"rotation":0,"texture":"#0","tintindex":0},"up":{"uv":[9.1875,10.4375,9.5,10.0],"rotation":0,"texture":"#0","tintindex":0},"down":{"uv":[10.0,9.375,10.3125,9.8125],"rotation":0,"texture":"#0","tintindex":0}}}],"display":{"head":{"translation":[0.0,-6.4,0.0],"scale":[4.0,4.0,4.0]}}}