{"textures":{"0":"modelengine:entity/ankylo"},"elements":[{"from":[5.6878853,6.333173,4.642747],"to":[10.259314,8.618887,9.214176],"rotation":{"angle":0.0,"axis":"y","origin":[14.830743,19.933174,5.7856045]},"faces":{"east":{"uv":[10.625,5.1875,10.125,5.4375],"rotation":0,"texture":"#0","tintindex":0},"south":{"uv":[3.625,10.125,3.125,10.375],"rotation":0,"texture":"#0","tintindex":0},"north":{"uv":[1.0,10.125,0.5,10.375],"rotation":0,"texture":"#0","tintindex":0},"west":{"uv":[3.125,10.125,2.625,10.375],"rotation":0,"texture":"#0","tintindex":0},"up":{"uv":[1.375,9.375,1.875,8.875],"rotation":0,"texture":"#0","tintindex":0},"down":{"uv":[4.375,8.875,4.875,9.375],"rotation":0,"texture":"#0","tintindex":0}}},{"from":[9.963217,6.3238754,3.9430985],"to":[11.677503,7.466733,6.8002415],"rotation":{"angle":-45.0,"axis":"y","origin":[9.791788,7.422639,5.129691]},"faces":{"east":{"uv":[11.1875,8.0625,10.875,8.1875],"rotation":0,"texture":"#0","tintindex":0},"south":{"uv":[10.0625,2.4375,9.875,2.5625],"rotation":0,"texture":"#0","tintindex":0},"north":{"uv":[9.5625,3.625,9.375,3.75],"rotation":0,"texture":"#0","tintindex":0},"west":{"uv":[11.1875,6.8125,10.875,6.9375],"rotation":0,"texture":"#0","tintindex":0},"up":{"uv":[7.4375,5.0,7.625,4.6875],"rotation":0,"texture":"#0","tintindex":0},"down":{"uv":[7.0625,8.3125,7.25,8.625],"rotation":0,"texture":"#0","tintindex":0}}},{"from":[10.248931,7.3785453,4.030569],"to":[11.3917885,8.521402,6.3162837],"rotation":{"angle":-45.0,"axis":"y","origin":[9.791788,7.422639,5.129691]},"faces":{"east":{"uv":[1.25,11.0,1.0,11.125],"rotation":0,"texture":"#0","tintindex":0},"south":{"uv":[2.0,9.0625,1.875,9.1875],"rotation":0,"texture":"#0","tintindex":0},"north":{"uv":[4.0,8.0,3.875,8.125],"rotation":0,"texture":"#0","tintindex":0},"west":{"uv":[11.1875,9.5,10.9375,9.625],"rotation":0,"texture":"#0","tintindex":0},"up":{"uv":[1.125,4.8125,1.25,4.5625],"rotation":0,"texture":"#0","tintindex":0},"down":{"uv":[1.125,4.8125,1.25,5.0625],"rotation":0,"texture":"#0","tintindex":0}}},{"from":[8.421844,6.3238754,3.0675583],"to":[10.136129,7.466733,4.781844],"rotation":{"angle":0.0,"axis":"y","origin":[8.078986,7.422639,3.7398648]},"faces":{"east":{"uv":[10.25,11.0,10.0625,11.125],"rotation":0,"texture":"#0","tintindex":0},"south":{"uv":[4.3125,10.5625,4.125,10.6875],"rotation":0,"texture":"#0","tintindex":0},"north":{"uv":[10.25,2.6875,10.0625,2.8125],"rotation":0,"texture":"#0","tintindex":0},"west":{"uv":[10.5,7.5,10.3125,7.625],"rotation":0,"texture":"#0","tintindex":0},"up":{"uv":[8.6875,11.125,8.875,10.9375],"rotation":0,"texture":"#0","tintindex":0},"down":{"uv":[10.5,10.9375,10.6875,11.125],"rotation":0,"texture":"#0","tintindex":0}}},{"from":[8.707558,7.3785453,3.1550283],"to":[9.850415,8.521402,4.869314],"rotation":{"angle":0.0,"axis":"y","origin":[8.078986,7.422639,3.7398648]},"faces":{"east":{"uv":[5.5625,11.0625,5.375,11.1875],"rotation":0,"texture":"#0","tintindex":0},"south":{"uv":[4.9375,9.6875,4.8125,9.8125],"rotation":0,"texture":"#0","tintindex":0},"north":{"uv":[1.0,9.4375,0.875,9.5625],"rotation":0,"texture":"#0","tintindex":0},"west":{"uv":[2.1875,11.0625,2.0,11.1875],"rotation":0,"texture":"#0","tintindex":0},"up":{"uv":[7.25,8.0,7.375,7.8125],"rotation":0,"texture":"#0","tintindex":0},"down":{"uv":[7.25,8.0,7.375,8.1875],"rotation":0,"texture":"#0","tintindex":0}}},{"from":[6.193272,7.3785453,3.1550283],"to":[7.336129,8.521402,4.869314],"rotation":{"angle":0.0,"axis":"y","origin":[8.078986,7.422639,3.7398648]},"faces":{"east":{"uv":[11.25,6.125,11.0625,6.25],"rotation":0,"texture":"#0","tintindex":0},"south":{"uv":[9.3125,9.875,9.1875,10.0],"rotation":0,"texture":"#0","tintindex":0},"north":{"uv":[8.375,9.875,8.25,10.0],"rotation":0,"texture":"#0","tintindex":0},"west":{"uv":[5.75,11.0625,5.5625,11.1875],"rotation":0,"texture":"#0","tintindex":0},"up":{"uv":[3.375,8.375,3.5,8.1875],"rotation":0,"texture":"#0","tintindex":0},"down":{"uv":[4.375,8.625,4.5,8.8125],"rotation":0,"texture":"#0","tintindex":0}}},{"from":[5.907558,6.3238754,3.0675583],"to":[7.621844,7.466733,4.781844],"rotation":{"angle":0.0,"axis":"y","origin":[8.078986,7.422639,3.7398648]},"faces":{"east":{"uv":[7.0,11.0625,6.8125,11.1875],"rotation":0,"texture":"#0","tintindex":0},"south":{"uv":[6.8125,11.0625,6.625,11.1875],"rotation":0,"texture":"#0","tintindex":0},"north":{"uv":[11.25,6.25,11.0625,6.375],"rotation":0,"texture":"#0","tintindex":0},"west":{"uv":[11.25,6.375,11.0625,6.5],"rotation":0,"texture":"#0","tintindex":0},"up":{"uv":[11.0,0.1875,11.1875,0.0],"rotation":0,"texture":"#0","tintindex":0},"down":{"uv":[11.0,0.1875,11.1875,0.375],"rotation":0,"texture":"#0","tintindex":0}}},{"from":[4.593272,6.3238754,4.781844],"to":[6.307558,7.466733,7.0675583],"rotation":{"angle":45.0,"axis":"y","origin":[5.450415,7.422639,5.682722]},"faces":{"east":{"uv":[11.25,1.3125,11.0,1.4375],"rotation":0,"texture":"#0","tintindex":0},"south":{"uv":[11.25,7.625,11.0625,7.75],"rotation":0,"texture":"#0","tintindex":0},"north":{"uv":[11.25,7.5,11.0625,7.625],"rotation":0,"texture":"#0","tintindex":0},"west":{"uv":[1.5,11.0,1.25,11.125],"rotation":0,"texture":"#0","tintindex":0},"up":{"uv":[6.375,10.0625,6.5625,9.8125],"rotation":0,"texture":"#0","tintindex":0},"down":{"uv":[3.625,10.125,3.8125,10.375],"rotation":0,"texture":"#0","tintindex":0}}},{"from":[4.8789864,7.3785453,4.869314],"to":[6.0218434,8.521402,6.5836],"rotation":{"angle":45.0,"axis":"y","origin":[5.450415,7.422639,5.682722]},"faces":{"east":{"uv":[8.25,11.0625,8.0625,11.1875],"rotation":0,"texture":"#0","tintindex":0},"south":{"uv":[7.625,10.375,7.5,10.5],"rotation":0,"texture":"#0","tintindex":0},"north":{"uv":[3.8125,10.375,3.6875,10.5],"rotation":0,"texture":"#0","tintindex":0},"west":{"uv":[11.25,7.75,11.0625,7.875],"rotation":0,"texture":"#0","tintindex":0},"up":{"uv":[1.875,9.0625,2.0,8.875],"rotation":0,"texture":"#0","tintindex":0},"down":{"uv":[6.5625,9.375,6.6875,9.5625],"rotation":0,"texture":"#0","tintindex":0}}}],"display":{"head":{"translation":[0.0,-6.4,0.0],"scale":[4.0,4.0,4.0]}}}