{"textures":{"0":"modelengine:entity/ankylo"},"elements":[{"from":[4.546939,5.776058,4.637082],"to":[11.404081,8.061772,8.065654],"rotation":{"angle":0.0,"axis":"y","origin":[7.57551,6.5760584,9.322797]},"faces":{"east":{"uv":[1.375,8.125,1.75,8.375],"rotation":0,"texture":"#0","tintindex":0},"south":{"uv":[9.5,0.25,10.25,0.5],"rotation":0,"texture":"#0","tintindex":0},"north":{"uv":[9.5,0.0,10.25,0.25],"rotation":0,"texture":"#0","tintindex":0},"west":{"uv":[10.3125,9.3125,10.6875,9.5625],"rotation":0,"texture":"#0","tintindex":0},"up":{"uv":[8.5625,9.0,7.8125,8.625],"rotation":0,"texture":"#0","tintindex":0},"down":{"uv":[9.3125,8.625,8.5625,9.0],"rotation":0,"texture":"#0","tintindex":0}}},{"from":[5.6897955,7.7379127,8.183097],"to":[10.261225,10.023627,10.468811],"rotation":{"angle":-22.5,"axis":"x","origin":[7.97551,6.9189153,11.608511]},"faces":{"east":{"uv":[8.375,10.6875,8.625,10.9375],"rotation":0,"texture":"#0","tintindex":0},"south":{"uv":[10.0625,3.0625,10.5625,3.3125],"rotation":0,"texture":"#0","tintindex":0},"north":{"uv":[10.0625,2.4375,10.5625,2.6875],"rotation":0,"texture":"#0","tintindex":0},"west":{"uv":[10.6875,9.375,10.9375,9.625],"rotation":0,"texture":"#0","tintindex":0},"up":{"uv":[6.875,10.3125,6.375,10.0625],"rotation":0,"texture":"#0","tintindex":0},"down":{"uv":[0.5,10.125,0.0,10.375],"rotation":0,"texture":"#0","tintindex":0}}},{"from":[4.832653,8.061772,4.637082],"to":[11.118367,10.3474865,8.065654],"rotation":{"angle":0.0,"axis":"y","origin":[7.57551,6.5760584,9.322797]},"faces":{"east":{"uv":[10.3125,9.5625,10.6875,9.8125],"rotation":0,"texture":"#0","tintindex":0},"south":{"uv":[9.625,7.375,10.3125,7.625],"rotation":0,"texture":"#0","tintindex":0},"north":{"uv":[9.625,7.125,10.3125,7.375],"rotation":0,"texture":"#0","tintindex":0},"west":{"uv":[0.0,10.375,0.375,10.625],"rotation":0,"texture":"#0","tintindex":0},"up":{"uv":[9.5625,4.125,8.875,3.75],"rotation":0,"texture":"#0","tintindex":0},"down":{"uv":[9.5625,4.125,8.875,4.5],"rotation":0,"texture":"#0","tintindex":0}}},{"from":[10.032654,7.547487,2.9227962],"to":[10.604082,10.40463,6.351368],"rotation":{"angle":0.0,"axis":"y","origin":[7.57551,6.5760584,9.322797]},"faces":{"east":{"uv":[1.75,7.4375,2.125,7.75],"rotation":0,"texture":"#0","tintindex":0},"south":{"uv":[2.75,7.75,2.8125,8.0625],"rotation":0,"texture":"#0","tintindex":0},"north":{"uv":[5.875,7.1875,5.9375,7.5],"rotation":0,"texture":"#0","tintindex":0},"west":{"uv":[8.4375,4.75,8.8125,5.0625],"rotation":0,"texture":"#0","tintindex":0},"up":{"uv":[1.6875,4.0,1.625,3.625],"rotation":0,"texture":"#0","tintindex":0},"down":{"uv":[4.0625,7.0,4.0,7.375],"rotation":0,"texture":"#0","tintindex":0}}},{"from":[5.518367,7.547487,2.9227962],"to":[6.089796,10.40463,6.351368],"rotation":{"angle":0.0,"axis":"y","origin":[7.8612247,6.5760584,9.322797]},"faces":{"east":{"uv":[8.8125,4.75,8.4375,5.0625],"rotation":0,"texture":"#0","tintindex":0},"south":{"uv":[2.8125,7.75,2.75,8.0625],"rotation":0,"texture":"#0","tintindex":0},"north":{"uv":[5.9375,7.1875,5.875,7.5],"rotation":0,"texture":"#0","tintindex":0},"west":{"uv":[2.125,7.4375,1.75,7.75],"rotation":0,"texture":"#0","tintindex":0},"up":{"uv":[1.625,4.0,1.6875,3.625],"rotation":0,"texture":"#0","tintindex":0},"down":{"uv":[4.0,7.0,4.0625,7.375],"rotation":0,"texture":"#0","tintindex":0}}},{"from":[5.118367,6.1760583,2.3513675],"to":[10.832653,7.890344,4.637082],"rotation":{"angle":0.0,"axis":"y","origin":[7.97551,7.033201,6.1799393]},"faces":{"east":{"uv":[5.125,10.875,5.375,11.0625],"rotation":0,"texture":"#0","tintindex":0},"south":{"uv":[10.25,4.8125,10.875,5.0],"rotation":0,"texture":"#0","tintindex":0},"north":{"uv":[10.25,2.875,10.875,3.0625],"rotation":0,"texture":"#0","tintindex":0},"west":{"uv":[5.375,10.875,5.625,11.0625],"rotation":0,"texture":"#0","tintindex":0},"up":{"uv":[7.6875,10.125,7.0625,9.875],"rotation":0,"texture":"#0","tintindex":0},"down":{"uv":[10.5,7.625,9.875,7.875],"rotation":0,"texture":"#0","tintindex":0}}},{"from":[5.6897955,6.1760583,1.2085104],"to":[10.261225,7.890344,2.3513675],"rotation":{"angle":0.0,"axis":"y","origin":[7.97551,7.033201,4.4656534]},"faces":{"east":{"uv":[5.125,6.3125,5.25,6.5],"rotation":0,"texture":"#0","tintindex":0},"south":{"uv":[0.375,10.375,0.875,10.5625],"rotation":0,"texture":"#0","tintindex":0},"north":{"uv":[4.8125,9.8125,5.3125,10.0],"rotation":0,"texture":"#0","tintindex":0},"west":{"uv":[3.875,7.8125,4.0,8.0],"rotation":0,"texture":"#0","tintindex":0},"up":{"uv":[5.0,4.25,4.5,4.125],"rotation":0,"texture":"#0","tintindex":0},"down":{"uv":[10.0625,10.6875,9.5625,10.8125],"rotation":0,"texture":"#0","tintindex":0}}}],"display":{"head":{"translation":[0.0,-6.4,0.0],"scale":[4.0,4.0,4.0]}}}