{"textures":{"0":"modelengine:entity/ankylo"},"elements":[{"from":[4.1714287,6.0285163,4.017425],"to":[11.828571,12.4170885,9.560283],"rotation":{"angle":22.5,"axis":"x","origin":[8.0,8.795491,6.005952]},"faces":{"east":{"uv":[7.375,6.875,8.0,7.5625],"rotation":0,"texture":"#0","tintindex":0},"south":{"uv":[0.6875,6.5625,1.5,7.25],"rotation":0,"texture":"#0","tintindex":0},"north":{"uv":[5.125,6.5,5.9375,7.1875],"rotation":0,"texture":"#0","tintindex":0},"west":{"uv":[1.125,7.4375,1.75,8.125],"rotation":0,"texture":"#0","tintindex":0},"up":{"uv":[7.8125,5.75,7.0,5.125],"rotation":0,"texture":"#0","tintindex":0},"down":{"uv":[6.75,7.0,5.9375,7.625],"rotation":0,"texture":"#0","tintindex":0}}},{"from":[6.16,5.336486,1.7112131],"to":[9.84,6.6050577,7.2540703],"rotation":{"angle":22.5,"axis":"x","origin":[8.0,4.8279147,5.0540705]},"faces":{"east":{"uv":[4.9375,3.125,5.5625,3.25],"rotation":0,"texture":"#0","tintindex":0},"south":{"uv":[8.375,0.5,8.75,0.625],"rotation":0,"texture":"#0","tintindex":0},"north":{"uv":[7.6875,2.8125,8.0625,2.9375],"rotation":0,"texture":"#0","tintindex":0},"west":{"uv":[7.3125,6.25,7.9375,6.375],"rotation":0,"texture":"#0","tintindex":0},"up":{"uv":[1.625,4.25,1.25,3.625],"rotation":0,"texture":"#0","tintindex":0},"down":{"uv":[5.75,8.875,5.375,9.5],"rotation":0,"texture":"#0","tintindex":0}}},{"from":[13.695112,11.81389,4.6311636],"to":[16.757969,13.008177,6.025449],"rotation":{"angle":-22.5,"axis":"y","origin":[16.257143,12.192357,6.8446226]},"faces":{"east":{"uv":[1.125,5.0625,1.25,5.1875],"rotation":0,"texture":"#0","tintindex":0},"south":{"uv":[9.5625,1.625,9.875,1.75],"rotation":0,"texture":"#0","tintindex":0},"north":{"uv":[3.25,2.375,3.5625,2.5],"rotation":0,"texture":"#0","tintindex":0},"west":{"uv":[7.9375,6.25,8.0625,6.375],"rotation":0,"texture":"#0","tintindex":0},"up":{"uv":[10.3125,3.625,10.0,3.5],"rotation":0,"texture":"#0","tintindex":0},"down":{"uv":[11.1875,1.9375,10.875,2.0625],"rotation":0,"texture":"#0","tintindex":0}}},{"from":[14.209398,11.81389,6.459735],"to":[18.415112,13.008177,8.425449],"rotation":{"angle":-22.5,"axis":"y","origin":[16.257143,12.192357,6.8446226]},"faces":{"east":{"uv":[7.1875,6.875,7.375,7.0],"rotation":0,"texture":"#0","tintindex":0},"south":{"uv":[10.75,6.5,11.1875,6.625],"rotation":0,"texture":"#0","tintindex":0},"north":{"uv":[8.75,1.0,9.1875,1.125],"rotation":0,"texture":"#0","tintindex":0},"west":{"uv":[7.4375,5.0,7.625,5.125],"rotation":0,"texture":"#0","tintindex":0},"up":{"uv":[10.8125,2.4375,10.375,2.25],"rotation":0,"texture":"#0","tintindex":0},"down":{"uv":[10.8125,5.0,10.375,5.1875],"rotation":0,"texture":"#0","tintindex":0}}},{"from":[-2.4151125,11.81389,6.459735],"to":[1.7906017,13.008177,8.425449],"rotation":{"angle":22.5,"axis":"y","origin":[-0.25714302,12.192357,6.8446226]},"faces":{"east":{"uv":[7.625,5.0,7.4375,5.125],"rotation":0,"texture":"#0","tintindex":0},"south":{"uv":[11.1875,6.5,10.75,6.625],"rotation":0,"texture":"#0","tintindex":0},"north":{"uv":[9.1875,1.0,8.75,1.125],"rotation":0,"texture":"#0","tintindex":0},"west":{"uv":[7.375,6.875,7.1875,7.0],"rotation":0,"texture":"#0","tintindex":0},"up":{"uv":[10.375,2.4375,10.8125,2.25],"rotation":0,"texture":"#0","tintindex":0},"down":{"uv":[10.375,5.0,10.8125,5.1875],"rotation":0,"texture":"#0","tintindex":0}}},{"from":[-0.75796986,11.81389,4.6311636],"to":[2.3048873,13.008177,6.025449],"rotation":{"angle":22.5,"axis":"y","origin":[-0.25714302,12.192357,6.8446226]},"faces":{"east":{"uv":[8.0625,6.25,7.9375,6.375],"rotation":0,"texture":"#0","tintindex":0},"south":{"uv":[9.875,1.625,9.5625,1.75],"rotation":0,"texture":"#0","tintindex":0},"north":{"uv":[3.5625,2.375,3.25,2.5],"rotation":0,"texture":"#0","tintindex":0},"west":{"uv":[1.25,5.0625,1.125,5.1875],"rotation":0,"texture":"#0","tintindex":0},"up":{"uv":[10.0,3.625,10.3125,3.5],"rotation":0,"texture":"#0","tintindex":0},"down":{"uv":[10.875,1.9375,11.1875,2.0625],"rotation":0,"texture":"#0","tintindex":0}}},{"from":[1.0399995,11.299604,3.7909765],"to":[14.960001,13.636747,9.756691],"rotation":{"angle":0.0,"axis":"y","origin":[8.0,8.795491,6.005952]},"faces":{"east":{"uv":[5.75,9.8125,6.375,10.0625],"rotation":0,"texture":"#0","tintindex":0},"south":{"uv":[7.8125,5.0625,9.3125,5.3125],"rotation":0,"texture":"#0","tintindex":0},"north":{"uv":[7.6875,2.5625,9.1875,2.8125],"rotation":0,"texture":"#0","tintindex":0},"west":{"uv":[0.0,9.875,0.625,10.125],"rotation":0,"texture":"#0","tintindex":0},"up":{"uv":[6.4375,3.125,4.9375,2.5],"rotation":0,"texture":"#0","tintindex":0},"down":{"uv":[4.0,5.125,2.5,5.75],"rotation":0,"texture":"#0","tintindex":0}}},{"from":[8.1828575,12.856419,3.914847],"to":[10.674286,14.622133,7.0234184],"rotation":{"angle":-22.5,"axis":"x","origin":[12.571428,14.535214,6.158908]},"faces":{"east":{"uv":[10.75,7.5,11.0625,7.6875],"rotation":0,"texture":"#0","tintindex":0},"south":{"uv":[4.625,10.875,4.875,11.0625],"rotation":0,"texture":"#0","tintindex":0},"north":{"uv":[10.875,3.5,11.125,3.6875],"rotation":0,"texture":"#0","tintindex":0},"west":{"uv":[10.75,7.6875,11.0625,7.875],"rotation":0,"texture":"#0","tintindex":0},"up":{"uv":[10.875,3.8125,10.625,3.5],"rotation":0,"texture":"#0","tintindex":0},"down":{"uv":[10.875,6.625,10.625,6.9375],"rotation":0,"texture":"#0","tintindex":0}}},{"from":[5.325714,12.856419,3.914847],"to":[7.817143,14.622133,7.0234184],"rotation":{"angle":-22.5,"axis":"x","origin":[3.4285712,14.535214,6.158908]},"faces":{"east":{"uv":[11.0625,7.6875,10.75,7.875],"rotation":0,"texture":"#0","tintindex":0},"south":{"uv":[4.875,10.875,4.625,11.0625],"rotation":0,"texture":"#0","tintindex":0},"north":{"uv":[11.125,3.5,10.875,3.6875],"rotation":0,"texture":"#0","tintindex":0},"west":{"uv":[11.0625,7.5,10.75,7.6875],"rotation":0,"texture":"#0","tintindex":0},"up":{"uv":[10.625,3.8125,10.875,3.5],"rotation":0,"texture":"#0","tintindex":0},"down":{"uv":[10.625,6.625,10.875,6.9375],"rotation":0,"texture":"#0","tintindex":0}}}],"display":{"head":{"translation":[0.0,-6.4,0.0],"scale":[4.0,4.0,4.0]}}}