{"textures":{"0":"modelengine:entity/ankylo"},"elements":[{"from":[4.7182856,6.6150665,2.1593423],"to":[11.281714,12.300896,7.726771],"rotation":{"angle":22.5,"axis":"x","origin":[8.0,5.4579806,5.5144854]},"faces":{"east":{"uv":[1.75,7.75,2.375,8.375],"rotation":0,"texture":"#0","tintindex":0},"south":{"uv":[4.0,7.5,4.6875,8.125],"rotation":0,"texture":"#0","tintindex":0},"north":{"uv":[7.375,2.9375,8.0625,3.5625],"rotation":0,"texture":"#0","tintindex":0},"west":{"uv":[7.75,1.9375,8.375,2.5625],"rotation":0,"texture":"#0","tintindex":0},"up":{"uv":[3.5,8.1875,2.8125,7.5625],"rotation":0,"texture":"#0","tintindex":0},"down":{"uv":[8.0625,7.5625,7.375,8.1875],"rotation":0,"texture":"#0","tintindex":0}}},{"from":[6.4881144,5.0403237,1.7648969],"to":[9.511886,7.123638,5.618039],"rotation":{"angle":22.5,"axis":"x","origin":[8.0,2.653409,5.1200395]},"faces":{"east":{"uv":[10.3125,0.5,10.75,0.75],"rotation":0,"texture":"#0","tintindex":0},"south":{"uv":[6.6875,10.625,7.0,10.875],"rotation":0,"texture":"#0","tintindex":0},"north":{"uv":[10.625,5.1875,10.9375,5.4375],"rotation":0,"texture":"#0","tintindex":0},"west":{"uv":[10.3125,1.3125,10.75,1.5625],"rotation":0,"texture":"#0","tintindex":0},"up":{"uv":[8.75,10.4375,8.4375,10.0],"rotation":0,"texture":"#0","tintindex":0},"down":{"uv":[10.3125,8.9375,10.0,9.375],"rotation":0,"texture":"#0","tintindex":0}}},{"from":[2.9484568,10.914105,3.193159],"to":[13.051543,12.994162,7.9312167],"rotation":{"angle":22.5,"axis":"x","origin":[8.0,7.611276,5.162188]},"faces":{"east":{"uv":[7.0,10.625,7.3125,10.875],"rotation":0,"texture":"#0","tintindex":0},"south":{"uv":[8.4375,1.5,9.5625,1.75],"rotation":0,"texture":"#0","tintindex":0},"north":{"uv":[5.75,5.125,6.875,5.375],"rotation":0,"texture":"#0","tintindex":0},"west":{"uv":[10.625,7.125,10.9375,7.375],"rotation":0,"texture":"#0","tintindex":0},"up":{"uv":[9.1875,3.375,8.0625,3.0625],"rotation":0,"texture":"#0","tintindex":0},"down":{"uv":[5.8125,8.0625,4.6875,8.375],"rotation":0,"texture":"#0","tintindex":0}}}],"display":{"head":{"translation":[0.0,-6.4,0.0],"scale":[4.0,4.0,4.0]}}}