{"textures":{"0":"modelengine:entity/ankylo"},"elements":[{"from":[5.738046,2.9045782,4.4183006],"to":[10.309475,5.190293,8.989729],"rotation":{"angle":0.0,"axis":"y","origin":[8.023761,4.618864,6.704015]},"faces":{"east":{"uv":[7.875,10.1875,8.375,10.4375],"rotation":0,"texture":"#0","tintindex":0},"south":{"uv":[10.25,0.0,10.75,0.25],"rotation":0,"texture":"#0","tintindex":0},"north":{"uv":[10.1875,5.4375,10.6875,5.6875],"rotation":0,"texture":"#0","tintindex":0},"west":{"uv":[10.25,0.25,10.75,0.5],"rotation":0,"texture":"#0","tintindex":0},"up":{"uv":[9.5,0.5,9.0,0.0],"rotation":0,"texture":"#0","tintindex":0},"down":{"uv":[9.5,1.75,9.0,2.25],"rotation":0,"texture":"#0","tintindex":0}}},{"from":[4.3198576,2.8952808,3.7186518],"to":[6.0341434,4.0381384,6.575795],"rotation":{"angle":45.0,"axis":"y","origin":[6.205572,3.9940443,4.9052444]},"faces":{"east":{"uv":[8.375,10.9375,8.6875,11.0625],"rotation":0,"texture":"#0","tintindex":0},"south":{"uv":[1.5625,11.125,1.75,11.25],"rotation":0,"texture":"#0","tintindex":0},"north":{"uv":[1.375,11.125,1.5625,11.25],"rotation":0,"texture":"#0","tintindex":0},"west":{"uv":[10.9375,9.375,11.25,9.5],"rotation":0,"texture":"#0","tintindex":0},"up":{"uv":[4.125,11.0625,3.9375,10.75],"rotation":0,"texture":"#0","tintindex":0},"down":{"uv":[8.0625,10.8125,7.875,11.125],"rotation":0,"texture":"#0","tintindex":0}}},{"from":[4.6055717,3.9499507,3.8061223],"to":[5.7484293,5.092808,6.091837],"rotation":{"angle":45.0,"axis":"y","origin":[6.205572,3.9940443,4.9052444]},"faces":{"east":{"uv":[3.8125,11.0625,4.0625,11.1875],"rotation":0,"texture":"#0","tintindex":0},"south":{"uv":[10.6875,10.9375,10.8125,11.0625],"rotation":0,"texture":"#0","tintindex":0},"north":{"uv":[5.875,10.875,6.0,11.0],"rotation":0,"texture":"#0","tintindex":0},"west":{"uv":[4.625,11.0625,4.875,11.1875],"rotation":0,"texture":"#0","tintindex":0},"up":{"uv":[7.0,5.375,6.875,5.125],"rotation":0,"texture":"#0","tintindex":0},"down":{"uv":[4.0,7.5625,3.875,7.8125],"rotation":0,"texture":"#0","tintindex":0}}},{"from":[5.8612304,2.8952808,2.843111],"to":[7.575516,4.0381384,4.557397],"rotation":{"angle":0.0,"axis":"y","origin":[7.9183736,3.9940443,3.515418]},"faces":{"east":{"uv":[11.125,1.6875,11.3125,1.8125],"rotation":0,"texture":"#0","tintindex":0},"south":{"uv":[1.75,11.125,1.9375,11.25],"rotation":0,"texture":"#0","tintindex":0},"north":{"uv":[11.125,1.5625,11.3125,1.6875],"rotation":0,"texture":"#0","tintindex":0},"west":{"uv":[11.125,1.8125,11.3125,1.9375],"rotation":0,"texture":"#0","tintindex":0},"up":{"uv":[0.4375,11.1875,0.25,11.0],"rotation":0,"texture":"#0","tintindex":0},"down":{"uv":[11.1875,0.375,11.0,0.5625],"rotation":0,"texture":"#0","tintindex":0}}},{"from":[6.146945,3.9499507,2.9305816],"to":[7.289802,5.092808,4.644868],"rotation":{"angle":0.0,"axis":"y","origin":[7.9183736,3.9940443,3.515418]},"faces":{"east":{"uv":[11.125,2.1875,11.3125,2.3125],"rotation":0,"texture":"#0","tintindex":0},"south":{"uv":[6.125,11.0,6.25,11.125],"rotation":0,"texture":"#0","tintindex":0},"north":{"uv":[0.625,11.0,0.75,11.125],"rotation":0,"texture":"#0","tintindex":0},"west":{"uv":[11.125,2.3125,11.3125,2.4375],"rotation":0,"texture":"#0","tintindex":0},"up":{"uv":[3.9375,9.6875,3.8125,9.5],"rotation":0,"texture":"#0","tintindex":0},"down":{"uv":[6.6875,9.5625,6.5625,9.75],"rotation":0,"texture":"#0","tintindex":0}}},{"from":[8.66123,3.9499507,2.9305816],"to":[9.804088,5.092808,4.644868],"rotation":{"angle":0.0,"axis":"y","origin":[7.9183736,3.9940443,3.515418]},"faces":{"east":{"uv":[11.125,2.5625,11.3125,2.6875],"rotation":0,"texture":"#0","tintindex":0},"south":{"uv":[5.75,11.0625,5.875,11.1875],"rotation":0,"texture":"#0","tintindex":0},"north":{"uv":[7.75,11.0,7.875,11.125],"rotation":0,"texture":"#0","tintindex":0},"west":{"uv":[11.125,2.6875,11.3125,2.8125],"rotation":0,"texture":"#0","tintindex":0},"up":{"uv":[9.3125,9.875,9.1875,9.6875],"rotation":0,"texture":"#0","tintindex":0},"down":{"uv":[8.875,10.0,8.75,10.1875],"rotation":0,"texture":"#0","tintindex":0}}},{"from":[8.375516,2.8952808,2.843111],"to":[10.089802,4.0381384,4.557397],"rotation":{"angle":0.0,"axis":"y","origin":[7.9183736,3.9940443,3.515418]},"faces":{"east":{"uv":[3.3125,11.125,3.5,11.25],"rotation":0,"texture":"#0","tintindex":0},"south":{"uv":[3.5,11.125,3.6875,11.25],"rotation":0,"texture":"#0","tintindex":0},"north":{"uv":[11.125,2.8125,11.3125,2.9375],"rotation":0,"texture":"#0","tintindex":0},"west":{"uv":[11.125,3.5,11.3125,3.625],"rotation":0,"texture":"#0","tintindex":0},"up":{"uv":[0.625,11.1875,0.4375,11.0],"rotation":0,"texture":"#0","tintindex":0},"down":{"uv":[11.1875,0.5625,11.0,0.75],"rotation":0,"texture":"#0","tintindex":0}}},{"from":[9.689802,2.8952808,4.557397],"to":[11.404088,4.0381384,6.8431115],"rotation":{"angle":-45.0,"axis":"y","origin":[10.546945,3.9940443,5.4582753]},"faces":{"east":{"uv":[4.875,11.0625,5.125,11.1875],"rotation":0,"texture":"#0","tintindex":0},"south":{"uv":[4.25,11.125,4.4375,11.25],"rotation":0,"texture":"#0","tintindex":0},"north":{"uv":[4.0625,11.125,4.25,11.25],"rotation":0,"texture":"#0","tintindex":0},"west":{"uv":[5.125,11.0625,5.375,11.1875],"rotation":0,"texture":"#0","tintindex":0},"up":{"uv":[11.125,5.4375,10.9375,5.1875],"rotation":0,"texture":"#0","tintindex":0},"down":{"uv":[6.4375,10.9375,6.25,11.1875],"rotation":0,"texture":"#0","tintindex":0}}},{"from":[9.975516,3.9499507,4.644868],"to":[11.118374,5.092808,6.3591533],"rotation":{"angle":-45.0,"axis":"y","origin":[10.546945,3.9940443,5.4582753]},"faces":{"east":{"uv":[4.4375,11.125,4.625,11.25],"rotation":0,"texture":"#0","tintindex":0},"south":{"uv":[9.9375,11.0625,10.0625,11.1875],"rotation":0,"texture":"#0","tintindex":0},"north":{"uv":[7.0,11.0625,7.125,11.1875],"rotation":0,"texture":"#0","tintindex":0},"west":{"uv":[11.125,4.8125,11.3125,4.9375],"rotation":0,"texture":"#0","tintindex":0},"up":{"uv":[9.1875,10.375,9.0625,10.1875],"rotation":0,"texture":"#0","tintindex":0},"down":{"uv":[1.0,10.375,0.875,10.5625],"rotation":0,"texture":"#0","tintindex":0}}},{"from":[6.8809032,4.2643595,5.885945],"to":[9.166617,8.835789,9.314516],"rotation":{"angle":22.5,"axis":"x","origin":[8.023761,7.6059365,7.162878]},"faces":{"east":{"uv":[5.375,9.5,5.75,10.0],"rotation":0,"texture":"#0","tintindex":0},"south":{"uv":[7.625,10.1875,7.875,10.6875],"rotation":0,"texture":"#0","tintindex":0},"north":{"uv":[4.8125,10.1875,5.0625,10.6875],"rotation":0,"texture":"#0","tintindex":0},"west":{"uv":[9.5625,3.875,9.9375,4.375],"rotation":0,"texture":"#0","tintindex":0},"up":{"uv":[10.75,7.875,10.5,7.5],"rotation":0,"texture":"#0","tintindex":0},"down":{"uv":[9.5625,10.5,9.3125,10.875],"rotation":0,"texture":"#0","tintindex":0}}}],"display":{"head":{"translation":[0.0,-6.4,0.0],"scale":[4.0,4.0,4.0]}}}