{"textures":{"0":"modelengine:entity/ankylo"},"elements":[{"from":[5.7406864,6.333173,5.2141757],"to":[10.312115,8.618887,9.7856045],"rotation":{"angle":0.0,"axis":"y","origin":[1.1692572,19.933174,6.3570333]},"faces":{"east":{"uv":[2.625,10.125,3.125,10.375],"rotation":0,"texture":"#0","tintindex":0},"south":{"uv":[3.125,10.125,3.625,10.375],"rotation":0,"texture":"#0","tintindex":0},"north":{"uv":[0.5,10.125,1.0,10.375],"rotation":0,"texture":"#0","tintindex":0},"west":{"uv":[10.125,5.1875,10.625,5.4375],"rotation":0,"texture":"#0","tintindex":0},"up":{"uv":[1.875,9.375,1.375,8.875],"rotation":0,"texture":"#0","tintindex":0},"down":{"uv":[4.875,8.875,4.375,9.375],"rotation":0,"texture":"#0","tintindex":0}}},{"from":[4.3224974,6.3238754,4.5145273],"to":[6.036783,7.466733,7.3716702],"rotation":{"angle":45.0,"axis":"y","origin":[6.208212,7.422639,5.7011194]},"faces":{"east":{"uv":[10.875,6.8125,11.1875,6.9375],"rotation":0,"texture":"#0","tintindex":0},"south":{"uv":[9.875,2.4375,10.0625,2.5625],"rotation":0,"texture":"#0","tintindex":0},"north":{"uv":[9.375,3.625,9.5625,3.75],"rotation":0,"texture":"#0","tintindex":0},"west":{"uv":[10.875,8.0625,11.1875,8.1875],"rotation":0,"texture":"#0","tintindex":0},"up":{"uv":[7.625,5.0,7.4375,4.6875],"rotation":0,"texture":"#0","tintindex":0},"down":{"uv":[7.25,8.3125,7.0625,8.625],"rotation":0,"texture":"#0","tintindex":0}}},{"from":[4.608212,7.3785453,4.601998],"to":[5.751069,8.521402,6.887712],"rotation":{"angle":45.0,"axis":"y","origin":[6.208212,7.422639,5.7011194]},"faces":{"east":{"uv":[10.9375,9.5,11.1875,9.625],"rotation":0,"texture":"#0","tintindex":0},"south":{"uv":[1.875,9.0625,2.0,9.1875],"rotation":0,"texture":"#0","tintindex":0},"north":{"uv":[3.875,8.0,4.0,8.125],"rotation":0,"texture":"#0","tintindex":0},"west":{"uv":[1.0,11.0,1.25,11.125],"rotation":0,"texture":"#0","tintindex":0},"up":{"uv":[1.25,4.8125,1.125,4.5625],"rotation":0,"texture":"#0","tintindex":0},"down":{"uv":[1.25,4.8125,1.125,5.0625],"rotation":0,"texture":"#0","tintindex":0}}},{"from":[5.8638706,6.3238754,3.6389866],"to":[7.5781565,7.466733,5.3532724],"rotation":{"angle":0.0,"axis":"y","origin":[7.9210134,7.422639,4.3112936]},"faces":{"east":{"uv":[10.3125,7.5,10.5,7.625],"rotation":0,"texture":"#0","tintindex":0},"south":{"uv":[4.125,10.5625,4.3125,10.6875],"rotation":0,"texture":"#0","tintindex":0},"north":{"uv":[10.0625,2.6875,10.25,2.8125],"rotation":0,"texture":"#0","tintindex":0},"west":{"uv":[10.0625,11.0,10.25,11.125],"rotation":0,"texture":"#0","tintindex":0},"up":{"uv":[8.875,11.125,8.6875,10.9375],"rotation":0,"texture":"#0","tintindex":0},"down":{"uv":[10.6875,10.9375,10.5,11.125],"rotation":0,"texture":"#0","tintindex":0}}},{"from":[6.149585,7.3785453,3.726457],"to":[7.292442,8.521402,5.440743],"rotation":{"angle":0.0,"axis":"y","origin":[7.9210134,7.422639,4.3112936]},"faces":{"east":{"uv":[2.0,11.0625,2.1875,11.1875],"rotation":0,"texture":"#0","tintindex":0},"south":{"uv":[4.8125,9.6875,4.9375,9.8125],"rotation":0,"texture":"#0","tintindex":0},"north":{"uv":[0.875,9.4375,1.0,9.5625],"rotation":0,"texture":"#0","tintindex":0},"west":{"uv":[5.375,11.0625,5.5625,11.1875],"rotation":0,"texture":"#0","tintindex":0},"up":{"uv":[7.375,8.0,7.25,7.8125],"rotation":0,"texture":"#0","tintindex":0},"down":{"uv":[7.375,8.0,7.25,8.1875],"rotation":0,"texture":"#0","tintindex":0}}},{"from":[8.663871,7.3785453,3.726457],"to":[9.806727,8.521402,5.440743],"rotation":{"angle":0.0,"axis":"y","origin":[9.235299,7.949974,4.5836]},"faces":{"east":{"uv":[5.5625,11.0625,5.75,11.1875],"rotation":0,"texture":"#0","tintindex":0},"south":{"uv":[9.1875,9.875,9.3125,10.0],"rotation":0,"texture":"#0","tintindex":0},"north":{"uv":[8.25,9.875,8.375,10.0],"rotation":0,"texture":"#0","tintindex":0},"west":{"uv":[11.0625,6.125,11.25,6.25],"rotation":0,"texture":"#0","tintindex":0},"up":{"uv":[3.5,8.375,3.375,8.1875],"rotation":0,"texture":"#0","tintindex":0},"down":{"uv":[4.5,8.625,4.375,8.8125],"rotation":0,"texture":"#0","tintindex":0}}},{"from":[8.378157,6.3238754,3.6389866],"to":[10.092442,7.466733,5.3532724],"rotation":{"angle":0.0,"axis":"y","origin":[7.9210134,7.422639,4.3112936]},"faces":{"east":{"uv":[11.0625,6.375,11.25,6.5],"rotation":0,"texture":"#0","tintindex":0},"south":{"uv":[6.625,11.0625,6.8125,11.1875],"rotation":0,"texture":"#0","tintindex":0},"north":{"uv":[11.0625,6.25,11.25,6.375],"rotation":0,"texture":"#0","tintindex":0},"west":{"uv":[6.8125,11.0625,7.0,11.1875],"rotation":0,"texture":"#0","tintindex":0},"up":{"uv":[11.1875,0.1875,11.0,0.0],"rotation":0,"texture":"#0","tintindex":0},"down":{"uv":[11.1875,0.1875,11.0,0.375],"rotation":0,"texture":"#0","tintindex":0}}},{"from":[9.692442,6.3238754,5.3532724],"to":[11.406728,7.466733,7.6389866],"rotation":{"angle":-45.0,"axis":"y","origin":[10.549585,7.422639,6.2541504]},"faces":{"east":{"uv":[1.25,11.0,1.5,11.125],"rotation":0,"texture":"#0","tintindex":0},"south":{"uv":[11.0625,7.625,11.25,7.75],"rotation":0,"texture":"#0","tintindex":0},"north":{"uv":[11.0625,7.5,11.25,7.625],"rotation":0,"texture":"#0","tintindex":0},"west":{"uv":[11.0,1.3125,11.25,1.4375],"rotation":0,"texture":"#0","tintindex":0},"up":{"uv":[6.5625,10.0625,6.375,9.8125],"rotation":0,"texture":"#0","tintindex":0},"down":{"uv":[3.8125,10.125,3.625,10.375],"rotation":0,"texture":"#0","tintindex":0}}},{"from":[9.978156,7.3785453,5.440743],"to":[11.121014,8.521402,7.155029],"rotation":{"angle":-45.0,"axis":"y","origin":[10.549585,7.422639,6.2541504]},"faces":{"east":{"uv":[11.0625,7.75,11.25,7.875],"rotation":0,"texture":"#0","tintindex":0},"south":{"uv":[7.5,10.375,7.625,10.5],"rotation":0,"texture":"#0","tintindex":0},"north":{"uv":[3.6875,10.375,3.8125,10.5],"rotation":0,"texture":"#0","tintindex":0},"west":{"uv":[8.0625,11.0625,8.25,11.1875],"rotation":0,"texture":"#0","tintindex":0},"up":{"uv":[2.0,9.0625,1.875,8.875],"rotation":0,"texture":"#0","tintindex":0},"down":{"uv":[6.6875,9.375,6.5625,9.5625],"rotation":0,"texture":"#0","tintindex":0}}}],"display":{"head":{"translation":[0.0,-6.4,0.0],"scale":[4.0,4.0,4.0]}}}