{"textures":{"0":"modelengine:entity/ankylo"},"elements":[{"from":[6.5714283,3.5466595,4.975731],"to":[9.428572,9.832375,8.975731],"rotation":{"angle":-22.5,"axis":"x","origin":[8.0,8.801242,7.8504357]},"faces":{"east":{"uv":[3.375,8.4375,3.8125,9.125],"rotation":0,"texture":"#0","tintindex":0},"south":{"uv":[9.3125,9.3125,9.625,10.0],"rotation":0,"texture":"#0","tintindex":0},"north":{"uv":[9.3125,8.625,9.625,9.3125],"rotation":0,"texture":"#0","tintindex":0},"west":{"uv":[8.4375,4.0625,8.875,4.75],"rotation":0,"texture":"#0","tintindex":0},"up":{"uv":[9.5,10.4375,9.1875,10.0],"rotation":0,"texture":"#0","tintindex":0},"down":{"uv":[10.3125,9.375,10.0,9.8125],"rotation":0,"texture":"#0","tintindex":0}}}],"display":{"head":{"translation":[0.0,-6.4,0.0],"scale":[4.0,4.0,4.0]}}}