{"textures":{"0":"modelengine:entity/ankylo"},"elements":[{"from":[6.9809523,8.31529,9.615472],"to":[9.266666,11.172433,14.186901],"rotation":{"angle":-22.5,"axis":"x","origin":[8.12381,9.743861,11.901186]},"faces":{"east":{"uv":[3.8125,9.75,4.3125,10.0625],"rotation":0,"texture":"#0","tintindex":0},"south":{"uv":[10.5625,10.4375,10.8125,10.75],"rotation":0,"texture":"#0","tintindex":0},"north":{"uv":[10.25,10.5625,10.5,10.875],"rotation":0,"texture":"#0","tintindex":0},"west":{"uv":[6.5625,9.75,7.0625,10.0625],"rotation":0,"texture":"#0","tintindex":0},"up":{"uv":[10.25,10.3125,10.0,9.8125],"rotation":0,"texture":"#0","tintindex":0},"down":{"uv":[2.0,10.0625,1.75,10.5625],"rotation":0,"texture":"#0","tintindex":0}}},{"from":[6.9809523,8.526086,2.890624],"to":[9.266666,11.383228,7.4620533],"rotation":{"angle":-22.5,"axis":"x","origin":[6.1238093,9.954657,5.690624]},"faces":{"east":{"uv":[8.375,9.6875,8.875,10.0],"rotation":0,"texture":"#0","tintindex":0},"south":{"uv":[10.5625,10.125,10.8125,10.4375],"rotation":0,"texture":"#0","tintindex":0},"north":{"uv":[10.5625,9.8125,10.8125,10.125],"rotation":0,"texture":"#0","tintindex":0},"west":{"uv":[1.8125,9.75,2.3125,10.0625],"rotation":0,"texture":"#0","tintindex":0},"up":{"uv":[9.75,10.5,9.5,10.0],"rotation":0,"texture":"#0","tintindex":0},"down":{"uv":[10.0,10.0,9.75,10.5],"rotation":0,"texture":"#0","tintindex":0}}},{"from":[6.9809523,6.1277676,-1.6494207],"to":[9.266666,10.699196,1.2077222],"rotation":{"angle":45.0,"axis":"x","origin":[6.2380953,8.98491,-1.4208498]},"faces":{"east":{"uv":[8.875,9.6875,9.1875,10.1875],"rotation":0,"texture":"#0","tintindex":0},"south":{"uv":[6.125,10.0625,6.375,10.5625],"rotation":0,"texture":"#0","tintindex":0},"north":{"uv":[5.875,10.0625,6.125,10.5625],"rotation":0,"texture":"#0","tintindex":0},"west":{"uv":[2.3125,9.75,2.625,10.25],"rotation":0,"texture":"#0","tintindex":0},"up":{"uv":[2.9375,10.9375,2.6875,10.625],"rotation":0,"texture":"#0","tintindex":0},"down":{"uv":[3.1875,10.625,2.9375,10.9375],"rotation":0,"texture":"#0","tintindex":0}}},{"from":[5.9066668,5.329072,-8.526693],"to":[8.398095,7.094786,-5.4181204],"rotation":{"angle":-45.0,"axis":"x","origin":[6.8095236,7.007868,-5.1397743]},"faces":{"east":{"uv":[10.75,6.125,11.0625,6.3125],"rotation":0,"texture":"#0","tintindex":0},"south":{"uv":[10.875,2.8125,11.125,3.0],"rotation":0,"texture":"#0","tintindex":0},"north":{"uv":[10.875,2.625,11.125,2.8125],"rotation":0,"texture":"#0","tintindex":0},"west":{"uv":[10.75,6.3125,11.0625,6.5],"rotation":0,"texture":"#0","tintindex":0},"up":{"uv":[3.4375,10.9375,3.1875,10.625],"rotation":0,"texture":"#0","tintindex":0},"down":{"uv":[3.6875,10.625,3.4375,10.9375],"rotation":0,"texture":"#0","tintindex":0}}},{"from":[7.095238,7.265534,14.866268],"to":[9.380953,9.551249,18.29484],"rotation":{"angle":-22.5,"axis":"x","origin":[7.3809524,9.208391,17.780554]},"faces":{"east":{"uv":[2.5625,10.375,2.9375,10.625],"rotation":0,"texture":"#0","tintindex":0},"south":{"uv":[0.25,10.75,0.5,11.0],"rotation":0,"texture":"#0","tintindex":0},"north":{"uv":[10.75,0.0,11.0,0.25],"rotation":0,"texture":"#0","tintindex":0},"west":{"uv":[2.9375,10.375,3.3125,10.625],"rotation":0,"texture":"#0","tintindex":0},"up":{"uv":[4.9375,2.375,4.6875,2.0],"rotation":0,"texture":"#0","tintindex":0},"down":{"uv":[10.25,10.3125,10.0,10.6875],"rotation":0,"texture":"#0","tintindex":0}}},{"from":[7.095238,6.351248,19.151981],"to":[9.380953,8.065534,22.009125],"rotation":{"angle":-22.5,"axis":"x","origin":[7.3809524,7.151248,20.69484]},"faces":{"east":{"uv":[1.375,10.8125,1.6875,11.0],"rotation":0,"texture":"#0","tintindex":0},"south":{"uv":[6.625,10.875,6.875,11.0625],"rotation":0,"texture":"#0","tintindex":0},"north":{"uv":[5.625,10.875,5.875,11.0625],"rotation":0,"texture":"#0","tintindex":0},"west":{"uv":[10.8125,2.25,11.125,2.4375],"rotation":0,"texture":"#0","tintindex":0},"up":{"uv":[7.5625,10.9375,7.3125,10.625],"rotation":0,"texture":"#0","tintindex":0},"down":{"uv":[10.875,7.875,10.625,8.1875],"rotation":0,"texture":"#0","tintindex":0}}}],"display":{"head":{"translation":[0.0,-6.4,0.0],"scale":[4.0,4.0,4.0]}}}