{"textures":{"0":"modelengine:entity/ankylo"},"elements":[{"from":[8.914286,9.670789,12.148506],"to":[11.2,11.385075,15.00565],"rotation":{"angle":0.0,"axis":"y","origin":[13.142858,13.89936,8.262792]},"faces":{"east":{"uv":[8.9375,10.8125,9.25,11.0],"rotation":0,"texture":"#0","tintindex":0},"south":{"uv":[10.9375,0.75,11.1875,0.9375],"rotation":0,"texture":"#0","tintindex":0},"north":{"uv":[0.75,10.9375,1.0,11.125],"rotation":0,"texture":"#0","tintindex":0},"west":{"uv":[9.5625,10.8125,9.875,11.0],"rotation":0,"texture":"#0","tintindex":0},"up":{"uv":[10.9375,4.4375,10.6875,4.125],"rotation":0,"texture":"#0","tintindex":0},"down":{"uv":[4.625,10.6875,4.375,11.0],"rotation":0,"texture":"#0","tintindex":0}}},{"from":[9.485714,10.585074,9.291364],"to":[11.771429,12.870789,12.719934],"rotation":{"angle":0.0,"axis":"y","origin":[13.142858,15.956503,5.348506]},"faces":{"east":{"uv":[10.5,1.5625,10.875,1.8125],"rotation":0,"texture":"#0","tintindex":0},"south":{"uv":[10.75,3.25,11.0,3.5],"rotation":0,"texture":"#0","tintindex":0},"north":{"uv":[1.75,10.75,2.0,11.0],"rotation":0,"texture":"#0","tintindex":0},"west":{"uv":[10.5,1.8125,10.875,2.0625],"rotation":0,"texture":"#0","tintindex":0},"up":{"uv":[10.75,6.25,10.5,5.875],"rotation":0,"texture":"#0","tintindex":0},"down":{"uv":[10.75,6.25,10.5,6.625],"rotation":0,"texture":"#0","tintindex":0}}},{"from":[4.8,9.670789,12.148506],"to":[7.0857143,11.385075,15.00565],"rotation":{"angle":0.0,"axis":"y","origin":[2.8571424,13.89936,8.262792]},"faces":{"east":{"uv":[9.875,10.8125,9.5625,11.0],"rotation":0,"texture":"#0","tintindex":0},"south":{"uv":[11.1875,0.75,10.9375,0.9375],"rotation":0,"texture":"#0","tintindex":0},"north":{"uv":[1.0,10.9375,0.75,11.125],"rotation":0,"texture":"#0","tintindex":0},"west":{"uv":[9.25,10.8125,8.9375,11.0],"rotation":0,"texture":"#0","tintindex":0},"up":{"uv":[10.6875,4.4375,10.9375,4.125],"rotation":0,"texture":"#0","tintindex":0},"down":{"uv":[4.375,10.6875,4.625,11.0],"rotation":0,"texture":"#0","tintindex":0}}},{"from":[4.2285714,10.585074,9.291364],"to":[6.5142856,12.870789,12.719934],"rotation":{"angle":0.0,"axis":"y","origin":[2.8571424,15.956503,5.348506]},"faces":{"east":{"uv":[10.875,1.8125,10.5,2.0625],"rotation":0,"texture":"#0","tintindex":0},"south":{"uv":[11.0,3.25,10.75,3.5],"rotation":0,"texture":"#0","tintindex":0},"north":{"uv":[2.0,10.75,1.75,11.0],"rotation":0,"texture":"#0","tintindex":0},"west":{"uv":[10.875,1.5625,10.5,1.8125],"rotation":0,"texture":"#0","tintindex":0},"up":{"uv":[10.5,6.25,10.75,5.875],"rotation":0,"texture":"#0","tintindex":0},"down":{"uv":[10.5,6.25,10.75,6.625],"rotation":0,"texture":"#0","tintindex":0}}},{"from":[4.525714,4.5654497,13.519239],"to":[11.474286,8.908307,18.296383],"rotation":{"angle":0.0,"axis":"y","origin":[8.0,4.5997353,9.176382]},"faces":{"east":{"uv":[8.875,4.5,9.375,5.0],"rotation":0,"texture":"#0","tintindex":0},"south":{"uv":[7.875,3.5625,8.625,4.0625],"rotation":0,"texture":"#0","tintindex":0},"north":{"uv":[6.5,7.8125,7.25,8.3125],"rotation":0,"texture":"#0","tintindex":0},"west":{"uv":[4.875,8.875,5.375,9.375],"rotation":0,"texture":"#0","tintindex":0},"up":{"uv":[8.75,1.125,8.0,0.625],"rotation":0,"texture":"#0","tintindex":0},"down":{"uv":[8.75,6.875,8.0,7.375],"rotation":0,"texture":"#0","tintindex":0}}},{"from":[3.0057144,8.345383,13.638233],"to":[12.994286,10.082525,18.575375],"rotation":{"angle":0.0,"axis":"y","origin":[8.0,9.213954,16.106804]},"faces":{"east":{"uv":[7.8125,1.75,8.375,1.9375],"rotation":0,"texture":"#0","tintindex":0},"south":{"uv":[9.3125,5.0,10.375,5.1875],"rotation":0,"texture":"#0","tintindex":0},"north":{"uv":[9.3125,2.25,10.375,2.4375],"rotation":0,"texture":"#0","tintindex":0},"west":{"uv":[8.0625,3.375,8.625,3.5625],"rotation":0,"texture":"#0","tintindex":0},"up":{"uv":[5.125,6.625,4.0625,6.0625],"rotation":0,"texture":"#0","tintindex":0},"down":{"uv":[7.3125,5.8125,6.25,6.375],"rotation":0,"texture":"#0","tintindex":0}}},{"from":[8.72,9.031097,15.923947],"to":[10.708571,10.196812,18.575375],"rotation":{"angle":-22.5,"axis":"x","origin":[8.0,9.213954,16.106804]},"faces":{"east":{"uv":[10.9375,4.25,11.25,4.375],"rotation":0,"texture":"#0","tintindex":0},"south":{"uv":[9.125,11.0625,9.3125,11.1875],"rotation":0,"texture":"#0","tintindex":0},"north":{"uv":[8.4375,11.0625,8.625,11.1875],"rotation":0,"texture":"#0","tintindex":0},"west":{"uv":[10.9375,7.0625,11.25,7.1875],"rotation":0,"texture":"#0","tintindex":0},"up":{"uv":[10.25,11.0,10.0625,10.6875],"rotation":0,"texture":"#0","tintindex":0},"down":{"uv":[2.1875,10.75,2.0,11.0625],"rotation":0,"texture":"#0","tintindex":0}}},{"from":[5.2914286,9.031097,15.923947],"to":[7.2799997,10.196812,18.575375],"rotation":{"angle":-22.5,"axis":"x","origin":[8.0,9.213954,16.106804]},"faces":{"east":{"uv":[11.25,7.0625,10.9375,7.1875],"rotation":0,"texture":"#0","tintindex":0},"south":{"uv":[9.3125,11.0625,9.125,11.1875],"rotation":0,"texture":"#0","tintindex":0},"north":{"uv":[8.625,11.0625,8.4375,11.1875],"rotation":0,"texture":"#0","tintindex":0},"west":{"uv":[11.25,4.25,10.9375,4.375],"rotation":0,"texture":"#0","tintindex":0},"up":{"uv":[10.0625,11.0,10.25,10.6875],"rotation":0,"texture":"#0","tintindex":0},"down":{"uv":[2.0,10.75,2.1875,11.0625],"rotation":0,"texture":"#0","tintindex":0}}},{"from":[11.577143,8.68824,15.352518],"to":[15.851429,9.853954,16.861092],"rotation":{"angle":-22.5,"axis":"y","origin":[14.285715,9.271097,16.106804]},"faces":{"east":{"uv":[9.3125,11.0625,9.5,11.1875],"rotation":0,"texture":"#0","tintindex":0},"south":{"uv":[10.8125,10.5,11.25,10.625],"rotation":0,"texture":"#0","tintindex":0},"north":{"uv":[10.8125,8.8125,11.25,8.9375],"rotation":0,"texture":"#0","tintindex":0},"west":{"uv":[9.75,11.0625,9.9375,11.1875],"rotation":0,"texture":"#0","tintindex":0},"up":{"uv":[11.0,2.625,10.5625,2.4375],"rotation":0,"texture":"#0","tintindex":0},"down":{"uv":[11.0,3.0625,10.5625,3.25],"rotation":0,"texture":"#0","tintindex":0}}},{"from":[11.577143,8.68824,17.295376],"to":[15.851429,9.853954,18.803947],"rotation":{"angle":-22.5,"axis":"y","origin":[14.285715,9.271097,16.106804]},"faces":{"east":{"uv":[10.25,11.0625,10.4375,11.1875],"rotation":0,"texture":"#0","tintindex":0},"south":{"uv":[10.8125,10.75,11.25,10.875],"rotation":0,"texture":"#0","tintindex":0},"north":{"uv":[10.8125,10.625,11.25,10.75],"rotation":0,"texture":"#0","tintindex":0},"west":{"uv":[10.6875,11.0625,10.875,11.1875],"rotation":0,"texture":"#0","tintindex":0},"up":{"uv":[4.125,10.75,3.6875,10.5625],"rotation":0,"texture":"#0","tintindex":0},"down":{"uv":[5.5,10.5625,5.0625,10.75],"rotation":0,"texture":"#0","tintindex":0}}},{"from":[0.14857101,8.68824,15.352518],"to":[4.422857,9.853954,16.861092],"rotation":{"angle":22.5,"axis":"y","origin":[1.7142854,9.271097,16.106804]},"faces":{"east":{"uv":[9.9375,11.0625,9.75,11.1875],"rotation":0,"texture":"#0","tintindex":0},"south":{"uv":[11.25,10.5,10.8125,10.625],"rotation":0,"texture":"#0","tintindex":0},"north":{"uv":[11.25,8.8125,10.8125,8.9375],"rotation":0,"texture":"#0","tintindex":0},"west":{"uv":[9.5,11.0625,9.3125,11.1875],"rotation":0,"texture":"#0","tintindex":0},"up":{"uv":[10.5625,2.625,11.0,2.4375],"rotation":0,"texture":"#0","tintindex":0},"down":{"uv":[10.5625,3.0625,11.0,3.25],"rotation":0,"texture":"#0","tintindex":0}}},{"from":[0.14857101,8.68824,17.295376],"to":[4.422857,9.853954,18.803947],"rotation":{"angle":22.5,"axis":"y","origin":[1.7142854,9.271097,16.106804]},"faces":{"east":{"uv":[10.875,11.0625,10.6875,11.1875],"rotation":0,"texture":"#0","tintindex":0},"south":{"uv":[11.25,10.75,10.8125,10.875],"rotation":0,"texture":"#0","tintindex":0},"north":{"uv":[11.25,10.625,10.8125,10.75],"rotation":0,"texture":"#0","tintindex":0},"west":{"uv":[10.4375,11.0625,10.25,11.1875],"rotation":0,"texture":"#0","tintindex":0},"up":{"uv":[3.6875,10.75,4.125,10.5625],"rotation":0,"texture":"#0","tintindex":0},"down":{"uv":[5.0625,10.5625,5.5,10.75],"rotation":0,"texture":"#0",