{"textures":{"0":"modelengine:entity/ankylo"},"elements":[{"from":[5.3828573,6.2765713,7.1142855],"to":[10.617143,10.048,11.32],"rotation":{"angle":0.0,"axis":"y","origin":[8.0,9.142858,9.2]},"faces":{"east":{"uv":[1.375,9.375,1.8125,9.8125],"rotation":0,"texture":"#0","tintindex":0},"south":{"uv":[7.625,9.0,8.1875,9.4375],"rotation":0,"texture":"#0","tintindex":0},"north":{"uv":[7.0625,9.0,7.625,9.4375],"rotation":0,"texture":"#0","tintindex":0},"west":{"uv":[4.9375,9.375,5.375,9.8125],"rotation":0,"texture":"#0","tintindex":0},"up":{"uv":[8.75,9.4375,8.1875,9.0],"rotation":0,"texture":"#0","tintindex":0},"down":{"uv":[9.3125,9.0,8.75,9.4375],"rotation":0,"texture":"#0","tintindex":0}}},{"from":[4.1485715,9.254857,7.285714],"to":[11.851429,10.420571,11.651428],"rotation":{"angle":0.0,"axis":"y","origin":[8.0,9.142858,9.2]},"faces":{"east":{"uv":[10.6875,9.625,11.1875,9.75],"rotation":0,"texture":"#0","tintindex":0},"south":{"uv":[9.875,2.125,10.6875,2.25],"rotation":0,"texture":"#0","tintindex":0},"north":{"uv":[9.3125,5.1875,10.125,5.3125],"rotation":0,"texture":"#0","tintindex":0},"west":{"uv":[10.75,4.4375,11.25,4.5625],"rotation":0,"texture":"#0","tintindex":0},"up":{"uv":[8.4375,4.5625,7.625,4.0625],"rotation":0,"texture":"#0","tintindex":0},"down":{"uv":[8.4375,4.5625,7.625,5.0625],"rotation":0,"texture":"#0","tintindex":0}}},{"from":[6.948571,9.654858,8.2],"to":[8.937143,10.820572,10.280001],"rotation":{"angle":-22.5,"axis":"x","origin":[10.285714,10.980572,9.468572]},"faces":{"east":{"uv":[4.375,11.0,4.625,11.125],"rotation":0,"texture":"#0","tintindex":0},"south":{"uv":[1.1875,11.125,1.375,11.25],"rotation":0,"texture":"#0","tintindex":0},"north":{"uv":[1.0,11.125,1.1875,11.25],"rotation":0,"texture":"#0","tintindex":0},"west":{"uv":[5.875,11.0,6.125,11.125],"rotation":0,"texture":"#0","tintindex":0},"up":{"uv":[3.125,11.1875,2.9375,10.9375],"rotation":0,"texture":"#0","tintindex":0},"down":{"uv":[3.3125,10.9375,3.125,11.1875],"rotation":0,"texture":"#0","tintindex":0}}},{"from":[8.548572,9.654858,7.9714284],"to":[12.822857,10.249144,9.48],"rotation":{"angle":-22.5,"axis":"y","origin":[12.0,9.952,9.1828575]},"faces":{"east":{"uv":[9.3125,0.9375,9.5,1.0],"rotation":0,"texture":"#0","tintindex":0},"south":{"uv":[4.6875,7.125,5.125,7.1875],"rotation":0,"texture":"#0","tintindex":0},"north":{"uv":[6.75,4.6875,7.1875,4.75],"rotation":0,"texture":"#0","tintindex":0},"west":{"uv":[9.5,0.9375,9.6875,1.0],"rotation":0,"texture":"#0","tintindex":0},"up":{"uv":[5.9375,10.75,5.5,10.5625],"rotation":0,"texture":"#0","tintindex":0},"down":{"uv":[6.375,10.5625,5.9375,10.75],"rotation":0,"texture":"#0","tintindex":0}}},{"from":[8.548572,9.654858,9.742857],"to":[12.822857,10.249144,11.251429],"rotation":{"angle":-22.5,"axis":"y","origin":[12.0,9.952,9.1828575]},"faces":{"east":{"uv":[9.6875,5.875,9.875,5.9375],"rotation":0,"texture":"#0","tintindex":0},"south":{"uv":[5.8125,8.25,6.25,8.3125],"rotation":0,"texture":"#0","tintindex":0},"north":{"uv":[7.25,8.1875,7.6875,8.25],"rotation":0,"texture":"#0","tintindex":0},"west":{"uv":[9.8125,1.3125,10.0,1.375],"rotation":0,"texture":"#0","tintindex":0},"up":{"uv":[11.0,8.625,10.5625,8.4375],"rotation":0,"texture":"#0","tintindex":0},"down":{"uv":[9.0625,10.5625,8.625,10.75],"rotation":0,"texture":"#0","tintindex":0}}},{"from":[3.177143,9.654858,7.9714284],"to":[7.4514284,10.249144,9.48],"rotation":{"angle":22.5,"axis":"y","origin":[4.0,9.952,9.1828575]},"faces":{"east":{"uv":[9.6875,0.9375,9.5,1.0],"rotation":0,"texture":"#0","tintindex":0},"south":{"uv":[5.125,7.125,4.6875,7.1875],"rotation":0,"texture":"#0","tintindex":0},"north":{"uv":[7.1875,4.6875,6.75,4.75],"rotation":0,"texture":"#0","tintindex":0},"west":{"uv":[9.5,0.9375,9.3125,1.0],"rotation":0,"texture":"#0","tintindex":0},"up":{"uv":[5.5,10.75,5.9375,10.5625],"rotation":0,"texture":"#0","tintindex":0},"down":{"uv":[5.9375,10.5625,6.375,10.75],"rotation":0,"texture":"#0","tintindex":0}}},{"from":[3.177143,9.654858,9.742857],"to":[7.4514284,10.249144,11.251429],"rotation":{"angle":22.5,"axis":"y","origin":[4.0,9.952,9.1828575]},"faces":{"east":{"uv":[10.0,1.3125,9.8125,1.375],"rotation":0,"texture":"#0","tintindex":0},"south":{"uv":[6.25,8.25,5.8125,8.3125],"rotation":0,"texture":"#0","tintindex":0},"north":{"uv":[7.6875,8.1875,7.25,8.25],"rotation":0,"texture":"#0","tintindex":0},"west":{"uv":[9.875,5.875,9.6875,5.9375],"rotation":0,"texture":"#0","tintindex":0},"up":{"uv":[10.5625,8.625,11.0,8.4375],"rotation":0,"texture":"#0","tintindex":0},"down":{"uv":[8.625,10.5625,9.0625,10.75],"rotation":0,"texture":"#0","tintindex":0}}},{"from":[5.1485715,9.026286,11.285714],"to":[10.565714,10.192,15.651429],"rotation":{"angle":0.0,"axis":"y","origin":[8.0,9.142858,9.2]},"faces":{"east":{"uv":[10.75,4.5625,11.25,4.6875],"rotation":0,"texture":"#0","tintindex":0},"south":{"uv":[10.6875,9.25,11.25,9.375],"rotation":0,"texture":"#0","tintindex":0},"north":{"uv":[7.5625,10.6875,8.125,10.8125],"rotation":0,"texture":"#0","tintindex":0},"west":{"uv":[10.75,4.6875,11.25,4.8125],"rotation":0,"texture":"#0","tintindex":0},"up":{"uv":[4.375,9.125,3.8125,8.625],"rotation":0,"texture":"#0","tintindex":0},"down":{"uv":[2.9375,8.6875,2.375,9.1875],"rotation":0,"texture":"#0","tintindex":0}}},{"from":[7.3199997,9.597714,12.028572],"to":[8.737143,10.763429,14.108572],"rotation":{"angle":-22.5,"axis":"x","origin":[9.285714,10.466286,13.582857]},"faces":{"east":{"uv":[11.0,8.5,11.25,8.625],"rotation":0,"texture":"#0","tintindex":0},"south":{"uv":[6.25,10.75,6.375,10.875],"rotation":0,"texture":"#0","tintindex":0},"north":{"uv":[0.25,10.625,0.375,10.75],"rotation":0,"texture":"#0","tintindex":0},"west":{"uv":[8.875,11.0,9.125,11.125],"rotation":0,"texture":"#0","tintindex":0},"up":{"uv":[2.5,5.6875,2.375,5.4375],"rotation":0,"texture":"#0","tintindex":0},"down":{"uv":[5.25,6.0625,5.125,6.3125],"rotation":0,"texture":"#0","tintindex":0}}},{"from":[9.148571,9.369143,12.257143],"to":[11.708571,9.9634285,13.765715],"rotation":{"angle":-22.5,"axis":"y","origin":[11.571428,9.6662855,12.611429]},"faces":{"east":{"uv":[0.625,9.875,0.8125,9.9375],"rotation":0,"texture":"#0","tintindex":0},"south":{"uv":[6.5625,1.9375,6.8125,2.0],"rotation":0,"texture":"#0","tintindex":0},"north":{"uv":[2.125,6.375,2.375,6.4375],"rotation":0,"texture":"#0","tintindex":0},"west":{"uv":[9.875,6.625,10.0625,6.6875],"rotation":0,"texture":"#0","tintindex":0},"up":{"uv":[3.5625,11.125,3.3125,10.9375],"rotation":0,"texture":"#0","tintindex":0},"down":{"uv":[11.1875,3.6875,10.9375,3.875],"rotation":0,"texture":"#0","tintindex":0}}},{"from":[9.32,9.369143,14.257143],"to":[11.88,9.9634285,15.765715],"rotation":{"angle":-22.5,"axis":"y","origin":[11.571428,9.6662855,12.611429]},"faces":{"east":{"uv":[10.0,1.3125,10.1875,1.375],"rotation":0,"texture":"#0","tintindex":0},"south":{"uv":[6.25,8.25,6.5,8.3125],"rotation":0,"texture":"#0","tintindex":0},"north":{"uv":[7.1875,4.6875,7.4375,4.75],"rotation":0,"texture":"#0","tintindex":0},"west":{"uv":[10.0625,6.625,10.25,6.6875],"rotation":0,"texture":"#0","tintindex":0},"up":{"uv":[11.1875,4.0625,10.9375,3.875],"rotation":0,"texture":"#0","tintindex":0},"down":{"uv":[11.1875,4.0625,10.9375,4.25],"rotation":0,"texture":"#0","tintindex":0}}},{"from":[4.2914286,9.369143,12.257143],"to":[6.8514285,9.9634285,13.765715],"rotation":{"angle":22.5,"axis":"y","origin":[4.428571,9.6662855,12.611429]},"faces":{"east":{"uv":[10.0625,6.625,9.875,6.6875],"rotation":0,"texture":"#0","tintindex":0},"south":{"uv":[6.8125,1.9375,6.5625,2.0],"rotation":0,"texture":"#0","tintindex":0},"north":{"uv":[2.375,6.375,2.125,6.4375],"rotation":0,"texture":"#0","tintindex":0},"west":{"uv":[0.8125,9.875,0.625,9.9375],"rotation":0,"texture":"#0","tintindex":0},"up":{"uv":[3.3125,11.125,3.5625,10.9375],"rotation":0,"texture":"#0","tintindex":0},"down":{"uv":[10.9375,3.6875,11.1875,3.875],"rotation":0,"texture":"#0","tintindex":0}}},{"from":[4.12,9.369143,14.257143],"to":[6.68,9.9634285,15.765715],