{"textures":{"0":"modelengine:entity/ankylo"},"elements":[{"from":[6.5257144,6.390857,7.1142855],"to":[9.474286,9.5908575,10.748571],"rotation":{"angle":0.0,"axis":"y","origin":[8.0,9.142858,8.6285715]},"faces":{"east":{"uv":[7.4375,1.125,7.8125,1.5],"rotation":0,"texture":"#0","tintindex":0},"south":{"uv":[10.25,10.1875,10.5625,10.5625],"rotation":0,"texture":"#0","tintindex":0},"north":{"uv":[10.25,9.8125,10.5625,10.1875],"rotation":0,"texture":"#0","tintindex":0},"west":{"uv":[1.375,9.8125,1.75,10.1875],"rotation":0,"texture":"#0","tintindex":0},"up":{"uv":[10.625,3.875,10.3125,3.5],"rotation":0,"texture":"#0","tintindex":0},"down":{"uv":[6.6875,10.3125,6.375,10.6875],"rotation":0,"texture":"#0","tintindex":0}}},{"from":[6.4342856,8.683429,7.857143],"to":[9.565714,9.849143,11.08],"rotation":{"angle":0.0,"axis":"y","origin":[8.0,9.142858,8.6285715]},"faces":{"east":{"uv":[9.1875,1.375,9.5625,1.5],"rotation":0,"texture":"#0","tintindex":0},"south":{"uv":[8.0625,10.9375,8.375,11.0625],"rotation":0,"texture":"#0","tintindex":0},"north":{"uv":[10.9375,7.1875,11.25,7.3125],"rotation":0,"texture":"#0","tintindex":0},"west":{"uv":[9.5625,4.375,9.9375,4.5],"rotation":0,"texture":"#0","tintindex":0},"up":{"uv":[10.625,7.5,10.3125,7.125],"rotation":0,"texture":"#0","tintindex":0},"down":{"uv":[10.625,8.9375,10.3125,9.3125],"rotation":0,"texture":"#0","tintindex":0}}},{"from":[6.72,8.340571,10.714286],"to":[9.28,9.506286,15.08],"rotation":{"angle":0.0,"axis":"y","origin":[8.0,9.142858,8.6285715]},"faces":{"east":{"uv":[10.75,5.875,11.25,6.0],"rotation":0,"texture":"#0","tintindex":0},"south":{"uv":[11.0625,2.0625,11.3125,2.1875],"rotation":0,"texture":"#0","tintindex":0},"north":{"uv":[9.5,11.0,9.75,11.125],"rotation":0,"texture":"#0","tintindex":0},"west":{"uv":[10.75,6.0,11.25,6.125],"rotation":0,"texture":"#0","tintindex":0},"up":{"uv":[1.25,10.625,1.0,10.125],"rotation":0,"texture":"#0","tintindex":0},"down":{"uv":[7.125,10.125,6.875,10.625],"rotation":0,"texture":"#0","tintindex":0}}},{"from":[6.8114285,6.848,10.542857],"to":[9.188572,8.905143,15.320001],"rotation":{"angle":0.0,"axis":"y","origin":[8.0,9.142858,8.6285715]},"faces":{"east":{"uv":[7.125,10.125,7.625,10.375],"rotation":0,"texture":"#0","tintindex":0},"south":{"uv":[6.0,10.75,6.25,11.0],"rotation":0,"texture":"#0","tintindex":0},"north":{"uv":[3.6875,10.75,3.9375,11.0],"rotation":0,"texture":"#0","tintindex":0},"west":{"uv":[1.25,10.1875,1.75,10.4375],"rotation":0,"texture":"#0","tintindex":0},"up":{"uv":[4.5625,10.6875,4.3125,10.1875],"rotation":0,"texture":"#0","tintindex":0},"down":{"uv":[4.8125,10.1875,4.5625,10.6875],"rotation":0,"texture":"#0","tintindex":0}}},{"from":[5.960457,5.824,14.6096],"to":[10.325257,10.500571,19.824686],"rotation":{"angle":0.0,"axis":"y","origin":[7.9657145,9.378195,6.7044573]},"faces":{"east":{"uv":[5.75,8.6875,6.3125,9.1875],"rotation":0,"texture":"#0","tintindex":0},"south":{"uv":[0.5,8.9375,1.0,9.4375],"rotation":0,"texture":"#0","tintindex":0},"north":{"uv":[0.0,8.9375,0.5,9.4375],"rotation":0,"texture":"#0","tintindex":0},"west":{"uv":[8.75,0.5,9.3125,1.0],"rotation":0,"texture":"#0","tintindex":0},"up":{"uv":[9.25,7.25,8.75,6.6875],"rotation":0,"texture":"#0","tintindex":0},"down":{"uv":[9.3125,7.25,8.8125,7.8125],"rotation":0,"texture":"#0","tintindex":0}}},{"from":[4.118171,6.5325713,15.034742],"to":[12.167543,9.792,19.399544],"rotation":{"angle":0.0,"axis":"y","origin":[8.142858,8.162286,16.645714]},"faces":{"east":{"uv":[3.3125,9.5,3.8125,9.875],"rotation":0,"texture":"#0","tintindex":0},"south":{"uv":[5.8125,8.3125,6.6875,8.6875],"rotation":0,"texture":"#0","tintindex":0},"north":{"uv":[8.125,8.25,9.0,8.625],"rotation":0,"texture":"#0","tintindex":0},"west":{"uv":[0.875,9.5625,1.375,9.9375],"rotation":0,"texture":"#0","tintindex":0},"up":{"uv":[8.0625,6.875,7.1875,6.375],"rotation":0,"texture":"#0","tintindex":0},"down":{"uv":[8.1875,5.75,7.3125,6.25],"rotation":0,"texture":"#0","tintindex":0}}}],"display":{"head":{"translation":[0.0,-6.4,0.0],"scale":[4.0,4.0,4.0]}}}