{"textures":{"0":"modelengine:entity/tc_cyclops"},"elements":[{"from":[7.1371427,2.7725224,10.890605],"to":[8.851429,7.058237,16.60489],"rotation":{"angle":22.5,"axis":"x","origin":[7.9942856,6.285714,10.103763]},"faces":{"east":{"uv":[8.125,3.21875,8.4375,3.46875],"rotation":0,"texture":"#0","tintindex":0},"south":{"uv":[1.34375,9.53125,1.4375,9.78125],"rotation":0,"texture":"#0","tintindex":0},"north":{"uv":[1.25,9.53125,1.34375,9.78125],"rotation":0,"texture":"#0","tintindex":0},"west":{"uv":[3.65625,8.125,3.96875,8.375],"rotation":0,"texture":"#0","tintindex":0},"up":{"uv":[9.40625,8.9375,9.3125,8.625],"rotation":0,"texture":"#0","tintindex":0},"down":{"uv":[8.96875,9.3125,8.875,9.625],"rotation":0,"texture":"#0","tintindex":0}}},{"from":[7.1542854,-0.7783365,10.507227],"to":[8.834286,0.9016633,12.187227],"rotation":{"angle":-22.5,"axis":"x","origin":[7.9942856,6.285714,10.103763]},"faces":{"east":{"uv":[3.34375,10.0625,3.4375,10.15625],"rotation":0,"texture":"#0","tintindex":0},"south":{"uv":[3.4375,10.0625,3.53125,10.15625],"rotation":0,"texture":"#0","tintindex":0},"north":{"uv":[3.25,10.0625,3.34375,10.15625],"rotation":0,"texture":"#0","tintindex":0},"west":{"uv":[3.53125,10.0625,3.625,10.15625],"rotation":0,"texture":"#0","tintindex":0},"up":{"uv":[3.71875,10.15625,3.625,10.0625],"rotation":0,"texture":"#0","tintindex":0},"down":{"uv":[3.9375,10.0625,3.84375,10.15625],"rotation":0,"texture":"#0","tintindex":0}}},{"from":[7.12,1.6934237,1.5910077],"to":[8.868571,6.8705673,9.031008],"rotation":{"angle":-45.0,"axis":"x","origin":[7.9942856,6.285714,7.818048]},"faces":{"east":{"uv":[1.96875,7.40625,2.375,7.6875],"rotation":0,"texture":"#0","tintindex":0},"south":{"uv":[5.6875,9.4375,5.78125,9.71875],"rotation":0,"texture":"#0","tintindex":0},"north":{"uv":[5.59375,9.4375,5.6875,9.71875],"rotation":0,"texture":"#0","tintindex":0},"west":{"uv":[7.40625,4.09375,7.8125,4.375],"rotation":0,"texture":"#0","tintindex":0},"up":{"uv":[3.09375,9.34375,3.0,8.9375],"rotation":0,"texture":"#0","tintindex":0},"down":{"uv":[3.3125,8.9375,3.21875,9.34375],"rotation":0,"texture":"#0","tintindex":0}}},{"from":[7.1542854,0.79685116,4.9108706],"to":[8.834286,4.7625656,6.59087],"rotation":{"angle":22.5,"axis":"x","origin":[7.9942856,6.285714,7.818048]},"faces":{"east":{"uv":[0.0,9.59375,0.09375,9.8125],"rotation":0,"texture":"#0","tintindex":0},"south":{"uv":[9.59375,0.0,9.6875,0.21875],"rotation":0,"texture":"#0","tintindex":0},"north":{"uv":[9.5625,9.09375,9.65625,9.3125],"rotation":0,"texture":"#0","tintindex":0},"west":{"uv":[9.59375,0.21875,9.6875,0.4375],"rotation":0,"texture":"#0","tintindex":0},"up":{"uv":[4.03125,10.15625,3.9375,10.0625],"rotation":0,"texture":"#0","tintindex":0},"down":{"uv":[10.15625,4.28125,10.0625,4.375],"rotation":0,"texture":"#0","tintindex":0}}},{"from":[7.0742855,-4.0138617,3.7492208],"to":[8.9257145,0.5804243,6.0577927],"rotation":{"angle":22.5,"axis":"x","origin":[7.932168,-1.1620216,5.111596]},"faces":{"east":{"uv":[9.21875,2.25,9.34375,2.5],"rotation":0,"texture":"#0","tintindex":0},"south":{"uv":[1.78125,9.53125,1.875,9.78125],"rotation":0,"texture":"#0","tintindex":0},"north":{"uv":[1.6875,9.53125,1.78125,9.78125],"rotation":0,"texture":"#0","tintindex":0},"west":{"uv":[9.21875,4.25,9.34375,4.5],"rotation":0,"texture":"#0","tintindex":0},"up":{"uv":[9.96875,2.34375,9.875,2.21875],"rotation":0,"texture":"#0","tintindex":0},"down":{"uv":[9.96875,2.34375,9.875,2.46875],"rotation":0,"texture":"#0","tintindex":0}}},{"from":[7.1771426,-2.9533205,6.0987988],"to":[8.857143,-0.107605934,7.7787986],"rotation":{"angle":0.0,"axis":"y","origin":[8.017143,0.020161629,9.092352]},"faces":{"east":{"uv":[9.8125,9.53125,9.90625,9.6875],"rotation":0,"texture":"#0","tintindex":0},"south":{"uv":[9.5625,9.8125,9.65625,9.96875],"rotation":0,"texture":"#0","tintindex":0},"north":{"uv":[9.8125,9.375,9.90625,9.53125],"rotation":0,"texture":"#0","tintindex":0},"west":{"uv":[9.8125,9.6875,9.90625,9.84375],"rotation":0,"texture":"#0","tintindex":0},"up":{"uv":[4.59375,10.15625,4.5,10.0625],"rotation":0,"texture":"#0","tintindex":0},"down":{"uv":[4.6875,10.0625,4.59375,10.15625],"rotation":0,"texture":"#0","tintindex":0}}},{"from":[7.1542854,15.098337,10.507227],"to":[8.834286,16.778336,12.187227],"rotation":{"angle":22.5,"axis":"x","origin":[7.9942856,9.714286,10.103763]},"faces":{"east":{"uv":[4.78125,10.0625,4.875,10.15625],"rotation":0,"texture":"#0","tintindex":0},"south":{"uv":[4.875,10.0625,4.96875,10.15625],"rotation":0,"texture":"#0","tintindex":0},"north":{"uv":[4.6875,10.0625,4.78125,10.15625],"rotation":0,"texture":"#0","tintindex":0},"west":{"uv":[4.96875,10.0625,5.0625,10.15625],"rotation":0,"texture":"#0","tintindex":0},"up":{"uv":[5.15625,10.15625,5.0625,10.0625],"rotation":0,"texture":"#0","tintindex":0},"down":{"uv":[5.25,10.0625,5.15625,10.15625],"rotation":0,"texture":"#0","tintindex":0}}},{"from":[7.1371427,8.941763,10.890605],"to":[8.851429,13.227478,16.60489],"rotation":{"angle":-22.5,"axis":"x","origin":[7.9942856,9.714286,10.103763]},"faces":{"east":{"uv":[4.65625,8.125,4.96875,8.375],"rotation":0,"texture":"#0","tintindex":0},"south":{"uv":[4.71875,9.53125,4.8125,9.78125],"rotation":0,"texture":"#0","tintindex":0},"north":{"uv":[2.71875,9.53125,2.8125,9.78125],"rotation":0,"texture":"#0","tintindex":0},"west":{"uv":[0.25,8.15625,0.5625,8.40625],"rotation":0,"texture":"#0","tintindex":0},"up":{"uv":[9.0625,9.625,8.96875,9.3125],"rotation":0,"texture":"#0","tintindex":0},"down":{"uv":[9.40625,9.125,9.3125,9.4375],"rotation":0,"texture":"#0","tintindex":0}}},{"from":[7.12,9.129433,1.5910077],"to":[8.868571,14.306576,9.031008],"rotation":{"angle":45.0,"axis":"x","origin":[7.9942856,9.714286,7.818048]},"faces":{"east":{"uv":[0.0,7.4375,0.40625,7.71875],"rotation":0,"texture":"#0","tintindex":0},"south":{"uv":[6.09375,9.4375,6.1875,9.71875],"rotation":0,"texture":"#0","tintindex":0},"north":{"uv":[5.78125,9.4375,5.875,9.71875],"rotation":0,"texture":"#0","tintindex":0},"west":{"uv":[0.40625,7.4375,0.8125,7.71875],"rotation":0,"texture":"#0","tintindex":0},"up":{"uv":[3.40625,9.34375,3.3125,8.9375],"rotation":0,"texture":"#0","tintindex":0},"down":{"uv":[3.5,8.9375,3.40625,9.34375],"rotation":0,"texture":"#0","tintindex":0}}},{"from":[7.1542854,11.237434,4.9108706],"to":[8.834286,15.203149,6.59087],"rotation":{"angle":-22.5,"axis":"x","origin":[7.9942856,9.714286,7.818048]},"faces":{"east":{"uv":[9.59375,0.90625,9.6875,1.125],"rotation":0,"texture":"#0","tintindex":0},"south":{"uv":[9.59375,1.375,9.6875,1.59375],"rotation":0,"texture":"#0","tintindex":0},"north":{"uv":[9.59375,0.6875,9.6875,0.90625],"rotation":0,"texture":"#0","tintindex":0},"west":{"uv":[1.875,9.59375,1.96875,9.8125],"rotation":0,"texture":"#0","tintindex":0},"up":{"uv":[5.34375,10.15625,5.25,10.0625],"rotation":0,"texture":"#0","tintindex":0},"down":{"uv":[5.4375,10.0625,5.34375,10.15625],"rotation":0,"texture":"#0","tintindex":0}}},{"from":[7.0742855,15.419576,3.7492208],"to":[8.9257145,20.013863,6.0577927],"rotation":{"angle":-22.5,"axis":"x","origin":[7.932168,17.162022,5.111596]},"faces":{"east":{"uv":[9.21875,4.5,9.34375,4.75],"rotation":0,"texture":"#0","tintindex":0},"south":{"uv":[4.90625,9.53125,5.0,9.78125],"rotation":0,"texture":"#0","tintindex":0},"north":{"uv":[4.8125,9.53125,4.90625,9.78125],"rotation":0,"texture":"#0","tintindex":0},"west":{"uv":[9.21875,4.75,9.34375,5.0],"rotation":0,"texture":"#0","tintindex":0},"up":{"uv":[9.96875,2.59375,9.875,2.46875],"rotation":0,"texture":"#0","tintindex":0},"down":{"uv":[9.96875,2.59375,9.875,2.71875],"rotation":0,"texture":"#0","tintindex":0}}},{"from":[7.1771426,16.107605,6.0987988],"to":[8.857143,18.95332,7.7787986],"rotation":{"angle":0.0,"axis":"y","origin":[8.017143,15.979838,9.092352]},"faces":{"east":{"uv":[1.9375,9.84375,2.03125,10.0],"rotation":0,"texture":"#0","tintindex":0},"south":{"uv":[2.78125,9.84375,2.875,10.0],"rotation":0,"texture":"#0","tintindex":0},"north":{"uv":[1.5,9.84375,1.59375,10.0],