{"textures":{"0":"modelengine:entity/tc_cyclops"},"elements":[{"from":[6.633957,0.5142851,4.5714283],"to":[8.348243,6.2285714,11.428572],"rotation":{"angle":0.0,"axis":"y","origin":[1.4910994,5.0857143,8.0]},"faces":{"east":{"uv":[0.5,1.78125,0.875,2.09375],"rotation":0,"texture":"#0","tintindex":0},"south":{"uv":[2.375,7.40625,2.46875,7.71875],"rotation":0,"texture":"#0","tintindex":0},"north":{"uv":[0.9375,4.5,1.03125,4.8125],"rotation":0,"texture":"#0","tintindex":0},"west":{"uv":[1.5,2.5625,1.875,2.875],"rotation":0,"texture":"#0","tintindex":0},"up":{"uv":[4.75,9.3125,4.65625,8.9375],"rotation":0,"texture":"#0","tintindex":0},"down":{"uv":[9.03125,4.75,8.9375,5.125],"rotation":0,"texture":"#0","tintindex":0}}},{"from":[7.633957,5.0857143,4.0],"to":[9.348243,10.8,12.0],"rotation":{"angle":0.0,"axis":"y","origin":[2.4910994,9.657143,8.0]},"faces":{"east":{"uv":[6.96875,4.15625,7.40625,4.46875],"rotation":0,"texture":"#0","tintindex":0},"south":{"uv":[8.34375,9.1875,8.4375,9.5],"rotation":0,"texture":"#0","tintindex":0},"north":{"uv":[4.1875,7.65625,4.28125,7.96875],"rotation":0,"texture":"#0","tintindex":0},"west":{"uv":[7.03125,1.21875,7.46875,1.53125],"rotation":0,"texture":"#0","tintindex":0},"up":{"uv":[2.09375,9.34375,2.0,8.90625],"rotation":0,"texture":"#0","tintindex":0},"down":{"uv":[0.34375,8.9375,0.25,9.375],"rotation":0,"texture":"#0","tintindex":0}}},{"from":[8.782528,9.091429,3.4342856],"to":[10.485386,14.794286,12.565714],"rotation":{"angle":0.0,"axis":"y","origin":[3.633957,13.657143,8.0]},"faces":{"east":{"uv":[6.5,3.84375,7.0,4.15625],"rotation":0,"texture":"#0","tintindex":0},"south":{"uv":[7.21875,9.25,7.3125,9.5625],"rotation":0,"texture":"#0","tintindex":0},"north":{"uv":[7.125,9.25,7.21875,9.5625],"rotation":0,"texture":"#0","tintindex":0},"west":{"uv":[6.5,6.625,7.0,6.9375],"rotation":0,"texture":"#0","tintindex":0},"up":{"uv":[7.1875,9.125,7.09375,8.625],"rotation":0,"texture":"#0","tintindex":0},"down":{"uv":[4.25,8.8125,4.15625,9.3125],"rotation":0,"texture":"#0","tintindex":0}}},{"from":[8.776814,11.3714285,5.714286],"to":[12.205385,12.514286,9.142858],"rotation":{"angle":45.0,"axis":"y","origin":[11.062529,10.8,8.0]},"faces":{"east":{"uv":[6.28125,5.6875,6.46875,5.75],"rotation":0,"texture":"#0","tintindex":0},"south":{"uv":[3.4375,7.25,3.625,7.3125],"rotation":0,"texture":"#0","tintindex":0},"north":{"uv":[5.875,1.9375,6.0625,2.0],"rotation":0,"texture":"#0","tintindex":0},"west":{"uv":[5.28125,7.375,5.46875,7.4375],"rotation":0,"texture":"#0","tintindex":0},"up":{"uv":[2.15625,7.15625,1.96875,6.96875],"rotation":0,"texture":"#0","tintindex":0},"down":{"uv":[3.1875,7.0625,3.0,7.25],"rotation":0,"texture":"#0","tintindex":0}}},{"from":[7.919671,7.0857143,4.8571424],"to":[11.348243,8.228572,8.285714],"rotation":{"angle":45.0,"axis":"y","origin":[11.062529,10.8,8.0]},"faces":{"east":{"uv":[8.28125,3.6875,8.46875,3.75],"rotation":0,"texture":"#0","tintindex":0},"south":{"uv":[8.6875,7.65625,8.875,7.71875],"rotation":0,"texture":"#0","tintindex":0},"north":{"uv":[2.8125,8.0,3.0,8.0625],"rotation":0,"texture":"#0","tintindex":0},"west":{"uv":[8.875,1.03125,9.0625,1.09375],"rotation":0,"texture":"#0","tintindex":0},"up":{"uv":[7.75,8.15625,7.5625,7.96875],"rotation":0,"texture":"#0","tintindex":0},"down":{"uv":[4.15625,8.125,3.96875,8.3125],"rotation":0,"texture":"#0","tintindex":0}}},{"from":[7.411621,9.085714,11.295867],"to":[9.125907,14.8,15.867296],"rotation":{"angle":-45.0,"axis":"y","origin":[8.2687645,13.657143,13.581581]},"faces":{"east":{"uv":[2.5625,8.0,2.8125,8.3125],"rotation":0,"texture":"#0","tintindex":0},"south":{"uv":[1.875,9.28125,1.96875,9.59375],"rotation":0,"texture":"#0","tintindex":0},"north":{"uv":[0.0,9.28125,0.09375,9.59375],"rotation":0,"texture":"#0","tintindex":0},"west":{"uv":[3.40625,8.0,3.65625,8.3125],"rotation":0,"texture":"#0","tintindex":0},"up":{"uv":[9.40625,9.6875,9.3125,9.4375],"rotation":0,"texture":"#0","tintindex":0},"down":{"uv":[4.625,9.46875,4.53125,9.71875],"rotation":0,"texture":"#0","tintindex":0}}},{"from":[7.416023,11.3714285,10.804353],"to":[10.844595,12.514286,14.232924],"rotation":{"angle":22.5,"axis":"y","origin":[9.130308,11.942858,12.175781]},"faces":{"east":{"uv":[9.8125,8.40625,10.0,8.46875],"rotation":0,"texture":"#0","tintindex":0},"south":{"uv":[9.84375,1.28125,10.03125,1.34375],"rotation":0,"texture":"#0","tintindex":0},"north":{"uv":[8.9375,5.40625,9.125,5.46875],"rotation":0,"texture":"#0","tintindex":0},"west":{"uv":[9.84375,1.34375,10.03125,1.40625],"rotation":0,"texture":"#0","tintindex":0},"up":{"uv":[7.0,8.4375,6.8125,8.25],"rotation":0,"texture":"#0","tintindex":0},"down":{"uv":[9.125,5.125,8.9375,5.3125],"rotation":0,"texture":"#0","tintindex":0}}},{"from":[5.2731657,2.7999997,9.661496],"to":[8.701737,3.9428568,13.090067],"rotation":{"angle":22.5,"axis":"y","origin":[6.9874516,3.371428,11.032925]},"faces":{"east":{"uv":[9.875,0.75,10.0625,0.8125],"rotation":0,"texture":"#0","tintindex":0},"south":{"uv":[9.875,0.8125,10.0625,0.875],"rotation":0,"texture":"#0","tintindex":0},"north":{"uv":[9.875,0.6875,10.0625,0.75],"rotation":0,"texture":"#0","tintindex":0},"west":{"uv":[9.875,0.875,10.0625,0.9375],"rotation":0,"texture":"#0","tintindex":0},"up":{"uv":[9.21875,4.8125,9.03125,4.625],"rotation":0,"texture":"#0","tintindex":0},"down":{"uv":[9.21875,4.8125,9.03125,5.0],"rotation":0,"texture":"#0","tintindex":0}}},{"from":[5.2744784,0.5199995,10.158724],"to":[6.9773355,6.222857,14.718724],"rotation":{"angle":-45.0,"axis":"y","origin":[6.125907,5.0857143,12.4387245]},"faces":{"east":{"uv":[5.53125,8.03125,5.78125,8.34375],"rotation":0,"texture":"#0","tintindex":0},"south":{"uv":[6.59375,9.3125,6.6875,9.625],"rotation":0,"texture":"#0","tintindex":0},"north":{"uv":[4.34375,9.3125,4.4375,9.625],"rotation":0,"texture":"#0","tintindex":0},"west":{"uv":[5.78125,8.03125,6.03125,8.34375],"rotation":0,"texture":"#0","tintindex":0},"up":{"uv":[2.34375,9.75,2.25,9.5],"rotation":0,"texture":"#0","tintindex":0},"down":{"uv":[6.0625,9.5,5.96875,9.75],"rotation":0,"texture":"#0","tintindex":0}}},{"from":[7.446051,5.0914288,7.9017253],"to":[9.148909,10.794286,12.461725],"rotation":{"angle":-45.0,"axis":"y","origin":[4.2974796,9.657143,10.1817255]},"faces":{"east":{"uv":[6.3125,8.03125,6.5625,8.34375],"rotation":0,"texture":"#0","tintindex":0},"south":{"uv":[6.78125,9.3125,6.875,9.625],"rotation":0,"texture":"#0","tintindex":0},"north":{"uv":[6.6875,9.3125,6.78125,9.625],"rotation":0,"texture":"#0","tintindex":0},"west":{"uv":[2.8125,8.0625,3.0625,8.375],"rotation":0,"texture":"#0","tintindex":0},"up":{"uv":[6.5625,9.75,6.46875,9.5],"rotation":0,"texture":"#0","tintindex":0},"down":{"uv":[7.0625,9.5,6.96875,9.75],"rotation":0,"texture":"#0","tintindex":0}}},{"from":[7.416023,11.3714285,1.7670755],"to":[10.844595,12.514286,5.1956472],"rotation":{"angle":-22.5,"axis":"y","origin":[9.130308,11.942858,3.8242183]},"faces":{"east":{"uv":[9.84375,8.96875,10.03125,9.03125],"rotation":0,"texture":"#0","tintindex":0},"south":{"uv":[9.875,0.5625,10.0625,0.625],"rotation":0,"texture":"#0","tintindex":0},"north":{"uv":[9.84375,8.90625,10.03125,8.96875],"rotation":0,"texture":"#0","tintindex":0},"west":{"uv":[9.875,0.625,10.0625,0.6875],"rotation":0,"texture":"#0","tintindex":0},"up":{"uv":[9.21875,4.4375,9.03125,4.25],"rotation":0,"texture":"#0","tintindex":0},"down":{"uv":[9.21875,4.4375,9.03125,4.625],"rotation":0,"texture":"#0","tintindex":0}}},{"from":[7.411621,9.085714,0.13270426],"to":[9.125907,14.8,4.704133],"rotation":{"angle":45.0,"axis":"y","origin":[8.2687645,13.657143,2.4184184]},"faces":{"east":{"uv":[6.0625,8.0,6.3125,8.3125],"rotation":0,"texture":"#0","tintindex":0},"south":{"uv":[0.09375,9.3125,0.1875,9.625],"rotation":0,"texture":"#0","tintindex":0},"north":{"uv":[5.875,9.28125,5.96875,9.59375],"rotation":0,"texture":"#0","tintindex":0},"west":{"uv":[8.03125,0.0,8.28125,0.3125],"rotation":0,"texture":"#0","tintindex":0},"up":{"uv":[2.15625,9.75,2.0625,9.5],"rotation":0,