{"textures":{"0":"modelengine:entity/tc_cyclops"},"elements":[{"from":[7.1371427,2.7725224,10.890605],"to":[8.851429,7.058237,16.60489],"rotation":{"angle":22.5,"axis":"x","origin":[7.9942856,6.285714,10.103763]},"faces":{"east":{"uv":[8.03125,1.5625,8.34375,1.8125],"rotation":0,"texture":"#0","tintindex":0},"south":{"uv":[1.15625,9.53125,1.25,9.78125],"rotation":0,"texture":"#0","tintindex":0},"north":{"uv":[1.0625,9.53125,1.15625,9.78125],"rotation":0,"texture":"#0","tintindex":0},"west":{"uv":[8.09375,6.6875,8.40625,6.9375],"rotation":0,"texture":"#0","tintindex":0},"up":{"uv":[7.6875,9.625,7.59375,9.3125],"rotation":0,"texture":"#0","tintindex":0},"down":{"uv":[9.40625,7.90625,9.3125,8.21875],"rotation":0,"texture":"#0","tintindex":0}}},{"from":[7.1542854,-0.7783365,10.507227],"to":[8.834286,0.9016633,12.187227],"rotation":{"angle":-22.5,"axis":"x","origin":[7.9942856,6.285714,10.103763]},"faces":{"east":{"uv":[10.0625,2.8125,10.15625,2.90625],"rotation":0,"texture":"#0","tintindex":0},"south":{"uv":[2.875,10.0625,2.96875,10.15625],"rotation":0,"texture":"#0","tintindex":0},"north":{"uv":[2.78125,10.0625,2.875,10.15625],"rotation":0,"texture":"#0","tintindex":0},"west":{"uv":[2.96875,10.0625,3.0625,10.15625],"rotation":0,"texture":"#0","tintindex":0},"up":{"uv":[3.15625,10.15625,3.0625,10.0625],"rotation":0,"texture":"#0","tintindex":0},"down":{"uv":[3.25,10.0625,3.15625,10.15625],"rotation":0,"texture":"#0","tintindex":0}}},{"from":[7.12,1.6934237,1.5910077],"to":[8.868571,6.8705673,9.031008],"rotation":{"angle":-45.0,"axis":"x","origin":[7.9942856,6.285714,7.818048]},"faces":{"east":{"uv":[7.375,6.25,7.78125,6.53125],"rotation":0,"texture":"#0","tintindex":0},"south":{"uv":[5.5,9.4375,5.59375,9.71875],"rotation":0,"texture":"#0","tintindex":0},"north":{"uv":[5.40625,9.4375,5.5,9.71875],"rotation":0,"texture":"#0","tintindex":0},"west":{"uv":[7.40625,1.9375,7.8125,2.21875],"rotation":0,"texture":"#0","tintindex":0},"up":{"uv":[2.90625,9.34375,2.8125,8.9375],"rotation":0,"texture":"#0","tintindex":0},"down":{"uv":[3.0,8.9375,2.90625,9.34375],"rotation":0,"texture":"#0","tintindex":0}}},{"from":[7.1542854,0.79685116,4.9108706],"to":[8.834286,4.7625656,6.59087],"rotation":{"angle":22.5,"axis":"x","origin":[7.9942856,6.285714,7.818048]},"faces":{"east":{"uv":[8.25,9.5625,8.34375,9.78125],"rotation":0,"texture":"#0","tintindex":0},"south":{"uv":[9.5625,8.375,9.65625,8.59375],"rotation":0,"texture":"#0","tintindex":0},"north":{"uv":[8.15625,9.5625,8.25,9.78125],"rotation":0,"texture":"#0","tintindex":0},"west":{"uv":[9.5625,8.875,9.65625,9.09375],"rotation":0,"texture":"#0","tintindex":0},"up":{"uv":[2.78125,10.15625,2.6875,10.0625],"rotation":0,"texture":"#0","tintindex":0},"down":{"uv":[10.15625,2.71875,10.0625,2.8125],"rotation":0,"texture":"#0","tintindex":0}}},{"from":[7.0742855,-4.0138617,3.7492208],"to":[8.9257145,0.5804243,6.0577927],"rotation":{"angle":22.5,"axis":"x","origin":[7.932168,-1.1620216,5.111596]},"faces":{"east":{"uv":[9.21875,1.75,9.34375,2.0],"rotation":0,"texture":"#0","tintindex":0},"south":{"uv":[0.96875,9.53125,1.0625,9.78125],"rotation":0,"texture":"#0","tintindex":0},"north":{"uv":[0.875,9.53125,0.96875,9.78125],"rotation":0,"texture":"#0","tintindex":0},"west":{"uv":[9.21875,2.0,9.34375,2.25],"rotation":0,"texture":"#0","tintindex":0},"up":{"uv":[9.96875,2.09375,9.875,1.96875],"rotation":0,"texture":"#0","tintindex":0},"down":{"uv":[9.96875,2.09375,9.875,2.21875],"rotation":0,"texture":"#0","tintindex":0}}},{"from":[7.1771426,-2.9533205,6.0987988],"to":[8.857143,-0.107605934,7.7787986],"rotation":{"angle":0.0,"axis":"y","origin":[8.017143,0.020161629,9.092352]},"faces":{"east":{"uv":[8.8125,9.8125,8.90625,9.96875],"rotation":0,"texture":"#0","tintindex":0},"south":{"uv":[8.90625,9.8125,9.0,9.96875],"rotation":0,"texture":"#0","tintindex":0},"north":{"uv":[9.8125,8.25,9.90625,8.40625],"rotation":0,"texture":"#0","tintindex":0},"west":{"uv":[9.8125,9.21875,9.90625,9.375],"rotation":0,"texture":"#0","tintindex":0},"up":{"uv":[1.84375,10.15625,1.75,10.0625],"rotation":0,"texture":"#0","tintindex":0},"down":{"uv":[10.15625,1.84375,10.0625,1.9375],"rotation":0,"texture":"#0","tintindex":0}}},{"from":[7.1542854,15.098337,10.507227],"to":[8.834286,16.778336,12.187227],"rotation":{"angle":22.5,"axis":"x","origin":[7.9942856,9.714286,10.103763]},"faces":{"east":{"uv":[7.1875,8.46875,7.28125,8.5625],"rotation":0,"texture":"#0","tintindex":0},"south":{"uv":[7.75,8.625,7.84375,8.71875],"rotation":0,"texture":"#0","tintindex":0},"north":{"uv":[8.0625,8.15625,8.15625,8.25],"rotation":0,"texture":"#0","tintindex":0},"west":{"uv":[9.03125,8.65625,9.125,8.75],"rotation":0,"texture":"#0","tintindex":0},"up":{"uv":[9.6875,1.21875,9.59375,1.125],"rotation":0,"texture":"#0","tintindex":0},"down":{"uv":[9.71875,4.875,9.625,4.96875],"rotation":0,"texture":"#0","tintindex":0}}},{"from":[7.1371427,8.941763,10.890605],"to":[8.851429,13.227478,16.60489],"rotation":{"angle":-22.5,"axis":"x","origin":[7.9942856,9.714286,10.103763]},"faces":{"east":{"uv":[8.0,5.0,8.3125,5.25],"rotation":0,"texture":"#0","tintindex":0},"south":{"uv":[9.0625,9.46875,9.15625,9.71875],"rotation":0,"texture":"#0","tintindex":0},"north":{"uv":[9.46875,8.875,9.5625,9.125],"rotation":0,"texture":"#0","tintindex":0},"west":{"uv":[6.71875,8.0,7.03125,8.25],"rotation":0,"texture":"#0","tintindex":0},"up":{"uv":[2.625,9.59375,2.53125,9.28125],"rotation":0,"texture":"#0","tintindex":0},"down":{"uv":[2.71875,9.28125,2.625,9.59375],"rotation":0,"texture":"#0","tintindex":0}}},{"from":[7.12,9.129433,1.5910077],"to":[8.868571,14.306576,9.031008],"rotation":{"angle":45.0,"axis":"x","origin":[7.9942856,9.714286,7.818048]},"faces":{"east":{"uv":[7.375,3.8125,7.78125,4.09375],"rotation":0,"texture":"#0","tintindex":0},"south":{"uv":[8.4375,9.375,8.53125,9.65625],"rotation":0,"texture":"#0","tintindex":0},"north":{"uv":[0.46875,3.71875,0.5625,4.0],"rotation":0,"texture":"#0","tintindex":0},"west":{"uv":[3.875,7.375,4.28125,7.65625],"rotation":0,"texture":"#0","tintindex":0},"up":{"uv":[1.6875,9.34375,1.59375,8.9375],"rotation":0,"texture":"#0","tintindex":0},"down":{"uv":[2.8125,8.9375,2.71875,9.34375],"rotation":0,"texture":"#0","tintindex":0}}},{"from":[7.1542854,11.237434,4.9108706],"to":[8.834286,15.203149,6.59087],"rotation":{"angle":-22.5,"axis":"x","origin":[7.9942856,9.714286,7.818048]},"faces":{"east":{"uv":[8.3125,6.46875,8.40625,6.6875],"rotation":0,"texture":"#0","tintindex":0},"south":{"uv":[9.5625,5.875,9.65625,6.09375],"rotation":0,"texture":"#0","tintindex":0},"north":{"uv":[6.09375,3.0625,6.1875,3.28125],"rotation":0,"texture":"#0","tintindex":0},"west":{"uv":[7.875,9.5625,7.96875,9.78125],"rotation":0,"texture":"#0","tintindex":0},"up":{"uv":[10.15625,1.125,10.0625,1.03125],"rotation":0,"texture":"#0","tintindex":0},"down":{"uv":[1.21875,10.0625,1.125,10.15625],"rotation":0,"texture":"#0","tintindex":0}}},{"from":[7.0742855,15.419576,3.7492208],"to":[8.9257145,20.013863,6.0577927],"rotation":{"angle":-22.5,"axis":"x","origin":[7.932168,17.162022,5.111596]},"faces":{"east":{"uv":[3.46875,5.78125,3.59375,6.03125],"rotation":0,"texture":"#0","tintindex":0},"south":{"uv":[9.5,0.1875,9.59375,0.4375],"rotation":0,"texture":"#0","tintindex":0},"north":{"uv":[9.15625,9.46875,9.25,9.71875],"rotation":0,"texture":"#0","tintindex":0},"west":{"uv":[2.90625,5.9375,3.03125,6.1875],"rotation":0,"texture":"#0","tintindex":0},"up":{"uv":[9.40625,1.5625,9.3125,1.4375],"rotation":0,"texture":"#0","tintindex":0},"down":{"uv":[9.9375,7.59375,9.84375,7.71875],"rotation":0,"texture":"#0","tintindex":0}}},{"from":[7.1714287,16.53144,4.1541996],"to":[8.885715,19.674297,7.2970567],"rotation":{"angle":22.5,"axis":"x","origin":[8.0,18.10287,5.725628]},"faces":{"east":{"uv":[9.34375,2.25,9.5,2.4375],"rotation":90,"texture":"#0","tintindex":0},"south":{"uv":[3.4375,9.84375,3.34375,10.0],"rotation":0,"texture":"#0","tintindex":0},"north":{"uv":[9.9375,3.4375,9.84375,3.28125],"rotation":180,