{"textures":{"0":"modelengine:entity/tc_cyclops"},"elements":[{"from":[3.3576126,4.623827,3.9882402],"to":[13.010024,8.612398,10.971098],"rotation":{"angle":-22.5,"axis":"x","origin":[8.183818,7.4752555,7.479669]},"faces":{"east":{"uv":[4.78125,7.90625,5.15625,8.125],"rotation":0,"texture":"#0","tintindex":0},"south":{"uv":[7.375,3.59375,7.90625,3.8125],"rotation":0,"texture":"#0","tintindex":0},"north":{"uv":[7.375,2.34375,7.90625,2.5625],"rotation":0,"texture":"#0","tintindex":0},"west":{"uv":[0.34375,7.9375,0.71875,8.15625],"rotation":0,"texture":"#0","tintindex":0},"up":{"uv":[1.0625,5.90625,0.53125,5.53125],"rotation":0,"texture":"#0","tintindex":0},"down":{"uv":[6.0625,4.9375,5.53125,5.3125],"rotation":0,"texture":"#0","tintindex":0}}},{"from":[2.8971143,7.865221,4.904759],"to":[12.039971,12.43665,11.761902],"rotation":{"angle":22.5,"axis":"z","origin":[7.8685427,9.865221,8.401902]},"faces":{"east":{"uv":[2.65625,7.75,3.03125,8.0],"rotation":0,"texture":"#0","tintindex":0},"south":{"uv":[7.15625,5.03125,7.65625,5.28125],"rotation":0,"texture":"#0","tintindex":0},"north":{"uv":[7.15625,3.0625,7.65625,3.3125],"rotation":0,"texture":"#0","tintindex":0},"west":{"uv":[7.75,3.28125,8.125,3.53125],"rotation":0,"texture":"#0","tintindex":0},"up":{"uv":[6.59375,6.59375,6.09375,6.21875],"rotation":0,"texture":"#0","tintindex":0},"down":{"uv":[6.78125,5.3125,6.28125,5.6875],"rotation":0,"texture":"#0","tintindex":0}}},{"from":[3.2957382,5.766304,4.0913696],"to":[13.021453,8.634875,10.959942],"rotation":{"angle":22.5,"axis":"x","origin":[8.158595,7.2005897,7.5256553]},"faces":{"east":{"uv":[8.5625,2.90625,8.9375,3.0625],"rotation":0,"texture":"#0","tintindex":0},"south":{"uv":[7.84375,2.75,8.375,2.90625],"rotation":0,"texture":"#0","tintindex":0},"north":{"uv":[7.8125,4.1875,8.34375,4.34375],"rotation":0,"texture":"#0","tintindex":0},"west":{"uv":[8.5625,7.21875,8.9375,7.375],"rotation":0,"texture":"#0","tintindex":0},"up":{"uv":[1.59375,5.9375,1.0625,5.5625],"rotation":0,"texture":"#0","tintindex":0},"down":{"uv":[3.03125,5.5625,2.5,5.9375],"rotation":0,"texture":"#0","tintindex":0}}},{"from":[3.3014526,6.9753323,4.9047594],"to":[13.0157385,9.832476,11.761902],"rotation":{"angle":0.0,"axis":"y","origin":[8.158595,7.2610464,7.1904736]},"faces":{"east":{"uv":[7.90625,8.5625,8.28125,8.71875],"rotation":0,"texture":"#0","tintindex":0},"south":{"uv":[7.875,1.21875,8.40625,1.375],"rotation":0,"texture":"#0","tintindex":0},"north":{"uv":[7.875,1.0625,8.40625,1.21875],"rotation":0,"texture":"#0","tintindex":0},"west":{"uv":[8.5625,8.1875,8.9375,8.34375],"rotation":0,"texture":"#0","tintindex":0},"up":{"uv":[6.09375,3.28125,5.5625,2.90625],"rotation":0,"texture":"#0","tintindex":0},"down":{"uv":[6.09375,3.90625,5.5625,4.28125],"rotation":0,"texture":"#0","tintindex":0}}}],"display":{"head":{"translation":[0.0,-6.4,0.0],"scale":[4.0,4.0,4.0]}}}