{"textures":{"0":"modelengine:entity/tc_cyclops"},"elements":[{"from":[6.862904,21.105207,21.40971],"to":[11.720047,30.248066,31.902569],"rotation":{"angle":-22.5,"axis":"z","origin":[8.022684,9.430019,14.88814]},"faces":{"east":{"uv":[3.8125,3.0625,4.375,3.5625],"rotation":0,"texture":"#0","tintindex":0},"south":{"uv":[4.15625,6.875,4.4375,7.375],"rotation":0,"texture":"#0","tintindex":0},"north":{"uv":[0.9375,6.84375,1.21875,7.34375],"rotation":0,"texture":"#0","tintindex":0},"west":{"uv":[0.46875,4.0,1.03125,4.5],"rotation":0,"texture":"#0","tintindex":0},"up":{"uv":[6.21875,7.15625,5.9375,6.59375],"rotation":0,"texture":"#0","tintindex":0},"down":{"uv":[6.875,6.0625,6.59375,6.625],"rotation":0,"texture":"#0","tintindex":0}}},{"from":[3.92381,22.857141,21.409695],"to":[8.780953,32.0,31.902552],"rotation":{"angle":22.5,"axis":"z","origin":[12.192602,11.181955,14.985571]},"faces":{"east":{"uv":[2.59375,4.03125,3.15625,4.53125],"rotation":0,"texture":"#0","tintindex":0},"south":{"uv":[1.6875,6.96875,1.96875,7.46875],"rotation":0,"texture":"#0","tintindex":0},"north":{"uv":[6.875,6.9375,7.15625,7.4375],"rotation":0,"texture":"#0","tintindex":0},"west":{"uv":[4.09375,3.5625,4.65625,4.0625],"rotation":0,"texture":"#0","tintindex":0},"up":{"uv":[6.5,7.15625,6.21875,6.59375],"rotation":0,"texture":"#0","tintindex":0},"down":{"uv":[0.28125,6.625,0.0,7.1875],"rotation":0,"texture":"#0","tintindex":0}}},{"from":[1.0739284,18.666882,21.400887],"to":[14.97143,29.109741,32.0],"rotation":{"angle":0.0,"axis":"y","origin":[8.022684,9.430019,16.030996]},"faces":{"east":{"uv":[3.15625,0.4375,3.75,1.0],"rotation":0,"texture":"#0","tintindex":0},"south":{"uv":[2.40625,1.75,3.15625,2.3125],"rotation":0,"texture":"#0","tintindex":0},"north":{"uv":[2.40625,1.1875,3.15625,1.75],"rotation":0,"texture":"#0","tintindex":0},"west":{"uv":[3.15625,1.0,3.75,1.5625],"rotation":0,"texture":"#0","tintindex":0},"up":{"uv":[3.0625,0.59375,2.3125,0.0],"rotation":0,"texture":"#0","tintindex":0},"down":{"uv":[3.15625,0.59375,2.40625,1.1875],"rotation":0,"texture":"#0","tintindex":0}}}],"display":{"head":{"translation":[0.0,28.910181,0.4380417],"scale":[4.0,4.0,4.0]}}}