{"textures":{"0":"modelengine:entity/tc_cyclops"},"elements":[{"from":[2.989976,4.623827,3.9882402],"to":[12.642387,8.612398,10.971098],"rotation":{"angle":-22.5,"axis":"x","origin":[7.8161817,7.4752555,7.479669]},"faces":{"east":{"uv":[6.34375,7.8125,6.71875,8.03125],"rotation":0,"texture":"#0","tintindex":0},"south":{"uv":[7.375,0.84375,7.90625,1.0625],"rotation":0,"texture":"#0","tintindex":0},"north":{"uv":[7.34375,6.03125,7.875,6.25],"rotation":0,"texture":"#0","tintindex":0},"west":{"uv":[3.03125,7.84375,3.40625,8.0625],"rotation":0,"texture":"#0","tintindex":0},"up":{"uv":[5.84375,2.53125,5.3125,2.15625],"rotation":0,"texture":"#0","tintindex":0},"down":{"uv":[5.90625,2.53125,5.375,2.90625],"rotation":0,"texture":"#0","tintindex":0}}},{"from":[3.9600286,7.865221,4.904759],"to":[13.102886,12.43665,11.761902],"rotation":{"angle":-22.5,"axis":"z","origin":[8.131457,9.865221,8.401902]},"faces":{"east":{"uv":[2.28125,7.71875,2.65625,7.96875],"rotation":0,"texture":"#0","tintindex":0},"south":{"uv":[1.96875,7.15625,2.46875,7.40625],"rotation":0,"texture":"#0","tintindex":0},"north":{"uv":[7.0625,4.78125,7.5625,5.03125],"rotation":0,"texture":"#0","tintindex":0},"west":{"uv":[7.40625,7.71875,7.78125,7.96875],"rotation":0,"texture":"#0","tintindex":0},"up":{"uv":[6.09375,6.5625,5.59375,6.1875],"rotation":0,"texture":"#0","tintindex":0},"down":{"uv":[3.40625,6.21875,2.90625,6.59375],"rotation":0,"texture":"#0","tintindex":0}}},{"from":[2.978547,5.766304,4.0913696],"to":[12.704262,8.634875,10.959942],"rotation":{"angle":22.5,"axis":"x","origin":[7.8414044,7.2005897,7.5256553]},"faces":{"east":{"uv":[6.8125,8.46875,7.1875,8.625],"rotation":0,"texture":"#0","tintindex":0},"south":{"uv":[7.5625,0.6875,8.09375,0.84375],"rotation":0,"texture":"#0","tintindex":0},"north":{"uv":[5.5625,4.28125,6.09375,4.4375],"rotation":0,"texture":"#0","tintindex":0},"west":{"uv":[7.53125,8.46875,7.90625,8.625],"rotation":0,"texture":"#0","tintindex":0},"up":{"uv":[5.3125,5.75,4.78125,5.375],"rotation":0,"texture":"#0","tintindex":0},"down":{"uv":[5.84375,5.375,5.3125,5.75],"rotation":0,"texture":"#0","tintindex":0}}},{"from":[2.9842615,6.9753323,4.9047594],"to":[12.698547,9.832476,11.761902],"rotation":{"angle":0.0,"axis":"y","origin":[7.8414044,7.2610464,7.1904736]},"faces":{"east":{"uv":[8.5,0.65625,8.875,0.8125],"rotation":0,"texture":"#0","tintindex":0},"south":{"uv":[7.8125,4.03125,8.34375,4.1875],"rotation":0,"texture":"#0","tintindex":0},"north":{"uv":[7.78125,5.28125,8.3125,5.4375],"rotation":0,"texture":"#0","tintindex":0},"west":{"uv":[3.21875,8.5,3.59375,8.65625],"rotation":0,"texture":"#0","tintindex":0},"up":{"uv":[3.59375,5.78125,3.0625,5.40625],"rotation":0,"texture":"#0","tintindex":0},"down":{"uv":[0.53125,5.53125,0.0,5.90625],"rotation":0,"texture":"#0","tintindex":0}}}],"display":{"head":{"translation":[0.0,-6.4,0.0],"scale":[4.0,4.0,4.0]}}}