{"textures":{"0":"modelengine:entity/tc_cyclops"},"elements":[{"from":[7.6517572,0.5142851,4.5714283],"to":[9.366043,6.2285714,11.428572],"rotation":{"angle":0.0,"axis":"y","origin":[14.508901,5.0857143,8.0]},"faces":{"east":{"uv":[1.65625,3.5625,2.03125,3.875],"rotation":0,"texture":"#0","tintindex":0},"south":{"uv":[2.875,9.34375,2.96875,9.65625],"rotation":0,"texture":"#0","tintindex":0},"north":{"uv":[1.96875,9.34375,2.0625,9.65625],"rotation":0,"texture":"#0","tintindex":0},"west":{"uv":[4.90625,7.34375,5.28125,7.65625],"rotation":0,"texture":"#0","tintindex":0},"up":{"uv":[8.53125,9.375,8.4375,9.0],"rotation":0,"texture":"#0","tintindex":0},"down":{"uv":[3.1875,9.0625,3.09375,9.4375],"rotation":0,"texture":"#0","tintindex":0}}},{"from":[6.6517572,5.0857143,4.0],"to":[8.366043,10.8,12.0],"rotation":{"angle":0.0,"axis":"y","origin":[13.508901,9.657143,8.0]},"faces":{"east":{"uv":[7.03125,2.75,7.46875,3.0625],"rotation":0,"texture":"#0","tintindex":0},"south":{"uv":[3.1875,9.34375,3.28125,9.65625],"rotation":0,"texture":"#0","tintindex":0},"north":{"uv":[2.96875,9.34375,3.0625,9.65625],"rotation":0,"texture":"#0","tintindex":0},"west":{"uv":[7.0625,4.46875,7.5,4.78125],"rotation":0,"texture":"#0","tintindex":0},"up":{"uv":[1.03125,9.375,0.9375,8.9375],"rotation":0,"texture":"#0","tintindex":0},"down":{"uv":[1.125,8.9375,1.03125,9.375],"rotation":0,"texture":"#0","tintindex":0}}},{"from":[5.5146146,9.091429,3.4342856],"to":[7.2174716,14.794286,12.565714],"rotation":{"angle":0.0,"axis":"y","origin":[12.366043,13.657143,8.0]},"faces":{"east":{"uv":[6.65625,3.0625,7.15625,3.375],"rotation":0,"texture":"#0","tintindex":0},"south":{"uv":[3.375,9.34375,3.46875,9.65625],"rotation":0,"texture":"#0","tintindex":0},"north":{"uv":[3.28125,9.34375,3.375,9.65625],"rotation":0,"texture":"#0","tintindex":0},"west":{"uv":[4.59375,6.65625,5.09375,6.96875],"rotation":0,"texture":"#0","tintindex":0},"up":{"uv":[4.34375,9.3125,4.25,8.8125],"rotation":0,"texture":"#0","tintindex":0},"down":{"uv":[4.4375,8.8125,4.34375,9.3125],"rotation":0,"texture":"#0","tintindex":0}}},{"from":[3.7946143,11.3714285,5.714286],"to":[7.223186,12.514286,9.142858],"rotation":{"angle":-45.0,"axis":"y","origin":[4.9374714,10.8,8.0]},"faces":{"east":{"uv":[9.875,4.3125,10.0625,4.375],"rotation":0,"texture":"#0","tintindex":0},"south":{"uv":[9.875,5.375,10.0625,5.4375],"rotation":0,"texture":"#0","tintindex":0},"north":{"uv":[9.875,2.71875,10.0625,2.78125],"rotation":0,"texture":"#0","tintindex":0},"west":{"uv":[9.875,5.4375,10.0625,5.5],"rotation":0,"texture":"#0","tintindex":0},"up":{"uv":[9.25,1.46875,9.0625,1.28125],"rotation":0,"texture":"#0","tintindex":0},"down":{"uv":[9.25,3.625,9.0625,3.8125],"rotation":0,"texture":"#0","tintindex":0}}},{"from":[4.6517572,7.0857143,4.8571424],"to":[8.080329,8.228572,8.285714],"rotation":{"angle":-45.0,"axis":"y","origin":[4.9374714,10.8,8.0]},"faces":{"east":{"uv":[9.875,5.5625,10.0625,5.625],"rotation":0,"texture":"#0","tintindex":0},"south":{"uv":[9.875,6.25,10.0625,6.3125],"rotation":0,"texture":"#0","tintindex":0},"north":{"uv":[9.875,5.5,10.0625,5.5625],"rotation":0,"texture":"#0","tintindex":0},"west":{"uv":[9.875,6.3125,10.0625,6.375],"rotation":0,"texture":"#0","tintindex":0},"up":{"uv":[9.25,6.90625,9.0625,6.71875],"rotation":0,"texture":"#0","tintindex":0},"down":{"uv":[9.28125,3.8125,9.09375,4.0],"rotation":0,"texture":"#0","tintindex":0}}},{"from":[6.874093,9.085714,11.295867],"to":[8.588379,14.8,15.867296],"rotation":{"angle":45.0,"axis":"y","origin":[7.731236,13.657143,13.581581]},"faces":{"east":{"uv":[4.96875,8.15625,5.21875,8.46875],"rotation":0,"texture":"#0","tintindex":0},"south":{"uv":[3.5625,9.34375,3.65625,9.65625],"rotation":0,"texture":"#0","tintindex":0},"north":{"uv":[3.46875,9.34375,3.5625,9.65625],"rotation":0,"texture":"#0","tintindex":0},"west":{"uv":[5.21875,8.15625,5.46875,8.46875],"rotation":0,"texture":"#0","tintindex":0},"up":{"uv":[9.65625,3.0625,9.5625,2.8125],"rotation":0,"texture":"#0","tintindex":0},"down":{"uv":[9.65625,3.0625,9.5625,3.3125],"rotation":0,"texture":"#0","tintindex":0}}},{"from":[5.1554055,11.3714285,10.804353],"to":[8.583977,12.514286,14.232924],"rotation":{"angle":-22.5,"axis":"y","origin":[6.8696914,11.942858,12.175781]},"faces":{"east":{"uv":[9.875,6.4375,10.0625,6.5],"rotation":0,"texture":"#0","tintindex":0},"south":{"uv":[9.875,6.5,10.0625,6.5625],"rotation":0,"texture":"#0","tintindex":0},"north":{"uv":[9.875,6.375,10.0625,6.4375],"rotation":0,"texture":"#0","tintindex":0},"west":{"uv":[9.875,6.5625,10.0625,6.625],"rotation":0,"texture":"#0","tintindex":0},"up":{"uv":[9.28125,4.1875,9.09375,4.0],"rotation":0,"texture":"#0","tintindex":0},"down":{"uv":[9.28125,6.34375,9.09375,6.53125],"rotation":0,"texture":"#0","tintindex":0}}},{"from":[7.2982626,2.7999997,9.661496],"to":[10.726834,3.9428568,13.090067],"rotation":{"angle":-22.5,"axis":"y","origin":[9.012548,3.371428,11.032925]},"faces":{"east":{"uv":[9.875,6.6875,10.0625,6.75],"rotation":0,"texture":"#0","tintindex":0},"south":{"uv":[9.875,9.84375,10.0625,9.90625],"rotation":0,"texture":"#0","tintindex":0},"north":{"uv":[9.875,6.625,10.0625,6.6875],"rotation":0,"texture":"#0","tintindex":0},"west":{"uv":[9.90625,7.09375,10.09375,7.15625],"rotation":0,"texture":"#0","tintindex":0},"up":{"uv":[9.3125,5.1875,9.125,5.0],"rotation":0,"texture":"#0","tintindex":0},"down":{"uv":[6.84375,9.125,6.65625,9.3125],"rotation":0,"texture":"#0","tintindex":0}}},{"from":[9.022664,0.5199995,10.158724],"to":[10.725521,6.222857,14.718724],"rotation":{"angle":45.0,"axis":"y","origin":[9.874093,5.0857143,12.4387245]},"faces":{"east":{"uv":[7.03125,8.15625,7.28125,8.46875],"rotation":0,"texture":"#0","tintindex":0},"south":{"uv":[3.75,9.34375,3.84375,9.65625],"rotation":0,"texture":"#0","tintindex":0},"north":{"uv":[3.65625,9.34375,3.75,9.65625],"rotation":0,"texture":"#0","tintindex":0},"west":{"uv":[7.5625,8.15625,7.8125,8.46875],"rotation":0,"texture":"#0","tintindex":0},"up":{"uv":[4.53125,9.8125,4.4375,9.5625],"rotation":0,"texture":"#0","tintindex":0},"down":{"uv":[9.65625,4.625,9.5625,4.875],"rotation":0,"texture":"#0","tintindex":0}}},{"from":[6.8510914,5.0914288,7.9017253],"to":[8.553948,10.794286,12.461725],"rotation":{"angle":45.0,"axis":"y","origin":[11.70252,9.657143,10.1817255]},"faces":{"east":{"uv":[7.8125,8.15625,8.0625,8.46875],"rotation":0,"texture":"#0","tintindex":0},"south":{"uv":[3.9375,9.34375,4.03125,9.65625],"rotation":0,"texture":"#0","tintindex":0},"north":{"uv":[3.84375,9.34375,3.9375,9.65625],"rotation":0,"texture":"#0","tintindex":0},"west":{"uv":[8.15625,7.9375,8.40625,8.25],"rotation":0,"texture":"#0","tintindex":0},"up":{"uv":[9.65625,5.40625,9.5625,5.15625],"rotation":0,"texture":"#0","tintindex":0},"down":{"uv":[9.65625,5.625,9.5625,5.875],"rotation":0,"texture":"#0","tintindex":0}}},{"from":[5.1554055,11.3714285,1.7670755],"to":[8.583977,12.514286,5.1956472],"rotation":{"angle":22.5,"axis":"y","origin":[6.8696914,11.942858,3.8242183]},"faces":{"east":{"uv":[9.90625,7.21875,10.09375,7.28125],"rotation":0,"texture":"#0","tintindex":0},"south":{"uv":[9.90625,7.28125,10.09375,7.34375],"rotation":0,"texture":"#0","tintindex":0},"north":{"uv":[9.90625,7.15625,10.09375,7.21875],"rotation":0,"texture":"#0","tintindex":0},"west":{"uv":[9.90625,7.34375,10.09375,7.40625],"rotation":0,"texture":"#0","tintindex":0},"up":{"uv":[7.03125,9.3125,6.84375,9.125],"rotation":0,"texture":"#0","tintindex":0},"down":{"uv":[9.3125,7.03125,9.125,7.21875],"rotation":0,"texture":"#0","tintindex":0}}},{"from":[6.874093,9.085714,0.13270426],"to":[8.588379,14.8,4.704133],"rotation":{"angle":-45.0,"axis":"y","origin":[7.731236,13.657143,2.4184184]},"faces":{"east":{"uv":[2.21875,8.25,2.46875,8.5625],"rotation":0,"texture":"#0","tintindex":0},"south":{"uv":[9.34375,4.25,9.4375,4.5625],"rotation":0,"texture":"#0","tintindex":0},"north":{"uv":[4.03125,9.34375,4.125,9.65625],"rotation":0,"texture":"#0","tintindex":0},"west":{"uv":[8.25,5.84375,8.5,6.15625],