{"textures":{"0":"modelengine:entity/tc_cyclops"},"elements":[{"from":[4.532487,-12.762512,5.2364993],"to":[13.675344,-12.191084,14.379357],"rotation":{"angle":0.0,"axis":"y","origin":[14.285715,-24.233768,-0.57142925]},"faces":{"east":{"uv":[9.78125,9.1875,10.28125,9.21875],"rotation":0,"texture":"#0","tintindex":0},"south":{"uv":[9.8125,2.9375,10.3125,2.96875],"rotation":0,"texture":"#0","tintindex":0},"north":{"uv":[5.03125,4.59375,5.53125,4.625],"rotation":0,"texture":"#0","tintindex":0},"west":{"uv":[9.8125,4.5625,10.3125,4.59375],"rotation":0,"texture":"#0","tintindex":0},"up":{"uv":[4.5625,5.15625,4.0625,4.65625],"rotation":0,"texture":"#0","tintindex":0},"down":{"uv":[5.1875,0.0,4.6875,0.5],"rotation":0,"texture":"#0","tintindex":0}}},{"from":[4.532487,5.523202,5.2364993],"to":[13.675344,5.523202,14.379357],"rotation":{"angle":0.0,"axis":"y","origin":[14.285715,-24.233768,-0.57142925]},"faces":{"east":{"uv":[0.0,0.0,0.5,0.0],"rotation":0,"texture":"#0","tintindex":0},"south":{"uv":[0.0,0.0,0.5,0.0],"rotation":0,"texture":"#0","tintindex":0},"north":{"uv":[0.0,0.0,0.5,0.0],"rotation":0,"texture":"#0","tintindex":0},"west":{"uv":[0.0,0.0,0.5,0.0],"rotation":0,"texture":"#0","tintindex":0},"up":{"uv":[5.1875,1.0,4.6875,0.5],"rotation":0,"texture":"#0","tintindex":0},"down":{"uv":[4.6875,0.5,5.1875,1.0],"rotation":0,"texture":"#0","tintindex":0}}},{"from":[4.5267725,-12.196798,5.230785],"to":[4.5382013,5.5289164,14.385072],"rotation":{"angle":0.0,"axis":"y","origin":[14.285715,-24.233768,-0.57142925]},"faces":{"east":{"uv":[0.5,1.3125,0.0,2.28125],"rotation":0,"texture":"#0","tintindex":0},"south":{"uv":[0.0,0.0,0.0,0.96875],"rotation":0,"texture":"#0","tintindex":0},"north":{"uv":[0.0,0.0,0.0,0.96875],"rotation":0,"texture":"#0","tintindex":0},"west":{"uv":[0.0,1.3125,0.5,2.28125],"rotation":0,"texture":"#0","tintindex":0},"up":{"uv":[0.0,0.5,0.0,0.0],"rotation":0,"texture":"#0","tintindex":0},"down":{"uv":[0.0,0.0,0.0,0.5],"rotation":0,"texture":"#0","tintindex":0}}},{"from":[4.5267725,-12.196798,14.373643],"to":[13.681059,5.5289164,14.385072],"rotation":{"angle":0.0,"axis":"y","origin":[14.285715,-24.233768,-0.57142925]},"faces":{"east":{"uv":[0.0,0.0,0.0,0.96875],"rotation":0,"texture":"#0","tintindex":0},"south":{"uv":[0.0,1.3125,0.5,2.28125],"rotation":0,"texture":"#0","tintindex":0},"north":{"uv":[0.5,1.3125,0.0,2.28125],"rotation":0,"texture":"#0","tintindex":0},"west":{"uv":[0.0,0.0,0.0,0.96875],"rotation":0,"texture":"#0","tintindex":0},"up":{"uv":[0.5,0.0,0.0,0.0],"rotation":0,"texture":"#0","tintindex":0},"down":{"uv":[0.5,0.0,0.0,0.0],"rotation":0,"texture":"#0","tintindex":0}}},{"from":[4.5267725,-12.196798,5.230785],"to":[13.681059,5.5289164,5.2422137],"rotation":{"angle":0.0,"axis":"y","origin":[14.285715,-24.233768,-0.57142925]},"faces":{"east":{"uv":[0.0,0.0,0.0,0.96875],"rotation":0,"texture":"#0","tintindex":0},"south":{"uv":[0.5,1.3125,0.0,2.28125],"rotation":0,"texture":"#0","tintindex":0},"north":{"uv":[0.0,1.3125,0.5,2.28125],"rotation":0,"texture":"#0","tintindex":0},"west":{"uv":[0.0,0.0,0.0,0.96875],"rotation":0,"texture":"#0","tintindex":0},"up":{"uv":[0.5,0.0,0.0,0.0],"rotation":0,"texture":"#0","tintindex":0},"down":{"uv":[0.5,0.0,0.0,0.0],"rotation":0,"texture":"#0","tintindex":0}}},{"from":[13.66963,-12.196798,5.230785],"to":[13.681059,5.5289164,14.385072],"rotation":{"angle":0.0,"axis":"y","origin":[14.285715,-24.233768,-0.57142925]},"faces":{"east":{"uv":[0.0,1.3125,0.5,2.28125],"rotation":0,"texture":"#0","tintindex":0},"south":{"uv":[0.0,0.0,0.0,0.96875],"rotation":0,"texture":"#0","tintindex":0},"north":{"uv":[0.0,0.0,0.0,0.96875],"rotation":0,"texture":"#0","tintindex":0},"west":{"uv":[0.5,1.3125,0.0,2.28125],"rotation":0,"texture":"#0","tintindex":0},"up":{"uv":[0.0,0.5,0.0,0.0],"rotation":0,"texture":"#0","tintindex":0},"down":{"uv":[0.0,0.0,0.0,0.5],"rotation":0,"texture":"#0","tintindex":0}}},{"from":[9.103915,5.523202,8.093642],"to":[9.103915,8.951774,11.522214],"rotation":{"angle":0.0,"axis":"y","origin":[14.285715,-24.233768,-0.57142925]},"faces":{"east":{"uv":[0.71875,9.21875,0.90625,9.40625],"rotation":0,"texture":"#0","tintindex":0},"south":{"uv":[0.0,0.0,0.0,0.1875],"rotation":0,"texture":"#0","tintindex":0},"north":{"uv":[0.0,0.0,0.0,0.1875],"rotation":0,"texture":"#0","tintindex":0},"west":{"uv":[9.21875,1.5625,9.40625,1.75],"rotation":0,"texture":"#0","tintindex":0},"up":{"uv":[0.0,0.1875,0.0,0.0],"rotation":0,"texture":"#0","tintindex":0},"down":{"uv":[0.0,0.0,0.0,0.1875],"rotation":0,"texture":"#0","tintindex":0}}}],"display":{"head":{"translation":[0.0,-6.4,0.0],"scale":[4.0,4.0,4.0]}}}