{"textures":{"0":"modelengine:entity/tc_cyclops"},"elements":[{"from":[6.285714,8.0,7.428571],"to":[9.714286,9.142858,8.571428],"rotation":{"angle":45.0,"axis":"x","origin":[8.0,8.571428,8.0]},"faces":{"east":{"uv":[0.1875,8.59375,0.25,8.65625],"rotation":0,"texture":"#0","tintindex":0},"south":{"uv":[9.84375,7.78125,10.03125,7.84375],"rotation":0,"texture":"#0","tintindex":0},"north":{"uv":[9.84375,7.71875,10.03125,7.78125],"rotation":0,"texture":"#0","tintindex":0},"west":{"uv":[6.65625,8.875,6.71875,8.9375],"rotation":0,"texture":"#0","tintindex":0},"up":{"uv":[10.03125,7.90625,9.84375,7.84375],"rotation":0,"texture":"#0","tintindex":0},"down":{"uv":[10.03125,8.46875,9.84375,8.53125],"rotation":0,"texture":"#0","tintindex":0}}},{"from":[5.714286,8.571428,7.428571],"to":[6.857143,13.714286,8.571428],"rotation":{"angle":-45.0,"axis":"y","origin":[6.285714,11.428572,8.0]},"faces":{"east":{"uv":[4.0,4.84375,4.0625,5.125],"rotation":0,"texture":"#0","tintindex":0},"south":{"uv":[5.84375,2.15625,5.90625,2.4375],"rotation":0,"texture":"#0","tintindex":0},"north":{"uv":[3.09375,4.53125,3.15625,4.8125],"rotation":0,"texture":"#0","tintindex":0},"west":{"uv":[4.40625,6.0625,4.46875,6.34375],"rotation":0,"texture":"#0","tintindex":0},"up":{"uv":[7.375,8.9375,7.3125,8.875],"rotation":0,"texture":"#0","tintindex":0},"down":{"uv":[8.96875,0.25,8.90625,0.3125],"rotation":0,"texture":"#0","tintindex":0}}},{"from":[6.285714,13.142858,7.428571],"to":[9.714286,14.285715,8.571428],"rotation":{"angle":-45.0,"axis":"x","origin":[8.0,13.714286,8.0]},"faces":{"east":{"uv":[9.40625,6.96875,9.46875,7.03125],"rotation":0,"texture":"#0","tintindex":0},"south":{"uv":[9.9375,1.125,10.125,1.1875],"rotation":0,"texture":"#0","tintindex":0},"north":{"uv":[9.90625,9.78125,10.09375,9.84375],"rotation":0,"texture":"#0","tintindex":0},"west":{"uv":[9.40625,8.875,9.46875,8.9375],"rotation":0,"texture":"#0","tintindex":0},"up":{"uv":[10.125,1.25,9.9375,1.1875],"rotation":0,"texture":"#0","tintindex":0},"down":{"uv":[10.125,1.46875,9.9375,1.53125],"rotation":0,"texture":"#0","tintindex":0}}},{"from":[9.142858,8.571428,7.428571],"to":[10.285714,13.714286,8.571428],"rotation":{"angle":45.0,"axis":"y","origin":[9.714286,10.857143,8.0]},"faces":{"east":{"uv":[6.46875,8.90625,6.53125,9.1875],"rotation":0,"texture":"#0","tintindex":0},"south":{"uv":[9.25,9.46875,9.3125,9.75],"rotation":0,"texture":"#0","tintindex":0},"north":{"uv":[2.09375,8.59375,2.15625,8.875],"rotation":0,"texture":"#0","tintindex":0},"west":{"uv":[0.28125,9.5625,0.34375,9.84375],"rotation":0,"texture":"#0","tintindex":0},"up":{"uv":[9.40625,2.5,9.34375,2.4375],"rotation":0,"texture":"#0","tintindex":0},"down":{"uv":[9.46875,6.25,9.40625,6.3125],"rotation":0,"texture":"#0","tintindex":0}}},{"from":[7.428571,11.571428,6.285714],"to":[8.571428,12.714286,9.714286],"rotation":{"angle":45.0,"axis":"z","origin":[8.0,12.142858,8.0]},"faces":{"east":{"uv":[9.9375,2.96875,10.125,3.03125],"rotation":0,"texture":"#0","tintindex":0},"south":{"uv":[9.6875,2.0625,9.75,2.125],"rotation":0,"texture":"#0","tintindex":0},"north":{"uv":[9.65625,5.34375,9.71875,5.40625],"rotation":0,"texture":"#0","tintindex":0},"west":{"uv":[9.9375,3.03125,10.125,3.09375],"rotation":0,"texture":"#0","tintindex":0},"up":{"uv":[10.0,3.28125,9.9375,3.09375],"rotation":0,"texture":"#0","tintindex":0},"down":{"uv":[10.0,3.28125,9.9375,3.46875],"rotation":0,"texture":"#0","tintindex":0}}},{"from":[7.428571,12.142858,5.714286],"to":[8.571428,17.285715,6.857143],"rotation":{"angle":-45.0,"axis":"y","origin":[8.0,15.0,6.285714]},"faces":{"east":{"uv":[9.65625,6.96875,9.71875,7.25],"rotation":0,"texture":"#0","tintindex":0},"south":{"uv":[9.65625,7.25,9.71875,7.53125],"rotation":0,"texture":"#0","tintindex":0},"north":{"uv":[9.65625,5.96875,9.71875,6.25],"rotation":0,"texture":"#0","tintindex":0},"west":{"uv":[9.65625,7.53125,9.71875,7.8125],"rotation":0,"texture":"#0","tintindex":0},"up":{"uv":[1.59375,9.625,1.53125,9.5625],"rotation":0,"texture":"#0","tintindex":0},"down":{"uv":[7.3125,9.5625,7.25,9.625],"rotation":0,"texture":"#0","tintindex":0}}},{"from":[7.428571,12.142858,9.142858],"to":[8.571428,17.285715,10.285714],"rotation":{"angle":45.0,"axis":"y","origin":[8.0,14.428572,9.714286]},"faces":{"east":{"uv":[0.625,9.65625,0.6875,9.9375],"rotation":0,"texture":"#0","tintindex":0},"south":{"uv":[1.625,9.65625,1.6875,9.9375],"rotation":0,"texture":"#0","tintindex":0},"north":{"uv":[7.625,9.625,7.6875,9.90625],"rotation":0,"texture":"#0","tintindex":0},"west":{"uv":[9.65625,5.6875,9.71875,5.96875],"rotation":0,"texture":"#0","tintindex":0},"up":{"uv":[9.59375,1.4375,9.53125,1.375],"rotation":0,"texture":"#0","tintindex":0},"down":{"uv":[9.59375,2.59375,9.53125,2.65625],"rotation":0,"texture":"#0","tintindex":0}}},{"from":[7.428571,16.714287,6.285714],"to":[8.571428,17.857143,9.714286],"rotation":{"angle":-45.0,"axis":"z","origin":[8.0,17.285715,8.0]},"faces":{"east":{"uv":[9.9375,1.53125,10.125,1.59375],"rotation":0,"texture":"#0","tintindex":0},"south":{"uv":[7.0625,9.5,7.125,9.5625],"rotation":0,"texture":"#0","tintindex":0},"north":{"uv":[9.5,2.8125,9.5625,2.875],"rotation":0,"texture":"#0","tintindex":0},"west":{"uv":[9.9375,1.59375,10.125,1.65625],"rotation":0,"texture":"#0","tintindex":0},"up":{"uv":[1.65625,10.125,1.59375,9.9375],"rotation":0,"texture":"#0","tintindex":0},"down":{"uv":[10.0,1.65625,9.9375,1.84375],"rotation":0,"texture":"#0","tintindex":0}}}],"display":{"head":{"translation":[0.0,-6.4,0.0],"scale":[4.0,4.0,4.0]}}}