{"textures":{"0":"modelengine:entity/tc_cyclops"},"elements":[{"from":[6.285714,8.0,7.428571],"to":[9.714286,9.142858,8.571428],"rotation":{"angle":45.0,"axis":"x","origin":[8.0,8.571428,8.0]},"faces":{"east":{"uv":[2.3125,10.09375,2.375,10.15625],"rotation":0,"texture":"#0","tintindex":0},"south":{"uv":[9.9375,6.0625,10.125,6.125],"rotation":0,"texture":"#0","tintindex":0},"north":{"uv":[9.9375,6.0,10.125,6.0625],"rotation":0,"texture":"#0","tintindex":0},"west":{"uv":[2.375,10.09375,2.4375,10.15625],"rotation":0,"texture":"#0","tintindex":0},"up":{"uv":[10.125,6.1875,9.9375,6.125],"rotation":0,"texture":"#0","tintindex":0},"down":{"uv":[10.125,6.1875,9.9375,6.25],"rotation":0,"texture":"#0","tintindex":0}}},{"from":[5.714286,8.571428,7.428571],"to":[6.857143,13.714286,8.571428],"rotation":{"angle":-45.0,"axis":"y","origin":[6.285714,11.428572,8.0]},"faces":{"east":{"uv":[9.71875,3.46875,9.78125,3.75],"rotation":0,"texture":"#0","tintindex":0},"south":{"uv":[9.71875,3.75,9.78125,4.03125],"rotation":0,"texture":"#0","tintindex":0},"north":{"uv":[9.71875,3.1875,9.78125,3.46875],"rotation":0,"texture":"#0","tintindex":0},"west":{"uv":[9.71875,4.03125,9.78125,4.3125],"rotation":0,"texture":"#0","tintindex":0},"up":{"uv":[2.5,10.15625,2.4375,10.09375],"rotation":0,"texture":"#0","tintindex":0},"down":{"uv":[2.5625,10.09375,2.5,10.15625],"rotation":0,"texture":"#0","tintindex":0}}},{"from":[6.285714,13.142858,7.428571],"to":[9.714286,14.285715,8.571428],"rotation":{"angle":-45.0,"axis":"x","origin":[8.0,13.714286,8.0]},"faces":{"east":{"uv":[2.5625,10.09375,2.625,10.15625],"rotation":0,"texture":"#0","tintindex":0},"south":{"uv":[9.9375,6.8125,10.125,6.875],"rotation":0,"texture":"#0","tintindex":0},"north":{"uv":[9.9375,6.75,10.125,6.8125],"rotation":0,"texture":"#0","tintindex":0},"west":{"uv":[2.625,10.09375,2.6875,10.15625],"rotation":0,"texture":"#0","tintindex":0},"up":{"uv":[7.3125,10.0,7.125,9.9375],"rotation":0,"texture":"#0","tintindex":0},"down":{"uv":[7.5,9.9375,7.3125,10.0],"rotation":0,"texture":"#0","tintindex":0}}},{"from":[9.142858,8.571428,7.428571],"to":[10.285714,13.714286,8.571428],"rotation":{"angle":45.0,"axis":"y","origin":[9.714286,10.857143,8.0]},"faces":{"east":{"uv":[4.59375,9.71875,4.65625,10.0],"rotation":0,"texture":"#0","tintindex":0},"south":{"uv":[4.65625,9.71875,4.71875,10.0],"rotation":0,"texture":"#0","tintindex":0},"north":{"uv":[4.53125,9.71875,4.59375,10.0],"rotation":0,"texture":"#0","tintindex":0},"west":{"uv":[9.71875,4.84375,9.78125,5.125],"rotation":0,"texture":"#0","tintindex":0},"up":{"uv":[4.15625,10.15625,4.09375,10.09375],"rotation":0,"texture":"#0","tintindex":0},"down":{"uv":[4.21875,10.09375,4.15625,10.15625],"rotation":0,"texture":"#0","tintindex":0}}},{"from":[7.428571,11.571428,6.285714],"to":[8.571428,12.714286,9.714286],"rotation":{"angle":45.0,"axis":"z","origin":[8.0,12.142858,8.0]},"faces":{"east":{"uv":[9.9375,7.59375,10.125,7.65625],"rotation":0,"texture":"#0","tintindex":0},"south":{"uv":[4.28125,10.09375,4.34375,10.15625],"rotation":0,"texture":"#0","tintindex":0},"north":{"uv":[4.21875,10.09375,4.28125,10.15625],"rotation":0,"texture":"#0","tintindex":0},"west":{"uv":[9.9375,7.65625,10.125,7.71875],"rotation":0,"texture":"#0","tintindex":0},"up":{"uv":[8.46875,10.125,8.40625,9.9375],"rotation":0,"texture":"#0","tintindex":0},"down":{"uv":[8.6875,9.9375,8.625,10.125],"rotation":0,"texture":"#0","tintindex":0}}},{"from":[7.428571,12.142858,5.714286],"to":[8.571428,17.285715,6.857143],"rotation":{"angle":-45.0,"axis":"y","origin":[8.0,15.0,6.285714]},"faces":{"east":{"uv":[5.4375,9.71875,5.5,10.0],"rotation":0,"texture":"#0","tintindex":0},"south":{"uv":[5.5,9.71875,5.5625,10.0],"rotation":0,"texture":"#0","tintindex":0},"north":{"uv":[5.375,9.71875,5.4375,10.0],"rotation":0,"texture":"#0","tintindex":0},"west":{"uv":[5.5625,9.71875,5.625,10.0],"rotation":0,"texture":"#0","tintindex":0},"up":{"uv":[4.40625,10.15625,4.34375,10.09375],"rotation":0,"texture":"#0","tintindex":0},"down":{"uv":[4.46875,10.09375,4.40625,10.15625],"rotation":0,"texture":"#0","tintindex":0}}},{"from":[7.428571,12.142858,9.142858],"to":[8.571428,17.285715,10.285714],"rotation":{"angle":45.0,"axis":"y","origin":[8.0,14.428572,9.714286]},"faces":{"east":{"uv":[5.6875,9.71875,5.75,10.0],"rotation":0,"texture":"#0","tintindex":0},"south":{"uv":[9.71875,5.6875,9.78125,5.96875],"rotation":0,"texture":"#0","tintindex":0},"north":{"uv":[5.625,9.71875,5.6875,10.0],"rotation":0,"texture":"#0","tintindex":0},"west":{"uv":[5.75,9.71875,5.8125,10.0],"rotation":0,"texture":"#0","tintindex":0},"up":{"uv":[10.15625,5.15625,10.09375,5.09375],"rotation":0,"texture":"#0","tintindex":0},"down":{"uv":[10.15625,5.15625,10.09375,5.21875],"rotation":0,"texture":"#0","tintindex":0}}},{"from":[7.428571,16.714287,6.285714],"to":[8.571428,17.857143,9.714286],"rotation":{"angle":-45.0,"axis":"z","origin":[8.0,17.285715,8.0]},"faces":{"east":{"uv":[9.9375,9.90625,10.125,9.96875],"rotation":0,"texture":"#0","tintindex":0},"south":{"uv":[10.09375,7.0625,10.15625,7.125],"rotation":0,"texture":"#0","tintindex":0},"north":{"uv":[10.09375,5.21875,10.15625,5.28125],"rotation":0,"texture":"#0","tintindex":0},"west":{"uv":[9.96875,1.96875,10.15625,2.03125],"rotation":0,"texture":"#0","tintindex":0},"up":{"uv":[8.75,10.125,8.6875,9.9375],"rotation":0,"texture":"#0","tintindex":0},"down":{"uv":[8.8125,9.9375,8.75,10.125],"rotation":0,"texture":"#0","tintindex":0}}}],"display":{"head":{"translation":[0.0,-6.4,0.0],"scale":[4.0,4.0,4.0]}}}