{"textures":{"0":"modelengine:entity/tc_cyclops"},"elements":[{"from":[6.285714,8.0,7.428571],"to":[9.714286,9.142858,8.571428],"rotation":{"angle":45.0,"axis":"x","origin":[8.0,8.571428,8.0]},"faces":{"east":{"uv":[10.125,6.1875,10.1875,6.25],"rotation":0,"texture":"#0","tintindex":0},"south":{"uv":[2.78125,10.0,2.96875,10.0625],"rotation":0,"texture":"#0","tintindex":0},"north":{"uv":[10.0,1.78125,10.1875,1.84375],"rotation":0,"texture":"#0","tintindex":0},"west":{"uv":[10.125,6.71875,10.1875,6.78125],"rotation":0,"texture":"#0","tintindex":0},"up":{"uv":[3.15625,10.0625,2.96875,10.0],"rotation":0,"texture":"#0","tintindex":0},"down":{"uv":[10.1875,3.09375,10.0,3.15625],"rotation":0,"texture":"#0","tintindex":0}}},{"from":[5.714286,8.571428,7.428571],"to":[6.857143,13.714286,8.571428],"rotation":{"angle":-45.0,"axis":"y","origin":[6.285714,11.428572,8.0]},"faces":{"east":{"uv":[9.4375,9.75,9.5,10.03125],"rotation":0,"texture":"#0","tintindex":0},"south":{"uv":[9.5,9.75,9.5625,10.03125],"rotation":0,"texture":"#0","tintindex":0},"north":{"uv":[9.375,9.75,9.4375,10.03125],"rotation":0,"texture":"#0","tintindex":0},"west":{"uv":[9.75,9.5,9.8125,9.78125],"rotation":0,"texture":"#0","tintindex":0},"up":{"uv":[10.1875,6.84375,10.125,6.78125],"rotation":0,"texture":"#0","tintindex":0},"down":{"uv":[7.5,10.125,7.4375,10.1875],"rotation":0,"texture":"#0","tintindex":0}}},{"from":[6.285714,13.142858,7.428571],"to":[9.714286,14.285715,8.571428],"rotation":{"angle":-45.0,"axis":"x","origin":[8.0,13.714286,8.0]},"faces":{"east":{"uv":[10.125,7.59375,10.1875,7.65625],"rotation":0,"texture":"#0","tintindex":0},"south":{"uv":[10.0,3.15625,10.1875,3.21875],"rotation":0,"texture":"#0","tintindex":0},"north":{"uv":[3.15625,10.0,3.34375,10.0625],"rotation":0,"texture":"#0","tintindex":0},"west":{"uv":[10.125,7.65625,10.1875,7.71875],"rotation":0,"texture":"#0","tintindex":0},"up":{"uv":[10.1875,3.28125,10.0,3.21875],"rotation":0,"texture":"#0","tintindex":0},"down":{"uv":[10.1875,3.28125,10.0,3.34375],"rotation":0,"texture":"#0","tintindex":0}}},{"from":[9.142858,8.571428,7.428571],"to":[10.285714,13.714286,8.571428],"rotation":{"angle":45.0,"axis":"y","origin":[9.714286,10.857143,8.0]},"faces":{"east":{"uv":[0.875,9.78125,0.9375,10.0625],"rotation":0,"texture":"#0","tintindex":0},"south":{"uv":[0.9375,9.78125,1.0,10.0625],"rotation":0,"texture":"#0","tintindex":0},"north":{"uv":[0.34375,9.78125,0.40625,10.0625],"rotation":0,"texture":"#0","tintindex":0},"west":{"uv":[1.0,9.78125,1.0625,10.0625],"rotation":0,"texture":"#0","tintindex":0},"up":{"uv":[8.4375,10.1875,8.375,10.125],"rotation":0,"texture":"#0","tintindex":0},"down":{"uv":[8.65625,10.125,8.59375,10.1875],"rotation":0,"texture":"#0","tintindex":0}}},{"from":[7.428571,11.571428,6.285714],"to":[8.571428,12.714286,9.714286],"rotation":{"angle":45.0,"axis":"z","origin":[8.0,12.142858,8.0]},"faces":{"east":{"uv":[3.34375,10.0,3.53125,10.0625],"rotation":0,"texture":"#0","tintindex":0},"south":{"uv":[8.71875,10.125,8.78125,10.1875],"rotation":0,"texture":"#0","tintindex":0},"north":{"uv":[8.65625,10.125,8.71875,10.1875],"rotation":0,"texture":"#0","tintindex":0},"west":{"uv":[10.0,3.34375,10.1875,3.40625],"rotation":0,"texture":"#0","tintindex":0},"up":{"uv":[2.0,10.1875,1.9375,10.0],"rotation":0,"texture":"#0","tintindex":0},"down":{"uv":[2.0625,10.0,2.0,10.1875],"rotation":0,"texture":"#0","tintindex":0}}},{"from":[7.428571,12.142858,5.714286],"to":[8.571428,17.285715,6.857143],"rotation":{"angle":-45.0,"axis":"y","origin":[8.0,15.0,6.285714]},"faces":{"east":{"uv":[1.125,9.78125,1.1875,10.0625],"rotation":0,"texture":"#0","tintindex":0},"south":{"uv":[9.78125,1.125,9.84375,1.40625],"rotation":0,"texture":"#0","tintindex":0},"north":{"uv":[1.0625,9.78125,1.125,10.0625],"rotation":0,"texture":"#0","tintindex":0},"west":{"uv":[1.1875,9.78125,1.25,10.0625],"rotation":0,"texture":"#0","tintindex":0},"up":{"uv":[10.1875,9.34375,10.125,9.28125],"rotation":0,"texture":"#0","tintindex":0},"down":{"uv":[10.1875,9.34375,10.125,9.40625],"rotation":0,"texture":"#0","tintindex":0}}},{"from":[7.428571,12.142858,9.142858],"to":[8.571428,17.285715,10.285714],"rotation":{"angle":45.0,"axis":"y","origin":[8.0,14.428572,9.714286]},"faces":{"east":{"uv":[1.3125,9.78125,1.375,10.0625],"rotation":0,"texture":"#0","tintindex":0},"south":{"uv":[1.375,9.78125,1.4375,10.0625],"rotation":0,"texture":"#0","tintindex":0},"north":{"uv":[1.25,9.78125,1.3125,10.0625],"rotation":0,"texture":"#0","tintindex":0},"west":{"uv":[1.6875,9.78125,1.75,10.0625],"rotation":0,"texture":"#0","tintindex":0},"up":{"uv":[9.8125,10.1875,9.75,10.125],"rotation":0,"texture":"#0","tintindex":0},"down":{"uv":[10.1875,9.84375,10.125,9.90625],"rotation":0,"texture":"#0","tintindex":0}}},{"from":[7.428571,16.714287,6.285714],"to":[8.571428,17.857143,9.714286],"rotation":{"angle":-45.0,"axis":"z","origin":[8.0,17.285715,8.0]},"faces":{"east":{"uv":[10.0,3.40625,10.1875,3.46875],"rotation":0,"texture":"#0","tintindex":0},"south":{"uv":[10.125,9.96875,10.1875,10.03125],"rotation":0,"texture":"#0","tintindex":0},"north":{"uv":[10.125,9.90625,10.1875,9.96875],"rotation":0,"texture":"#0","tintindex":0},"west":{"uv":[3.53125,10.0,3.71875,10.0625],"rotation":0,"texture":"#0","tintindex":0},"up":{"uv":[3.78125,10.1875,3.71875,10.0],"rotation":0,"texture":"#0","tintindex":0},"down":{"uv":[3.84375,10.0,3.78125,10.1875],"rotation":0,"texture":"#0","tintindex":0}}}],"display":{"head":{"translation":[0.0,-6.4,0.0],"scale":[4.0,4.0,4.0]}}}