{"textures":{"0":"modelengine:entity/tc_cyclops"},"elements":[{"from":[6.285714,8.0,7.428571],"to":[9.714286,9.142858,8.571428],"rotation":{"angle":45.0,"axis":"x","origin":[8.0,8.571428,8.0]},"faces":{"east":{"uv":[10.125,10.03125,10.1875,10.09375],"rotation":0,"texture":"#0","tintindex":0},"south":{"uv":[4.5,10.0,4.6875,10.0625],"rotation":0,"texture":"#0","tintindex":0},"north":{"uv":[3.84375,10.0,4.03125,10.0625],"rotation":0,"texture":"#0","tintindex":0},"west":{"uv":[10.125,10.09375,10.1875,10.15625],"rotation":0,"texture":"#0","tintindex":0},"up":{"uv":[10.1875,4.65625,10.0,4.59375],"rotation":0,"texture":"#0","tintindex":0},"down":{"uv":[10.1875,4.65625,10.0,4.71875],"rotation":0,"texture":"#0","tintindex":0}}},{"from":[5.714286,8.571428,7.428571],"to":[6.857143,13.714286,8.571428],"rotation":{"angle":-45.0,"axis":"y","origin":[6.285714,11.428572,8.0]},"faces":{"east":{"uv":[1.8125,9.78125,1.875,10.0625],"rotation":0,"texture":"#0","tintindex":0},"south":{"uv":[2.71875,9.78125,2.78125,10.0625],"rotation":0,"texture":"#0","tintindex":0},"north":{"uv":[1.75,9.78125,1.8125,10.0625],"rotation":0,"texture":"#0","tintindex":0},"west":{"uv":[9.78125,2.96875,9.84375,3.25],"rotation":0,"texture":"#0","tintindex":0},"up":{"uv":[0.25,10.21875,0.1875,10.15625],"rotation":0,"texture":"#0","tintindex":0},"down":{"uv":[0.8125,10.15625,0.75,10.21875],"rotation":0,"texture":"#0","tintindex":0}}},{"from":[6.285714,13.142858,7.428571],"to":[9.714286,14.285715,8.571428],"rotation":{"angle":-45.0,"axis":"x","origin":[8.0,13.714286,8.0]},"faces":{"east":{"uv":[0.8125,10.15625,0.875,10.21875],"rotation":0,"texture":"#0","tintindex":0},"south":{"uv":[10.0,4.78125,10.1875,4.84375],"rotation":0,"texture":"#0","tintindex":0},"north":{"uv":[10.0,4.71875,10.1875,4.78125],"rotation":0,"texture":"#0","tintindex":0},"west":{"uv":[10.15625,1.0,10.21875,1.0625],"rotation":0,"texture":"#0","tintindex":0},"up":{"uv":[10.1875,4.90625,10.0,4.84375],"rotation":0,"texture":"#0","tintindex":0},"down":{"uv":[10.1875,4.90625,10.0,4.96875],"rotation":0,"texture":"#0","tintindex":0}}},{"from":[9.142858,8.571428,7.428571],"to":[10.285714,13.714286,8.571428],"rotation":{"angle":45.0,"axis":"y","origin":[9.714286,10.857143,8.0]},"faces":{"east":{"uv":[9.78125,3.53125,9.84375,3.8125],"rotation":0,"texture":"#0","tintindex":0},"south":{"uv":[9.78125,3.8125,9.84375,4.09375],"rotation":0,"texture":"#0","tintindex":0},"north":{"uv":[9.78125,3.25,9.84375,3.53125],"rotation":0,"texture":"#0","tintindex":0},"west":{"uv":[9.78125,4.59375,9.84375,4.875],"rotation":0,"texture":"#0","tintindex":0},"up":{"uv":[10.21875,1.125,10.15625,1.0625],"rotation":0,"texture":"#0","tintindex":0},"down":{"uv":[1.1875,10.15625,1.125,10.21875],"rotation":0,"texture":"#0","tintindex":0}}},{"from":[7.428571,11.571428,6.285714],"to":[8.571428,12.714286,9.714286],"rotation":{"angle":45.0,"axis":"z","origin":[8.0,12.142858,8.0]},"faces":{"east":{"uv":[5.28125,10.0,5.46875,10.0625],"rotation":0,"texture":"#0","tintindex":0},"south":{"uv":[1.25,10.15625,1.3125,10.21875],"rotation":0,"texture":"#0","tintindex":0},"north":{"uv":[1.1875,10.15625,1.25,10.21875],"rotation":0,"texture":"#0","tintindex":0},"west":{"uv":[5.46875,10.0,5.65625,10.0625],"rotation":0,"texture":"#0","tintindex":0},"up":{"uv":[4.09375,10.1875,4.03125,10.0],"rotation":0,"texture":"#0","tintindex":0},"down":{"uv":[10.0625,5.625,10.0,5.8125],"rotation":0,"texture":"#0","tintindex":0}}},{"from":[7.428571,12.142858,5.714286],"to":[8.571428,17.285715,6.857143],"rotation":{"angle":-45.0,"axis":"y","origin":[8.0,15.0,6.285714]},"faces":{"east":{"uv":[4.78125,9.78125,4.84375,10.0625],"rotation":0,"texture":"#0","tintindex":0},"south":{"uv":[4.84375,9.78125,4.90625,10.0625],"rotation":0,"texture":"#0","tintindex":0},"north":{"uv":[4.71875,9.78125,4.78125,10.0625],"rotation":0,"texture":"#0","tintindex":0},"west":{"uv":[4.90625,9.78125,4.96875,10.0625],"rotation":0,"texture":"#0","tintindex":0},"up":{"uv":[1.375,10.21875,1.3125,10.15625],"rotation":0,"texture":"#0","tintindex":0},"down":{"uv":[1.4375,10.15625,1.375,10.21875],"rotation":0,"texture":"#0","tintindex":0}}},{"from":[7.428571,12.142858,9.142858],"to":[8.571428,17.285715,10.285714],"rotation":{"angle":45.0,"axis":"y","origin":[8.0,14.428572,9.714286]},"faces":{"east":{"uv":[5.03125,9.78125,5.09375,10.0625],"rotation":0,"texture":"#0","tintindex":0},"south":{"uv":[5.09375,9.78125,5.15625,10.0625],"rotation":0,"texture":"#0","tintindex":0},"north":{"uv":[4.96875,9.78125,5.03125,10.0625],"rotation":0,"texture":"#0","tintindex":0},"west":{"uv":[5.15625,9.78125,5.21875,10.0625],"rotation":0,"texture":"#0","tintindex":0},"up":{"uv":[10.21875,1.4375,10.15625,1.375],"rotation":0,"texture":"#0","tintindex":0},"down":{"uv":[1.5,10.15625,1.4375,10.21875],"rotation":0,"texture":"#0","tintindex":0}}},{"from":[7.428571,16.714287,6.285714],"to":[8.571428,17.857143,9.714286],"rotation":{"angle":-45.0,"axis":"z","origin":[8.0,17.285715,8.0]},"faces":{"east":{"uv":[5.65625,10.0,5.84375,10.0625],"rotation":0,"texture":"#0","tintindex":0},"south":{"uv":[1.6875,10.15625,1.75,10.21875],"rotation":0,"texture":"#0","tintindex":0},"north":{"uv":[1.625,10.15625,1.6875,10.21875],"rotation":0,"texture":"#0","tintindex":0},"west":{"uv":[10.0,5.8125,10.1875,5.875],"rotation":0,"texture":"#0","tintindex":0},"up":{"uv":[6.09375,10.1875,6.03125,10.0],"rotation":0,"texture":"#0","tintindex":0},"down":{"uv":[6.15625,10.0,6.09375,10.1875],"rotation":0,"texture":"#0","tintindex":0}}}],"display":{"head":{"translation":[0.0,-6.4,0.0],"scale":[4.0,4.0,4.0]}}}