{"textures":{"0":"modelengine:entity/tc_cyclops"},"elements":[{"from":[6.285714,8.0,7.428571],"to":[9.714286,9.142858,8.571428],"rotation":{"angle":45.0,"axis":"x","origin":[8.0,8.571428,8.0]},"faces":{"east":{"uv":[2.375,10.15625,2.4375,10.21875],"rotation":0,"texture":"#0","tintindex":0},"south":{"uv":[10.03125,0.25,10.21875,0.3125],"rotation":0,"texture":"#0","tintindex":0},"north":{"uv":[10.03125,0.1875,10.21875,0.25],"rotation":0,"texture":"#0","tintindex":0},"west":{"uv":[10.15625,2.40625,10.21875,2.46875],"rotation":0,"texture":"#0","tintindex":0},"up":{"uv":[10.21875,0.375,10.03125,0.3125],"rotation":0,"texture":"#0","tintindex":0},"down":{"uv":[10.21875,1.25,10.03125,1.3125],"rotation":0,"texture":"#0","tintindex":0}}},{"from":[5.714286,8.571428,7.428571],"to":[6.857143,13.714286,8.571428],"rotation":{"angle":-45.0,"axis":"y","origin":[6.285714,11.428572,8.0]},"faces":{"east":{"uv":[0.0,9.8125,0.0625,10.09375],"rotation":0,"texture":"#0","tintindex":0},"south":{"uv":[9.8125,0.0,9.875,0.28125],"rotation":0,"texture":"#0","tintindex":0},"north":{"uv":[9.75,9.78125,9.8125,10.0625],"rotation":0,"texture":"#0","tintindex":0},"west":{"uv":[0.0625,9.8125,0.125,10.09375],"rotation":0,"texture":"#0","tintindex":0},"up":{"uv":[2.5,10.21875,2.4375,10.15625],"rotation":0,"texture":"#0","tintindex":0},"down":{"uv":[10.21875,2.46875,10.15625,2.53125],"rotation":0,"texture":"#0","tintindex":0}}},{"from":[6.285714,13.142858,7.428571],"to":[9.714286,14.285715,8.571428],"rotation":{"angle":-45.0,"axis":"x","origin":[8.0,13.714286,8.0]},"faces":{"east":{"uv":[2.5,10.15625,2.5625,10.21875],"rotation":0,"texture":"#0","tintindex":0},"south":{"uv":[2.0625,10.03125,2.25,10.09375],"rotation":0,"texture":"#0","tintindex":0},"north":{"uv":[10.03125,1.3125,10.21875,1.375],"rotation":0,"texture":"#0","tintindex":0},"west":{"uv":[10.15625,2.53125,10.21875,2.59375],"rotation":0,"texture":"#0","tintindex":0},"up":{"uv":[10.21875,4.09375,10.03125,4.03125],"rotation":0,"texture":"#0","tintindex":0},"down":{"uv":[10.21875,4.09375,10.03125,4.15625],"rotation":0,"texture":"#0","tintindex":0}}},{"from":[9.142858,8.571428,7.428571],"to":[10.285714,13.714286,8.571428],"rotation":{"angle":45.0,"axis":"y","origin":[9.714286,10.857143,8.0]},"faces":{"east":{"uv":[0.1875,9.8125,0.25,10.09375],"rotation":0,"texture":"#0","tintindex":0},"south":{"uv":[9.8125,0.28125,9.875,0.5625],"rotation":0,"texture":"#0","tintindex":0},"north":{"uv":[0.125,9.8125,0.1875,10.09375],"rotation":0,"texture":"#0","tintindex":0},"west":{"uv":[9.8125,0.5625,9.875,0.84375],"rotation":0,"texture":"#0","tintindex":0},"up":{"uv":[2.625,10.21875,2.5625,10.15625],"rotation":0,"texture":"#0","tintindex":0},"down":{"uv":[10.21875,2.59375,10.15625,2.65625],"rotation":0,"texture":"#0","tintindex":0}}},{"from":[7.428571,11.571428,6.285714],"to":[8.571428,12.714286,9.714286],"rotation":{"angle":45.0,"axis":"z","origin":[8.0,12.142858,8.0]},"faces":{"east":{"uv":[10.03125,4.15625,10.21875,4.21875],"rotation":0,"texture":"#0","tintindex":0},"south":{"uv":[10.15625,2.65625,10.21875,2.71875],"rotation":0,"texture":"#0","tintindex":0},"north":{"uv":[2.625,10.15625,2.6875,10.21875],"rotation":0,"texture":"#0","tintindex":0},"west":{"uv":[10.03125,5.03125,10.21875,5.09375],"rotation":0,"texture":"#0","tintindex":0},"up":{"uv":[2.3125,10.21875,2.25,10.03125],"rotation":0,"texture":"#0","tintindex":0},"down":{"uv":[10.09375,5.09375,10.03125,5.28125],"rotation":0,"texture":"#0","tintindex":0}}},{"from":[7.428571,12.142858,5.714286],"to":[8.571428,17.285715,6.857143],"rotation":{"angle":-45.0,"axis":"y","origin":[8.0,15.0,6.285714]},"faces":{"east":{"uv":[0.75,9.8125,0.8125,10.09375],"rotation":0,"texture":"#0","tintindex":0},"south":{"uv":[0.8125,9.8125,0.875,10.09375],"rotation":0,"texture":"#0","tintindex":0},"north":{"uv":[0.6875,9.8125,0.75,10.09375],"rotation":0,"texture":"#0","tintindex":0},"west":{"uv":[9.8125,0.84375,9.875,1.125],"rotation":0,"texture":"#0","tintindex":0},"up":{"uv":[2.75,10.21875,2.6875,10.15625],"rotation":0,"texture":"#0","tintindex":0},"down":{"uv":[10.21875,2.71875,10.15625,2.78125],"rotation":0,"texture":"#0","tintindex":0}}},{"from":[7.428571,12.142858,9.142858],"to":[8.571428,17.285715,10.285714],"rotation":{"angle":45.0,"axis":"y","origin":[8.0,14.428572,9.714286]},"faces":{"east":{"uv":[1.4375,9.8125,1.5,10.09375],"rotation":0,"texture":"#0","tintindex":0},"south":{"uv":[9.8125,1.6875,9.875,1.96875],"rotation":0,"texture":"#0","tintindex":0},"north":{"uv":[9.8125,1.40625,9.875,1.6875],"rotation":0,"texture":"#0","tintindex":0},"west":{"uv":[1.875,9.8125,1.9375,10.09375],"rotation":0,"texture":"#0","tintindex":0},"up":{"uv":[2.8125,10.21875,2.75,10.15625],"rotation":0,"texture":"#0","tintindex":0},"down":{"uv":[10.21875,2.78125,10.15625,2.84375],"rotation":0,"texture":"#0","tintindex":0}}},{"from":[7.428571,16.714287,6.285714],"to":[8.571428,17.857143,9.714286],"rotation":{"angle":-45.0,"axis":"z","origin":[8.0,17.285715,8.0]},"faces":{"east":{"uv":[10.03125,6.875,10.21875,6.9375],"rotation":0,"texture":"#0","tintindex":0},"south":{"uv":[10.15625,2.84375,10.21875,2.90625],"rotation":0,"texture":"#0","tintindex":0},"north":{"uv":[2.8125,10.15625,2.875,10.21875],"rotation":0,"texture":"#0","tintindex":0},"west":{"uv":[10.03125,6.9375,10.21875,7.0],"rotation":0,"texture":"#0","tintindex":0},"up":{"uv":[6.0,10.21875,5.9375,10.03125],"rotation":0,"texture":"#0","tintindex":0},"down":{"uv":[6.46875,10.03125,6.40625,10.21875],"rotation":0,"texture":"#0","tintindex":0}}}],"display":{"head":{"translation":[0.0,-6.4,0.0],"scale":[4.0,4.0,4.0]}}}