{"textures":{"0":"modelengine:entity/tc_cyclops"},"elements":[{"from":[6.285714,8.0,7.428571],"to":[9.714286,9.142858,8.571428],"rotation":{"angle":45.0,"axis":"x","origin":[8.0,8.571428,8.0]},"faces":{"east":{"uv":[10.09375,7.125,10.15625,7.1875],"rotation":0,"texture":"#0","tintindex":0},"south":{"uv":[9.96875,2.09375,10.15625,2.15625],"rotation":0,"texture":"#0","tintindex":0},"north":{"uv":[9.96875,2.03125,10.15625,2.09375],"rotation":0,"texture":"#0","tintindex":0},"west":{"uv":[10.09375,7.1875,10.15625,7.25],"rotation":0,"texture":"#0","tintindex":0},"up":{"uv":[10.15625,2.21875,9.96875,2.15625],"rotation":0,"texture":"#0","tintindex":0},"down":{"uv":[10.15625,2.21875,9.96875,2.28125],"rotation":0,"texture":"#0","tintindex":0}}},{"from":[5.714286,8.571428,7.428571],"to":[6.857143,13.714286,8.571428],"rotation":{"angle":-45.0,"axis":"y","origin":[6.285714,11.428572,8.0]},"faces":{"east":{"uv":[9.71875,5.96875,9.78125,6.25],"rotation":0,"texture":"#0","tintindex":0},"south":{"uv":[6.0625,9.71875,6.125,10.0],"rotation":0,"texture":"#0","tintindex":0},"north":{"uv":[5.8125,9.71875,5.875,10.0],"rotation":0,"texture":"#0","tintindex":0},"west":{"uv":[6.125,9.71875,6.1875,10.0],"rotation":0,"texture":"#0","tintindex":0},"up":{"uv":[10.15625,7.3125,10.09375,7.25],"rotation":0,"texture":"#0","tintindex":0},"down":{"uv":[10.15625,7.3125,10.09375,7.375],"rotation":0,"texture":"#0","tintindex":0}}},{"from":[6.285714,13.142858,7.428571],"to":[9.714286,14.285715,8.571428],"rotation":{"angle":-45.0,"axis":"x","origin":[8.0,13.714286,8.0]},"faces":{"east":{"uv":[10.09375,7.375,10.15625,7.4375],"rotation":0,"texture":"#0","tintindex":0},"south":{"uv":[9.96875,2.34375,10.15625,2.40625],"rotation":0,"texture":"#0","tintindex":0},"north":{"uv":[9.96875,2.28125,10.15625,2.34375],"rotation":0,"texture":"#0","tintindex":0},"west":{"uv":[7.5625,10.09375,7.625,10.15625],"rotation":0,"texture":"#0","tintindex":0},"up":{"uv":[10.15625,2.46875,9.96875,2.40625],"rotation":0,"texture":"#0","tintindex":0},"down":{"uv":[10.15625,2.46875,9.96875,2.53125],"rotation":0,"texture":"#0","tintindex":0}}},{"from":[9.142858,8.571428,7.428571],"to":[10.285714,13.714286,8.571428],"rotation":{"angle":45.0,"axis":"y","origin":[9.714286,10.857143,8.0]},"faces":{"east":{"uv":[6.25,9.71875,6.3125,10.0],"rotation":0,"texture":"#0","tintindex":0},"south":{"uv":[6.3125,9.71875,6.375,10.0],"rotation":0,"texture":"#0","tintindex":0},"north":{"uv":[6.1875,9.71875,6.25,10.0],"rotation":0,"texture":"#0","tintindex":0},"west":{"uv":[6.375,9.71875,6.4375,10.0],"rotation":0,"texture":"#0","tintindex":0},"up":{"uv":[10.15625,7.96875,10.09375,7.90625],"rotation":0,"texture":"#0","tintindex":0},"down":{"uv":[10.15625,7.96875,10.09375,8.03125],"rotation":0,"texture":"#0","tintindex":0}}},{"from":[7.428571,11.571428,6.285714],"to":[8.571428,12.714286,9.714286],"rotation":{"angle":45.0,"axis":"z","origin":[8.0,12.142858,8.0]},"faces":{"east":{"uv":[9.96875,2.53125,10.15625,2.59375],"rotation":0,"texture":"#0","tintindex":0},"south":{"uv":[8.8125,10.09375,8.875,10.15625],"rotation":0,"texture":"#0","tintindex":0},"north":{"uv":[10.09375,8.03125,10.15625,8.09375],"rotation":0,"texture":"#0","tintindex":0},"west":{"uv":[9.96875,2.59375,10.15625,2.65625],"rotation":0,"texture":"#0","tintindex":0},"up":{"uv":[10.03125,4.21875,9.96875,4.03125],"rotation":0,"texture":"#0","tintindex":0},"down":{"uv":[10.03125,5.125,9.96875,5.3125],"rotation":0,"texture":"#0","tintindex":0}}},{"from":[7.428571,12.142858,5.714286],"to":[8.571428,17.285715,6.857143],"rotation":{"angle":-45.0,"axis":"y","origin":[8.0,15.0,6.285714]},"faces":{"east":{"uv":[9.71875,7.09375,9.78125,7.375],"rotation":0,"texture":"#0","tintindex":0},"south":{"uv":[9.71875,7.375,9.78125,7.65625],"rotation":0,"texture":"#0","tintindex":0},"north":{"uv":[9.71875,6.8125,9.78125,7.09375],"rotation":0,"texture":"#0","tintindex":0},"west":{"uv":[9.71875,7.65625,9.78125,7.9375],"rotation":0,"texture":"#0","tintindex":0},"up":{"uv":[8.9375,10.15625,8.875,10.09375],"rotation":0,"texture":"#0","tintindex":0},"down":{"uv":[9.0,10.09375,8.9375,10.15625],"rotation":0,"texture":"#0","tintindex":0}}},{"from":[7.428571,12.142858,9.142858],"to":[8.571428,17.285715,10.285714],"rotation":{"angle":45.0,"axis":"y","origin":[8.0,14.428572,9.714286]},"faces":{"east":{"uv":[8.5625,9.71875,8.625,10.0],"rotation":0,"texture":"#0","tintindex":0},"south":{"uv":[9.71875,8.65625,9.78125,8.9375],"rotation":0,"texture":"#0","tintindex":0},"north":{"uv":[8.5,9.71875,8.5625,10.0],"rotation":0,"texture":"#0","tintindex":0},"west":{"uv":[9.71875,8.9375,9.78125,9.21875],"rotation":0,"texture":"#0","tintindex":0},"up":{"uv":[10.15625,9.46875,10.09375,9.40625],"rotation":0,"texture":"#0","tintindex":0},"down":{"uv":[10.15625,9.78125,10.09375,9.84375],"rotation":0,"texture":"#0","tintindex":0}}},{"from":[7.428571,16.714287,6.285714],"to":[8.571428,17.857143,9.714286],"rotation":{"angle":-45.0,"axis":"z","origin":[8.0,17.285715,8.0]},"faces":{"east":{"uv":[9.96875,2.65625,10.15625,2.71875],"rotation":0,"texture":"#0","tintindex":0},"south":{"uv":[0.5625,10.125,0.625,10.1875],"rotation":0,"texture":"#0","tintindex":0},"north":{"uv":[9.875,10.09375,9.9375,10.15625],"rotation":0,"texture":"#0","tintindex":0},"west":{"uv":[9.96875,4.21875,10.15625,4.28125],"rotation":0,"texture":"#0","tintindex":0},"up":{"uv":[7.5625,10.15625,7.5,9.96875],"rotation":0,"texture":"#0","tintindex":0},"down":{"uv":[7.71875,9.96875,7.65625,10.15625],"rotation":0,"texture":"#0","tintindex":0}}}],"display":{"head":{"translation":[0.0,-6.4,0.0],"scale":[4.0,4.0,4.0]}}}