{"textures":{"0":"modelengine:entity/tc_cyclops"},"elements":[{"from":[6.285714,8.0,7.428571],"to":[9.714286,9.142858,8.571428],"rotation":{"angle":45.0,"axis":"x","origin":[8.0,8.571428,8.0]},"faces":{"east":{"uv":[10.125,3.53125,10.1875,3.59375],"rotation":0,"texture":"#0","tintindex":0},"south":{"uv":[9.96875,9.53125,10.15625,9.59375],"rotation":0,"texture":"#0","tintindex":0},"north":{"uv":[9.96875,9.46875,10.15625,9.53125],"rotation":0,"texture":"#0","tintindex":0},"west":{"uv":[10.125,3.59375,10.1875,3.65625],"rotation":0,"texture":"#0","tintindex":0},"up":{"uv":[10.15625,9.65625,9.96875,9.59375],"rotation":0,"texture":"#0","tintindex":0},"down":{"uv":[10.15625,9.65625,9.96875,9.71875],"rotation":0,"texture":"#0","tintindex":0}}},{"from":[5.714286,8.571428,7.428571],"to":[6.857143,13.714286,8.571428],"rotation":{"angle":-45.0,"axis":"y","origin":[6.285714,11.428572,8.0]},"faces":{"east":{"uv":[9.75,4.3125,9.8125,4.59375],"rotation":0,"texture":"#0","tintindex":0},"south":{"uv":[9.75,5.125,9.8125,5.40625],"rotation":0,"texture":"#0","tintindex":0},"north":{"uv":[9.75,2.6875,9.8125,2.96875],"rotation":0,"texture":"#0","tintindex":0},"west":{"uv":[9.75,5.40625,9.8125,5.6875],"rotation":0,"texture":"#0","tintindex":0},"up":{"uv":[10.1875,3.71875,10.125,3.65625],"rotation":0,"texture":"#0","tintindex":0},"down":{"uv":[10.1875,3.71875,10.125,3.78125],"rotation":0,"texture":"#0","tintindex":0}}},{"from":[6.285714,13.142858,7.428571],"to":[9.714286,14.285715,8.571428],"rotation":{"angle":-45.0,"axis":"x","origin":[8.0,13.714286,8.0]},"faces":{"east":{"uv":[10.125,3.78125,10.1875,3.84375],"rotation":0,"texture":"#0","tintindex":0},"south":{"uv":[9.9375,9.96875,10.125,10.03125],"rotation":0,"texture":"#0","tintindex":0},"north":{"uv":[9.96875,9.71875,10.15625,9.78125],"rotation":0,"texture":"#0","tintindex":0},"west":{"uv":[10.125,3.84375,10.1875,3.90625],"rotation":0,"texture":"#0","tintindex":0},"up":{"uv":[10.1875,0.4375,10.0,0.375],"rotation":0,"texture":"#0","tintindex":0},"down":{"uv":[0.59375,10.0,0.40625,10.0625],"rotation":0,"texture":"#0","tintindex":0}}},{"from":[9.142858,8.571428,7.428571],"to":[10.285714,13.714286,8.571428],"rotation":{"angle":45.0,"axis":"y","origin":[9.714286,10.857143,8.0]},"faces":{"east":{"uv":[9.75,6.25,9.8125,6.53125],"rotation":0,"texture":"#0","tintindex":0},"south":{"uv":[6.4375,9.75,6.5,10.03125],"rotation":0,"texture":"#0","tintindex":0},"north":{"uv":[5.96875,9.75,6.03125,10.03125],"rotation":0,"texture":"#0","tintindex":0},"west":{"uv":[6.5,9.75,6.5625,10.03125],"rotation":0,"texture":"#0","tintindex":0},"up":{"uv":[10.1875,3.96875,10.125,3.90625],"rotation":0,"texture":"#0","tintindex":0},"down":{"uv":[10.1875,3.96875,10.125,4.03125],"rotation":0,"texture":"#0","tintindex":0}}},{"from":[7.428571,11.571428,6.285714],"to":[8.571428,12.714286,9.714286],"rotation":{"angle":45.0,"axis":"z","origin":[8.0,12.142858,8.0]},"faces":{"east":{"uv":[10.0,0.4375,10.1875,0.5],"rotation":0,"texture":"#0","tintindex":0},"south":{"uv":[10.125,4.4375,10.1875,4.5],"rotation":0,"texture":"#0","tintindex":0},"north":{"uv":[10.125,4.375,10.1875,4.4375],"rotation":0,"texture":"#0","tintindex":0},"west":{"uv":[10.0,0.5,10.1875,0.5625],"rotation":0,"texture":"#0","tintindex":0},"up":{"uv":[9.625,10.15625,9.5625,9.96875],"rotation":0,"texture":"#0","tintindex":0},"down":{"uv":[9.6875,9.96875,9.625,10.15625],"rotation":0,"texture":"#0","tintindex":0}}},{"from":[7.428571,12.142858,5.714286],"to":[8.571428,17.285715,6.857143],"rotation":{"angle":-45.0,"axis":"y","origin":[8.0,15.0,6.285714]},"faces":{"east":{"uv":[6.9375,9.75,7.0,10.03125],"rotation":0,"texture":"#0","tintindex":0},"south":{"uv":[7.0,9.75,7.0625,10.03125],"rotation":0,"texture":"#0","tintindex":0},"north":{"uv":[9.75,6.53125,9.8125,6.8125],"rotation":0,"texture":"#0","tintindex":0},"west":{"uv":[9.75,7.9375,9.8125,8.21875],"rotation":0,"texture":"#0","tintindex":0},"up":{"uv":[10.1875,4.5625,10.125,4.5],"rotation":0,"texture":"#0","tintindex":0},"down":{"uv":[10.1875,4.96875,10.125,5.03125],"rotation":0,"texture":"#0","tintindex":0}}},{"from":[7.428571,12.142858,9.142858],"to":[8.571428,17.285715,10.285714],"rotation":{"angle":45.0,"axis":"y","origin":[8.0,14.428572,9.714286]},"faces":{"east":{"uv":[8.34375,9.75,8.40625,10.03125],"rotation":0,"texture":"#0","tintindex":0},"south":{"uv":[9.21875,9.75,9.28125,10.03125],"rotation":0,"texture":"#0","tintindex":0},"north":{"uv":[9.75,8.21875,9.8125,8.5],"rotation":0,"texture":"#0","tintindex":0},"west":{"uv":[9.75,9.21875,9.8125,9.5],"rotation":0,"texture":"#0","tintindex":0},"up":{"uv":[10.1875,5.8125,10.125,5.75],"rotation":0,"texture":"#0","tintindex":0},"down":{"uv":[10.1875,6.0,10.125,6.0625],"rotation":0,"texture":"#0","tintindex":0}}},{"from":[7.428571,16.714287,6.285714],"to":[8.571428,17.857143,9.714286],"rotation":{"angle":-45.0,"axis":"z","origin":[8.0,17.285715,8.0]},"faces":{"east":{"uv":[10.0,1.65625,10.1875,1.71875],"rotation":0,"texture":"#0","tintindex":0},"south":{"uv":[10.125,6.125,10.1875,6.1875],"rotation":0,"texture":"#0","tintindex":0},"north":{"uv":[10.125,6.0625,10.1875,6.125],"rotation":0,"texture":"#0","tintindex":0},"west":{"uv":[10.0,1.71875,10.1875,1.78125],"rotation":0,"texture":"#0","tintindex":0},"up":{"uv":[0.3125,10.1875,0.25,10.0],"rotation":0,"texture":"#0","tintindex":0},"down":{"uv":[1.5625,10.0,1.5,10.1875],"rotation":0,"texture":"#0","tintindex":0}}}],"display":{"head":{"translation":[0.0,-6.4,0.0],"scale":[4.0,4.0,4.0]}}}