{"textures":{"0":"modelengine:entity/tc_cyclops"},"elements":[{"from":[6.285714,8.0,7.428571],"to":[9.714286,9.142858,8.571428],"rotation":{"angle":45.0,"axis":"x","origin":[8.0,8.571428,8.0]},"faces":{"east":{"uv":[9.6875,2.6875,9.75,2.75],"rotation":0,"texture":"#0","tintindex":0},"south":{"uv":[9.9375,3.53125,10.125,3.59375],"rotation":0,"texture":"#0","tintindex":0},"north":{"uv":[9.9375,3.46875,10.125,3.53125],"rotation":0,"texture":"#0","tintindex":0},"west":{"uv":[9.6875,2.75,9.75,2.8125],"rotation":0,"texture":"#0","tintindex":0},"up":{"uv":[10.125,3.65625,9.9375,3.59375],"rotation":0,"texture":"#0","tintindex":0},"down":{"uv":[10.125,3.65625,9.9375,3.71875],"rotation":0,"texture":"#0","tintindex":0}}},{"from":[5.714286,8.571428,7.428571],"to":[6.857143,13.714286,8.571428],"rotation":{"angle":-45.0,"axis":"y","origin":[6.285714,11.428572,8.0]},"faces":{"east":{"uv":[8.625,9.65625,8.6875,9.9375],"rotation":0,"texture":"#0","tintindex":0},"south":{"uv":[8.6875,9.65625,8.75,9.9375],"rotation":0,"texture":"#0","tintindex":0},"north":{"uv":[8.4375,9.65625,8.5,9.9375],"rotation":0,"texture":"#0","tintindex":0},"west":{"uv":[8.75,9.65625,8.8125,9.9375],"rotation":0,"texture":"#0","tintindex":0},"up":{"uv":[10.09375,9.46875,10.03125,9.40625],"rotation":0,"texture":"#0","tintindex":0},"down":{"uv":[10.125,4.375,10.0625,4.4375],"rotation":0,"texture":"#0","tintindex":0}}},{"from":[6.285714,13.142858,7.428571],"to":[9.714286,14.285715,8.571428],"rotation":{"angle":-45.0,"axis":"x","origin":[8.0,13.714286,8.0]},"faces":{"east":{"uv":[10.0625,5.75,10.125,5.8125],"rotation":0,"texture":"#0","tintindex":0},"south":{"uv":[9.9375,3.78125,10.125,3.84375],"rotation":0,"texture":"#0","tintindex":0},"north":{"uv":[9.9375,3.71875,10.125,3.78125],"rotation":0,"texture":"#0","tintindex":0},"west":{"uv":[7.4375,10.0625,7.5,10.125],"rotation":0,"texture":"#0","tintindex":0},"up":{"uv":[10.125,3.90625,9.9375,3.84375],"rotation":0,"texture":"#0","tintindex":0},"down":{"uv":[10.125,3.90625,9.9375,3.96875],"rotation":0,"texture":"#0","tintindex":0}}},{"from":[9.142858,8.571428,7.428571],"to":[10.285714,13.714286,8.571428],"rotation":{"angle":45.0,"axis":"y","origin":[9.714286,10.857143,8.0]},"faces":{"east":{"uv":[9.6875,0.0,9.75,0.28125],"rotation":0,"texture":"#0","tintindex":0},"south":{"uv":[9.6875,0.625,9.75,0.90625],"rotation":0,"texture":"#0","tintindex":0},"north":{"uv":[9.65625,8.875,9.71875,9.15625],"rotation":0,"texture":"#0","tintindex":0},"west":{"uv":[9.6875,0.90625,9.75,1.1875],"rotation":0,"texture":"#0","tintindex":0},"up":{"uv":[9.8125,10.125,9.75,10.0625],"rotation":0,"texture":"#0","tintindex":0},"down":{"uv":[10.125,9.84375,10.0625,9.90625],"rotation":0,"texture":"#0","tintindex":0}}},{"from":[7.428571,11.571428,6.285714],"to":[8.571428,12.714286,9.714286],"rotation":{"angle":45.0,"axis":"z","origin":[8.0,12.142858,8.0]},"faces":{"east":{"uv":[9.9375,3.96875,10.125,4.03125],"rotation":0,"texture":"#0","tintindex":0},"south":{"uv":[0.75,10.09375,0.8125,10.15625],"rotation":0,"texture":"#0","tintindex":0},"north":{"uv":[0.1875,10.09375,0.25,10.15625],"rotation":0,"texture":"#0","tintindex":0},"west":{"uv":[9.9375,4.4375,10.125,4.5],"rotation":0,"texture":"#0","tintindex":0},"up":{"uv":[10.0,4.78125,9.9375,4.59375],"rotation":0,"texture":"#0","tintindex":0},"down":{"uv":[10.0,4.78125,9.9375,4.96875],"rotation":0,"texture":"#0","tintindex":0}}},{"from":[7.428571,12.142858,5.714286],"to":[8.571428,17.285715,6.857143],"rotation":{"angle":-45.0,"axis":"y","origin":[8.0,15.0,6.285714]},"faces":{"east":{"uv":[9.6875,2.40625,9.75,2.6875],"rotation":0,"texture":"#0","tintindex":0},"south":{"uv":[9.6875,6.53125,9.75,6.8125],"rotation":0,"texture":"#0","tintindex":0},"north":{"uv":[9.6875,1.78125,9.75,2.0625],"rotation":0,"texture":"#0","tintindex":0},"west":{"uv":[9.6875,8.09375,9.75,8.375],"rotation":0,"texture":"#0","tintindex":0},"up":{"uv":[0.875,10.15625,0.8125,10.09375],"rotation":0,"texture":"#0","tintindex":0},"down":{"uv":[1.46875,10.09375,1.40625,10.15625],"rotation":0,"texture":"#0","tintindex":0}}},{"from":[7.428571,12.142858,9.142858],"to":[8.571428,17.285715,10.285714],"rotation":{"angle":45.0,"axis":"y","origin":[8.0,14.428572,9.714286]},"faces":{"east":{"uv":[9.3125,9.6875,9.375,9.96875],"rotation":0,"texture":"#0","tintindex":0},"south":{"uv":[9.6875,9.4375,9.75,9.71875],"rotation":0,"texture":"#0","tintindex":0},"north":{"uv":[9.6875,8.375,9.75,8.65625],"rotation":0,"texture":"#0","tintindex":0},"west":{"uv":[9.71875,1.28125,9.78125,1.5625],"rotation":0,"texture":"#0","tintindex":0},"up":{"uv":[1.90625,10.15625,1.84375,10.09375],"rotation":0,"texture":"#0","tintindex":0},"down":{"uv":[2.125,10.09375,2.0625,10.15625],"rotation":0,"texture":"#0","tintindex":0}}},{"from":[7.428571,16.714287,6.285714],"to":[8.571428,17.857143,9.714286],"rotation":{"angle":-45.0,"axis":"z","origin":[8.0,17.285715,8.0]},"faces":{"east":{"uv":[9.9375,4.5,10.125,4.5625],"rotation":0,"texture":"#0","tintindex":0},"south":{"uv":[2.1875,10.09375,2.25,10.15625],"rotation":0,"texture":"#0","tintindex":0},"north":{"uv":[2.125,10.09375,2.1875,10.15625],"rotation":0,"texture":"#0","tintindex":0},"west":{"uv":[9.9375,4.96875,10.125,5.03125],"rotation":0,"texture":"#0","tintindex":0},"up":{"uv":[10.0,5.8125,9.9375,5.625],"rotation":0,"texture":"#0","tintindex":0},"down":{"uv":[10.0,5.8125,9.9375,6.0],"rotation":0,"texture":"#0","tintindex":0}}}],"display":{"head":{"translation":[0.0,-6.4,0.0],"scale":[4.0,4.0,4.0]}}}