{"textures":{"0":"modelengine:entity/tc_cyclops"},"elements":[{"from":[6.285714,8.0,7.428571],"to":[9.714286,9.142858,8.571428],"rotation":{"angle":45.0,"axis":"x","origin":[8.0,8.571428,8.0]},"faces":{"east":{"uv":[1.75,10.15625,1.8125,10.21875],"rotation":0,"texture":"#0","tintindex":0},"south":{"uv":[10.0,5.9375,10.1875,6.0],"rotation":0,"texture":"#0","tintindex":0},"north":{"uv":[10.0,5.875,10.1875,5.9375],"rotation":0,"texture":"#0","tintindex":0},"west":{"uv":[1.8125,10.15625,1.875,10.21875],"rotation":0,"texture":"#0","tintindex":0},"up":{"uv":[6.34375,10.0625,6.15625,10.0],"rotation":0,"texture":"#0","tintindex":0},"down":{"uv":[7.3125,10.0,7.125,10.0625],"rotation":0,"texture":"#0","tintindex":0}}},{"from":[5.714286,8.571428,7.428571],"to":[6.857143,13.714286,8.571428],"rotation":{"angle":-45.0,"axis":"y","origin":[6.285714,11.428572,8.0]},"faces":{"east":{"uv":[9.78125,5.6875,9.84375,5.96875],"rotation":0,"texture":"#0","tintindex":0},"south":{"uv":[9.78125,5.96875,9.84375,6.25],"rotation":0,"texture":"#0","tintindex":0},"north":{"uv":[5.21875,9.78125,5.28125,10.0625],"rotation":0,"texture":"#0","tintindex":0},"west":{"uv":[9.78125,6.8125,9.84375,7.09375],"rotation":0,"texture":"#0","tintindex":0},"up":{"uv":[10.21875,1.90625,10.15625,1.84375],"rotation":0,"texture":"#0","tintindex":0},"down":{"uv":[1.9375,10.15625,1.875,10.21875],"rotation":0,"texture":"#0","tintindex":0}}},{"from":[6.285714,13.142858,7.428571],"to":[9.714286,14.285715,8.571428],"rotation":{"angle":-45.0,"axis":"x","origin":[8.0,13.714286,8.0]},"faces":{"east":{"uv":[10.15625,1.90625,10.21875,1.96875],"rotation":0,"texture":"#0","tintindex":0},"south":{"uv":[10.0,8.28125,10.1875,8.34375],"rotation":0,"texture":"#0","tintindex":0},"north":{"uv":[7.3125,10.0,7.5,10.0625],"rotation":0,"texture":"#0","tintindex":0},"west":{"uv":[10.15625,1.96875,10.21875,2.03125],"rotation":0,"texture":"#0","tintindex":0},"up":{"uv":[10.1875,8.40625,10.0,8.34375],"rotation":0,"texture":"#0","tintindex":0},"down":{"uv":[10.1875,8.40625,10.0,8.46875],"rotation":0,"texture":"#0","tintindex":0}}},{"from":[9.142858,8.571428,7.428571],"to":[10.285714,13.714286,8.571428],"rotation":{"angle":45.0,"axis":"y","origin":[9.714286,10.857143,8.0]},"faces":{"east":{"uv":[9.78125,7.375,9.84375,7.65625],"rotation":0,"texture":"#0","tintindex":0},"south":{"uv":[9.78125,7.65625,9.84375,7.9375],"rotation":0,"texture":"#0","tintindex":0},"north":{"uv":[9.78125,7.09375,9.84375,7.375],"rotation":0,"texture":"#0","tintindex":0},"west":{"uv":[7.875,9.78125,7.9375,10.0625],"rotation":0,"texture":"#0","tintindex":0},"up":{"uv":[10.21875,2.09375,10.15625,2.03125],"rotation":0,"texture":"#0","tintindex":0},"down":{"uv":[2.125,10.15625,2.0625,10.21875],"rotation":0,"texture":"#0","tintindex":0}}},{"from":[7.428571,11.571428,6.285714],"to":[8.571428,12.714286,9.714286],"rotation":{"angle":45.0,"axis":"z","origin":[8.0,12.142858,8.0]},"faces":{"east":{"uv":[9.0,10.0,9.1875,10.0625],"rotation":0,"texture":"#0","tintindex":0},"south":{"uv":[2.125,10.15625,2.1875,10.21875],"rotation":0,"texture":"#0","tintindex":0},"north":{"uv":[10.15625,2.09375,10.21875,2.15625],"rotation":0,"texture":"#0","tintindex":0},"west":{"uv":[10.03125,0.0,10.21875,0.0625],"rotation":0,"texture":"#0","tintindex":0},"up":{"uv":[6.40625,10.1875,6.34375,10.0],"rotation":0,"texture":"#0","tintindex":0},"down":{"uv":[8.53125,10.0,8.46875,10.1875],"rotation":0,"texture":"#0","tintindex":0}}},{"from":[7.428571,12.142858,5.714286],"to":[8.571428,17.285715,6.857143],"rotation":{"angle":-45.0,"axis":"y","origin":[8.0,15.0,6.285714]},"faces":{"east":{"uv":[8.0,9.78125,8.0625,10.0625],"rotation":0,"texture":"#0","tintindex":0},"south":{"uv":[8.0625,9.78125,8.125,10.0625],"rotation":0,"texture":"#0","tintindex":0},"north":{"uv":[7.9375,9.78125,8.0,10.0625],"rotation":0,"texture":"#0","tintindex":0},"west":{"uv":[8.125,9.78125,8.1875,10.0625],"rotation":0,"texture":"#0","tintindex":0},"up":{"uv":[10.21875,2.21875,10.15625,2.15625],"rotation":0,"texture":"#0","tintindex":0},"down":{"uv":[2.25,10.15625,2.1875,10.21875],"rotation":0,"texture":"#0","tintindex":0}}},{"from":[7.428571,12.142858,9.142858],"to":[8.571428,17.285715,10.285714],"rotation":{"angle":45.0,"axis":"y","origin":[8.0,14.428572,9.714286]},"faces":{"east":{"uv":[8.25,9.78125,8.3125,10.0625],"rotation":0,"texture":"#0","tintindex":0},"south":{"uv":[9.78125,8.5,9.84375,8.78125],"rotation":0,"texture":"#0","tintindex":0},"north":{"uv":[8.1875,9.78125,8.25,10.0625],"rotation":0,"texture":"#0","tintindex":0},"west":{"uv":[9.78125,8.78125,9.84375,9.0625],"rotation":0,"texture":"#0","tintindex":0},"up":{"uv":[10.21875,2.28125,10.15625,2.21875],"rotation":0,"texture":"#0","tintindex":0},"down":{"uv":[10.21875,2.28125,10.15625,2.34375],"rotation":0,"texture":"#0","tintindex":0}}},{"from":[7.428571,16.714287,6.285714],"to":[8.571428,17.857143,9.714286],"rotation":{"angle":-45.0,"axis":"z","origin":[8.0,17.285715,8.0]},"faces":{"east":{"uv":[10.03125,0.0625,10.21875,0.125],"rotation":0,"texture":"#0","tintindex":0},"south":{"uv":[10.15625,2.34375,10.21875,2.40625],"rotation":0,"texture":"#0","tintindex":0},"north":{"uv":[2.3125,10.15625,2.375,10.21875],"rotation":0,"texture":"#0","tintindex":0},"west":{"uv":[10.03125,0.125,10.21875,0.1875],"rotation":0,"texture":"#0","tintindex":0},"up":{"uv":[8.59375,10.1875,8.53125,10.0],"rotation":0,"texture":"#0","tintindex":0},"down":{"uv":[9.75,10.0,9.6875,10.1875],"rotation":0,"texture":"#0","tintindex":0}}}],"display":{"head":{"translation":[0.0,-6.4,0.0],"scale":[4.0,4.0,4.0]}}}