{"textures":{"0":"modelengine:entity/tc_cyclops"},"elements":[{"from":[6.285714,8.0,7.428571],"to":[9.714286,9.142858,8.571428],"rotation":{"angle":45.0,"axis":"x","origin":[8.0,8.571428,8.0]},"faces":{"east":{"uv":[2.875,10.15625,2.9375,10.21875],"rotation":0,"texture":"#0","tintindex":0},"south":{"uv":[10.03125,7.46875,10.21875,7.53125],"rotation":0,"texture":"#0","tintindex":0},"north":{"uv":[10.03125,7.0,10.21875,7.0625],"rotation":0,"texture":"#0","tintindex":0},"west":{"uv":[2.9375,10.15625,3.0,10.21875],"rotation":0,"texture":"#0","tintindex":0},"up":{"uv":[10.21875,7.59375,10.03125,7.53125],"rotation":0,"texture":"#0","tintindex":0},"down":{"uv":[10.21875,7.71875,10.03125,7.78125],"rotation":0,"texture":"#0","tintindex":0}}},{"from":[5.714286,8.571428,7.428571],"to":[6.857143,13.714286,8.571428],"rotation":{"angle":-45.0,"axis":"y","origin":[6.285714,11.428572,8.0]},"faces":{"east":{"uv":[9.8125,2.25,9.875,2.53125],"rotation":0,"texture":"#0","tintindex":0},"south":{"uv":[2.3125,9.8125,2.375,10.09375],"rotation":0,"texture":"#0","tintindex":0},"north":{"uv":[9.8125,1.96875,9.875,2.25],"rotation":0,"texture":"#0","tintindex":0},"west":{"uv":[2.375,9.8125,2.4375,10.09375],"rotation":0,"texture":"#0","tintindex":0},"up":{"uv":[3.0625,10.21875,3.0,10.15625],"rotation":0,"texture":"#0","tintindex":0},"down":{"uv":[3.125,10.15625,3.0625,10.21875],"rotation":0,"texture":"#0","tintindex":0}}},{"from":[6.285714,13.142858,7.428571],"to":[9.714286,14.285715,8.571428],"rotation":{"angle":-45.0,"axis":"x","origin":[8.0,13.714286,8.0]},"faces":{"east":{"uv":[3.125,10.15625,3.1875,10.21875],"rotation":0,"texture":"#0","tintindex":0},"south":{"uv":[10.03125,7.84375,10.21875,7.90625],"rotation":0,"texture":"#0","tintindex":0},"north":{"uv":[10.03125,7.78125,10.21875,7.84375],"rotation":0,"texture":"#0","tintindex":0},"west":{"uv":[3.1875,10.15625,3.25,10.21875],"rotation":0,"texture":"#0","tintindex":0},"up":{"uv":[10.21875,8.53125,10.03125,8.46875],"rotation":0,"texture":"#0","tintindex":0},"down":{"uv":[9.0,10.03125,8.8125,10.09375],"rotation":0,"texture":"#0","tintindex":0}}},{"from":[9.142858,8.571428,7.428571],"to":[10.285714,13.714286,8.571428],"rotation":{"angle":45.0,"axis":"y","origin":[9.714286,10.857143,8.0]},"faces":{"east":{"uv":[2.5,9.8125,2.5625,10.09375],"rotation":0,"texture":"#0","tintindex":0},"south":{"uv":[9.8125,2.53125,9.875,2.8125],"rotation":0,"texture":"#0","tintindex":0},"north":{"uv":[2.4375,9.8125,2.5,10.09375],"rotation":0,"texture":"#0","tintindex":0},"west":{"uv":[2.5625,9.8125,2.625,10.09375],"rotation":0,"texture":"#0","tintindex":0},"up":{"uv":[3.3125,10.21875,3.25,10.15625],"rotation":0,"texture":"#0","tintindex":0},"down":{"uv":[3.375,10.15625,3.3125,10.21875],"rotation":0,"texture":"#0","tintindex":0}}},{"from":[7.428571,11.571428,6.285714],"to":[8.571428,12.714286,9.714286],"rotation":{"angle":45.0,"axis":"z","origin":[8.0,12.142858,8.0]},"faces":{"east":{"uv":[10.03125,8.90625,10.21875,8.96875],"rotation":0,"texture":"#0","tintindex":0},"south":{"uv":[3.4375,10.15625,3.5,10.21875],"rotation":0,"texture":"#0","tintindex":0},"north":{"uv":[3.375,10.15625,3.4375,10.21875],"rotation":0,"texture":"#0","tintindex":0},"west":{"uv":[10.03125,8.96875,10.21875,9.03125],"rotation":0,"texture":"#0","tintindex":0},"up":{"uv":[6.53125,10.21875,6.46875,10.03125],"rotation":0,"texture":"#0","tintindex":0},"down":{"uv":[7.0,10.03125,6.9375,10.21875],"rotation":0,"texture":"#0","tintindex":0}}},{"from":[7.428571,12.142858,5.714286],"to":[8.571428,17.285715,6.857143],"rotation":{"angle":-45.0,"axis":"y","origin":[8.0,15.0,6.285714]},"faces":{"east":{"uv":[9.8125,4.09375,9.875,4.375],"rotation":0,"texture":"#0","tintindex":0},"south":{"uv":[4.125,9.8125,4.1875,10.09375],"rotation":0,"texture":"#0","tintindex":0},"north":{"uv":[2.625,9.8125,2.6875,10.09375],"rotation":0,"texture":"#0","tintindex":0},"west":{"uv":[4.1875,9.8125,4.25,10.09375],"rotation":0,"texture":"#0","tintindex":0},"up":{"uv":[3.5625,10.21875,3.5,10.15625],"rotation":0,"texture":"#0","tintindex":0},"down":{"uv":[3.625,10.15625,3.5625,10.21875],"rotation":0,"texture":"#0","tintindex":0}}},{"from":[7.428571,12.142858,9.142858],"to":[8.571428,17.285715,10.285714],"rotation":{"angle":45.0,"axis":"y","origin":[8.0,14.428572,9.714286]},"faces":{"east":{"uv":[4.3125,9.8125,4.375,10.09375],"rotation":0,"texture":"#0","tintindex":0},"south":{"uv":[4.375,9.8125,4.4375,10.09375],"rotation":0,"texture":"#0","tintindex":0},"north":{"uv":[4.25,9.8125,4.3125,10.09375],"rotation":0,"texture":"#0","tintindex":0},"west":{"uv":[4.4375,9.8125,4.5,10.09375],"rotation":0,"texture":"#0","tintindex":0},"up":{"uv":[3.6875,10.21875,3.625,10.15625],"rotation":0,"texture":"#0","tintindex":0},"down":{"uv":[3.90625,10.15625,3.84375,10.21875],"rotation":0,"texture":"#0","tintindex":0}}},{"from":[7.428571,16.714287,6.285714],"to":[8.571428,17.857143,9.714286],"rotation":{"angle":-45.0,"axis":"z","origin":[8.0,17.285715,8.0]},"faces":{"east":{"uv":[10.03125,9.03125,10.21875,9.09375],"rotation":0,"texture":"#0","tintindex":0},"south":{"uv":[3.96875,10.15625,4.03125,10.21875],"rotation":0,"texture":"#0","tintindex":0},"north":{"uv":[3.90625,10.15625,3.96875,10.21875],"rotation":0,"texture":"#0","tintindex":0},"west":{"uv":[10.03125,9.09375,10.21875,9.15625],"rotation":0,"texture":"#0","tintindex":0},"up":{"uv":[7.0625,10.21875,7.0,10.03125],"rotation":0,"texture":"#0","tintindex":0},"down":{"uv":[8.375,10.03125,8.3125,10.21875],"rotation":0,"texture":"#0","tintindex":0}}}],"display":{"head":{"translation":[0.0,-6.4,0.0],"scale":[4.0,4.0,4.0]}}}