{"textures":{"0":"modelengine:entity/tc_cyclops"},"elements":[{"from":[6.9746175,6.987576,1.251193],"to":[9.014618,9.027576,17.531193],"rotation":{"angle":0.0,"axis":"y","origin":[7.9946175,8.007576,3.7311935]},"faces":{"east":{"uv":[5.03125,4.4375,6.3125,4.59375],"rotation":0,"texture":"#0","tintindex":0},"west":{"uv":[5.3125,2.0,6.59375,2.15625],"rotation":0,"texture":"#0","tintindex":0},"up":{"uv":[4.625,6.5,4.46875,5.21875],"rotation":0,"texture":"#0","tintindex":0},"down":{"uv":[4.78125,5.21875,4.625,6.5],"rotation":0,"texture":"#0","tintindex":0}}},{"from":[6.0946174,6.1075764,0.53119326],"to":[9.894617,9.907577,1.7311935],"rotation":{"angle":0.0,"axis":"y","origin":[7.9946175,8.007576,0.73119354]},"faces":{"east":{"uv":[2.34375,9.28125,2.4375,9.59375],"rotation":0,"texture":"#0","tintindex":0},"south":{"uv":[1.96875,7.6875,2.28125,8.0],"rotation":0,"texture":"#0","tintindex":0},"north":{"uv":[5.75,4.59375,6.0625,4.90625],"rotation":0,"texture":"#0","tintindex":0},"west":{"uv":[2.4375,9.28125,2.53125,9.59375],"rotation":0,"texture":"#0","tintindex":0},"up":{"uv":[9.5625,0.09375,9.25,0.0],"rotation":0,"texture":"#0","tintindex":0},"down":{"uv":[9.5625,0.09375,9.25,0.1875],"rotation":0,"texture":"#0","tintindex":0}}},{"from":[6.4946175,6.507576,17.431194],"to":[9.494617,9.507576,18.631195],"rotation":{"angle":0.0,"axis":"y","origin":[7.9946175,8.007576,18.031193]},"faces":{"east":{"uv":[4.625,9.46875,4.71875,9.71875],"rotation":0,"texture":"#0","tintindex":0},"south":{"uv":[8.3125,7.1875,8.5625,7.4375],"rotation":0,"texture":"#0","tintindex":0},"north":{"uv":[8.3125,6.9375,8.5625,7.1875],"rotation":0,"texture":"#0","tintindex":0},"west":{"uv":[9.46875,5.78125,9.5625,6.03125],"rotation":0,"texture":"#0","tintindex":0},"up":{"uv":[7.40625,2.03125,7.15625,1.9375],"rotation":0,"texture":"#0","tintindex":0},"down":{"uv":[9.71875,3.34375,9.46875,3.4375],"rotation":0,"texture":"#0","tintindex":0}}},{"from":[6.4946175,6.507576,-14.168806],"to":[9.494617,9.507576,-12.968807],"rotation":{"angle":45.0,"axis":"z","origin":[7.9946175,8.007576,-13.568808]},"faces":{"east":{"uv":[9.46875,6.96875,9.5625,7.21875],"rotation":0,"texture":"#0","tintindex":0},"south":{"uv":[8.34375,0.3125,8.59375,0.5625],"rotation":0,"texture":"#0","tintindex":0},"north":{"uv":[8.3125,8.25,8.5625,8.5],"rotation":0,"texture":"#0","tintindex":0},"west":{"uv":[9.46875,7.21875,9.5625,7.46875],"rotation":0,"texture":"#0","tintindex":0},"up":{"uv":[9.71875,5.0625,9.46875,4.96875],"rotation":0,"texture":"#0","tintindex":0},"down":{"uv":[9.71875,5.0625,9.46875,5.15625],"rotation":0,"texture":"#0","tintindex":0}}},{"from":[6.8946176,6.907576,-14.968807],"to":[9.094618,9.107576,-14.168806],"rotation":{"angle":45.0,"axis":"z","origin":[7.9946175,8.007576,-13.568808]},"faces":{"east":{"uv":[5.96875,8.34375,6.03125,8.53125],"rotation":0,"texture":"#0","tintindex":0},"south":{"uv":[9.0,0.5625,9.1875,0.75],"rotation":0,"texture":"#0","tintindex":0},"north":{"uv":[8.6875,8.96875,8.875,9.15625],"rotation":0,"texture":"#0","tintindex":0},"west":{"uv":[5.34375,8.71875,5.40625,8.90625],"rotation":0,"texture":"#0","tintindex":0},"up":{"uv":[10.03125,5.125,9.84375,5.0625],"rotation":0,"texture":"#0","tintindex":0},"down":{"uv":[10.03125,6.90625,9.84375,6.96875],"rotation":0,"texture":"#0","tintindex":0}}},{"from":[6.6746173,6.6875763,18.386929],"to":[9.314617,9.327576,21.026928],"rotation":{"angle":45.0,"axis":"x","origin":[7.9946175,8.007576,19.706928]},"faces":{"east":{"uv":[8.9375,8.9375,9.125,9.125],"rotation":0,"texture":"#0","tintindex":0},"south":{"uv":[8.96875,0.25,9.15625,0.4375],"rotation":0,"texture":"#0","tintindex":0},"north":{"uv":[8.9375,8.75,9.125,8.9375],"rotation":0,"texture":"#0","tintindex":0},"west":{"uv":[0.34375,8.96875,0.53125,9.15625],"rotation":0,"texture":"#0","tintindex":0},"up":{"uv":[0.71875,9.15625,0.53125,8.96875],"rotation":0,"texture":"#0","tintindex":0},"down":{"uv":[3.96875,8.96875,3.78125,9.15625],"rotation":0,"texture":"#0","tintindex":0}}},{"from":[6.7946177,6.807576,-6.668807],"to":[9.194617,9.207576,0.53119326],"rotation":{"angle":0.0,"axis":"y","origin":[7.9946175,8.007576,-3.0688066]},"faces":{"east":{"uv":[7.375,6.53125,7.9375,6.71875],"rotation":0,"texture":"#0","tintindex":0},"south":{"uv":[8.96875,5.59375,9.15625,5.78125],"rotation":0,"texture":"#0","tintindex":0},"north":{"uv":[3.96875,8.96875,4.15625,9.15625],"rotation":0,"texture":"#0","tintindex":0},"west":{"uv":[7.46875,1.625,8.03125,1.8125],"rotation":0,"texture":"#0","tintindex":0},"up":{"uv":[2.65625,7.71875,2.46875,7.15625],"rotation":0,"texture":"#0","tintindex":0},"down":{"uv":[7.03125,7.4375,6.84375,8.0],"rotation":0,"texture":"#0","tintindex":0}}},{"from":[6.3946176,6.407576,-1.0688066],"to":[9.594618,9.607576,-0.26880646],"rotation":{"angle":0.0,"axis":"y","origin":[7.9946175,8.007576,-3.0688066]},"faces":{"east":{"uv":[5.875,9.8125,5.9375,10.0625],"rotation":0,"texture":"#0","tintindex":0},"south":{"uv":[8.34375,4.0,8.59375,4.25],"rotation":0,"texture":"#0","tintindex":0},"north":{"uv":[8.34375,1.5625,8.59375,1.8125],"rotation":0,"texture":"#0","tintindex":0},"west":{"uv":[9.8125,6.25,9.875,6.5],"rotation":0,"texture":"#0","tintindex":0},"up":{"uv":[3.375,7.59375,3.125,7.53125],"rotation":0,"texture":"#0","tintindex":0},"down":{"uv":[7.84375,7.4375,7.59375,7.5],"rotation":0,"texture":"#0","tintindex":0}}},{"from":[6.3946176,6.407576,-4.2688065],"to":[9.594618,9.607576,-3.4688063],"rotation":{"angle":0.0,"axis":"y","origin":[7.9946175,8.007576,-3.0688066]},"faces":{"east":{"uv":[9.8125,6.5,9.875,6.75],"rotation":0,"texture":"#0","tintindex":0},"south":{"uv":[5.71875,8.34375,5.96875,8.59375],"rotation":0,"texture":"#0","tintindex":0},"north":{"uv":[5.46875,8.34375,5.71875,8.59375],"rotation":0,"texture":"#0","tintindex":0},"west":{"uv":[6.5625,9.8125,6.625,10.0625],"rotation":0,"texture":"#0","tintindex":0},"up":{"uv":[8.125,7.71875,7.875,7.65625],"rotation":0,"texture":"#0","tintindex":0},"down":{"uv":[8.15625,3.75,7.90625,3.8125],"rotation":0,"texture":"#0","tintindex":0}}},{"from":[6.3946176,6.407576,-3.0688066],"to":[9.594618,9.607576,-2.2688065],"rotation":{"angle":0.0,"axis":"y","origin":[7.9946175,8.007576,-3.0688066]},"faces":{"east":{"uv":[6.625,9.8125,6.6875,10.0625],"rotation":0,"texture":"#0","tintindex":0},"south":{"uv":[2.71875,8.375,2.96875,8.625],"rotation":0,"texture":"#0","tintindex":0},"north":{"uv":[6.28125,8.34375,6.53125,8.59375],"rotation":0,"texture":"#0","tintindex":0},"west":{"uv":[6.6875,9.8125,6.75,10.0625],"rotation":0,"texture":"#0","tintindex":0},"up":{"uv":[8.5625,4.65625,8.3125,4.59375],"rotation":0,"texture":"#0","tintindex":0},"down":{"uv":[10.03125,9.0625,9.78125,9.125],"rotation":0,"texture":"#0","tintindex":0}}},{"from":[6.7946177,6.807576,16.241367],"to":[9.194617,9.207576,17.041368],"rotation":{"angle":0.0,"axis":"y","origin":[7.9946175,8.007576,14.441368]},"faces":{"east":{"uv":[9.84375,7.09375,9.90625,7.28125],"rotation":0,"texture":"#0","tintindex":0},"south":{"uv":[9.0,3.09375,9.1875,3.28125],"rotation":0,"texture":"#0","tintindex":0},"north":{"uv":[9.0,2.90625,9.1875,3.09375],"rotation":0,"texture":"#0","tintindex":0},"west":{"uv":[9.84375,7.28125,9.90625,7.46875],"rotation":0,"texture":"#0","tintindex":0},"up":{"uv":[10.03125,7.53125,9.84375,7.46875],"rotation":0,"texture":"#0","tintindex":0},"down":{"uv":[10.03125,7.53125,9.84375,7.59375],"rotation":0,"texture":"#0","tintindex":0}}},{"from":[6.7946177,6.807576,15.0413685],"to":[9.194617,9.207576,15.841368],"rotation":{"angle":0.0,"axis":"y","origin":[7.9946175,8.007576,14.441368]},"faces":{"east":{"uv":[9.875,1.46875,9.9375,1.65625],"rotation":0,"texture":"#0","tintindex":0},"south":{"uv":[9.0625,0.9375,9.25,1.125],"rotation":0,"texture":"#0","tintindex":0},"north":{"uv":[9.0625,0.0,9.25,0.1875],"rotation":0,"texture":"#0","tintindex":0},"west":{"uv":[9.875,1.65625,9.9375,1.84375],"rotation":0,"texture":"#0","tintindex":0},"up":{"uv":[10.0625,1.90625,9.875,1.84375],"rotation":0,"texture":"#0",