{"textures":{"0":"modelengine:entity/tc_cyclops"},"elements":[{"from":[5.2757215,11.283232,5.469348],"to":[10.692864,13.557518,8.886491],"rotation":{"angle":-22.5,"axis":"x","origin":[7.984293,11.563232,4.60649]},"faces":{"east":{"uv":[9.4375,5.5,9.625,5.625],"rotation":0,"texture":"#0","tintindex":0},"south":{"uv":[7.46875,1.8125,7.78125,1.9375],"rotation":0,"texture":"#0","tintindex":0},"north":{"uv":[6.59375,2.03125,6.90625,2.15625],"rotation":0,"texture":"#0","tintindex":0},"west":{"uv":[4.125,9.46875,4.3125,9.59375],"rotation":0,"texture":"#0","tintindex":0},"up":{"uv":[8.8125,3.875,8.5,3.6875],"rotation":0,"texture":"#0","tintindex":0},"down":{"uv":[4.21875,8.5,3.90625,8.6875],"rotation":0,"texture":"#0","tintindex":0}}},{"from":[5.270007,10.468205,0.36060667],"to":[10.710008,15.051064,7.800607],"rotation":{"angle":0.0,"axis":"y","origin":[7.8471503,-14.157127,11.693007]},"faces":{"east":{"uv":[7.5625,0.4375,7.96875,0.6875],"rotation":0,"texture":"#0","tintindex":0},"south":{"uv":[7.96875,4.75,8.28125,5.0],"rotation":0,"texture":"#0","tintindex":0},"north":{"uv":[6.1875,3.46875,6.5,3.71875],"rotation":0,"texture":"#0","tintindex":0},"west":{"uv":[7.5625,4.75,7.96875,5.0],"rotation":0,"texture":"#0","tintindex":0},"up":{"uv":[0.9375,7.4375,0.625,7.03125],"rotation":0,"texture":"#0","tintindex":0},"down":{"uv":[7.46875,1.53125,7.15625,1.9375],"rotation":0,"texture":"#0","tintindex":0}}},{"from":[8.007495,9.331061,-0.4413452],"to":[10.293209,10.473919,0.13008356],"rotation":{"angle":-22.5,"axis":"y","origin":[8.007495,9.902491,-0.4413452]},"faces":{"east":{"uv":[4.21875,0.78125,4.25,0.84375],"rotation":0,"texture":"#0","tintindex":0},"south":{"uv":[7.03125,1.53125,7.15625,1.59375],"rotation":0,"texture":"#0","tintindex":0},"north":{"uv":[4.90625,4.0,5.03125,4.0625],"rotation":0,"texture":"#0","tintindex":0},"west":{"uv":[4.21875,0.84375,4.25,0.90625],"rotation":0,"texture":"#0","tintindex":0},"up":{"uv":[0.4375,5.53125,0.3125,5.5],"rotation":0,"texture":"#0","tintindex":0},"down":{"uv":[1.34375,5.53125,1.21875,5.5625],"rotation":0,"texture":"#0","tintindex":0}}},{"from":[9.553505,9.336776,0.43907404],"to":[10.113504,10.4682045,1.2847881],"rotation":{"angle":0.0,"axis":"y","origin":[9.833505,9.902491,0.43335962]},"faces":{"east":{"uv":[8.125,7.65625,8.1875,7.71875],"rotation":0,"texture":"#0","tintindex":0},"south":{"uv":[4.0625,4.21875,4.09375,4.28125],"rotation":0,"texture":"#0","tintindex":0},"north":{"uv":[4.21875,1.03125,4.25,1.09375],"rotation":0,"texture":"#0","tintindex":0},"west":{"uv":[7.46875,8.5625,7.53125,8.625],"rotation":0,"texture":"#0","tintindex":0},"up":{"uv":[4.28125,1.28125,4.25,1.21875],"rotation":0,"texture":"#0","tintindex":0},"down":{"uv":[4.28125,1.28125,4.25,1.34375],"rotation":0,"texture":"#0","tintindex":0}}},{"from":[9.547791,9.615579,1.0065799],"to":[10.119219,10.758436,3.8637233],"rotation":{"angle":-22.5,"axis":"x","origin":[9.833505,10.187007,1.8637228]},"faces":{"east":{"uv":[3.875,7.3125,4.03125,7.375],"rotation":0,"texture":"#0","tintindex":0},"south":{"uv":[4.21875,0.96875,4.25,1.03125],"rotation":0,"texture":"#0","tintindex":0},"north":{"uv":[4.21875,0.90625,4.25,0.96875],"rotation":0,"texture":"#0","tintindex":0},"west":{"uv":[7.75,3.53125,7.90625,3.59375],"rotation":0,"texture":"#0","tintindex":0},"up":{"uv":[0.5,2.8125,0.46875,2.65625],"rotation":0,"texture":"#0","tintindex":0},"down":{"uv":[1.5,3.0625,1.46875,3.21875],"rotation":0,"texture":"#0","tintindex":0}}},{"from":[5.8957696,9.615579,1.0065799],"to":[6.4671984,10.758436,3.8637233],"rotation":{"angle":-22.5,"axis":"x","origin":[6.181484,10.187007,1.8637228]},"faces":{"east":{"uv":[8.125,3.46875,8.28125,3.53125],"rotation":0,"texture":"#0","tintindex":0},"south":{"uv":[4.25,1.65625,4.28125,1.71875],"rotation":0,"texture":"#0","tintindex":0},"north":{"uv":[4.25,1.59375,4.28125,1.65625],"rotation":0,"texture":"#0","tintindex":0},"west":{"uv":[8.40625,8.1875,8.5625,8.25],"rotation":0,"texture":"#0","tintindex":0},"up":{"uv":[3.1875,2.21875,3.15625,2.0625],"rotation":0,"texture":"#0","tintindex":0},"down":{"uv":[1.5,3.21875,1.46875,3.375],"rotation":0,"texture":"#0","tintindex":0}}},{"from":[5.901484,9.336776,0.43907404],"to":[6.461484,10.4682045,1.2847881],"rotation":{"angle":0.0,"axis":"y","origin":[6.181484,9.902491,0.43335962]},"faces":{"east":{"uv":[6.59375,9.25,6.65625,9.3125],"rotation":0,"texture":"#0","tintindex":0},"south":{"uv":[4.25,1.40625,4.28125,1.46875],"rotation":0,"texture":"#0","tintindex":0},"north":{"uv":[4.25,1.34375,4.28125,1.40625],"rotation":0,"texture":"#0","tintindex":0},"west":{"uv":[0.1875,9.3125,0.25,9.375],"rotation":0,"texture":"#0","tintindex":0},"up":{"uv":[4.28125,1.53125,4.25,1.46875],"rotation":0,"texture":"#0","tintindex":0},"down":{"uv":[4.28125,1.53125,4.25,1.59375],"rotation":0,"texture":"#0","tintindex":0}}},{"from":[8.007495,10.473919,-0.72705936],"to":[10.864637,15.045347,0.4157977],"rotation":{"angle":-22.5,"axis":"y","origin":[8.007495,11.045347,-0.72705936]},"faces":{"east":{"uv":[6.78125,7.5625,6.84375,7.8125],"rotation":0,"texture":"#0","tintindex":0},"south":{"uv":[0.5625,8.15625,0.71875,8.40625],"rotation":0,"texture":"#0","tintindex":0},"north":{"uv":[6.09375,4.1875,6.25,4.4375],"rotation":0,"texture":"#0","tintindex":0},"west":{"uv":[2.21875,8.0,2.28125,8.25],"rotation":0,"texture":"#0","tintindex":0},"up":{"uv":[1.65625,4.53125,1.5,4.46875],"rotation":0,"texture":"#0","tintindex":0},"down":{"uv":[7.3125,3.3125,7.15625,3.375],"rotation":0,"texture":"#0","tintindex":0}}},{"from":[8.007495,12.902491,-1.4413452],"to":[9.721781,13.759634,-0.29848766],"rotation":{"angle":-22.5,"axis":"y","origin":[8.007495,13.473919,-1.4413452]},"faces":{"east":{"uv":[3.375,7.53125,3.4375,7.59375],"rotation":0,"texture":"#0","tintindex":0},"south":{"uv":[2.71875,8.3125,2.8125,8.375],"rotation":0,"texture":"#0","tintindex":0},"north":{"uv":[2.46875,8.25,2.5625,8.3125],"rotation":0,"texture":"#0","tintindex":0},"west":{"uv":[8.0625,3.21875,8.125,3.28125],"rotation":0,"texture":"#0","tintindex":0},"up":{"uv":[6.8125,8.625,6.71875,8.5625],"rotation":0,"texture":"#0","tintindex":0},"down":{"uv":[7.46875,8.5625,7.375,8.625],"rotation":0,"texture":"#0","tintindex":0}}},{"from":[5.1503515,10.473919,-0.72705936],"to":[8.007495,15.045347,0.4157977],"rotation":{"angle":22.5,"axis":"y","origin":[8.007495,11.045347,-0.72705936]},"faces":{"east":{"uv":[6.75,9.8125,6.8125,10.0625],"rotation":0,"texture":"#0","tintindex":0},"south":{"uv":[1.125,8.9375,1.28125,9.1875],"rotation":0,"texture":"#0","tintindex":0},"north":{"uv":[8.90625,0.0,9.0625,0.25],"rotation":0,"texture":"#0","tintindex":0},"west":{"uv":[6.8125,9.8125,6.875,10.0625],"rotation":0,"texture":"#0","tintindex":0},"up":{"uv":[7.9375,6.53125,7.78125,6.46875],"rotation":0,"texture":"#0","tintindex":0},"down":{"uv":[8.03125,1.5625,7.875,1.625],"rotation":0,"texture":"#0","tintindex":0}}},{"from":[6.2932086,12.902491,-1.4413452],"to":[8.007495,13.759634,-0.29848766],"rotation":{"angle":22.5,"axis":"y","origin":[8.007495,13.473919,-1.4413452]},"faces":{"east":{"uv":[6.46875,9.1875,6.53125,9.25],"rotation":0,"texture":"#0","tintindex":0},"south":{"uv":[9.28125,7.53125,9.375,7.59375],"rotation":0,"texture":"#0","tintindex":0},"north":{"uv":[9.28125,6.09375,9.375,6.15625],"rotation":0,"texture":"#0","tintindex":0},"west":{"uv":[9.25,1.4375,9.3125,1.5],"rotation":0,"texture":"#0","tintindex":0},"up":{"uv":[9.40625,2.71875,9.3125,2.65625],"rotation":0,"texture":"#0","tintindex":0},"down":{"uv":[9.40625,8.40625,9.3125,8.46875],"rotation":0,"texture":"#0","tintindex":0}}},{"from":[4.8585787,5.6649294,6.778278],"to":[11.121436,13.642073,11.612564],"rotation":{"angle":-45.0,"axis":"x","origin":[7.9900074,9.6535015,9.195421]},"faces":{"east":{"uv":[5.8125,7.15625,6.09375,7.59375],"rotation":0,"texture":"#0","tintindex":0},"south":{"uv":[6.8125,5.03125,7.15625,5.46875],"rotation":0,"texture":"#0","tintindex":0},"north":{"uv":[6.8125,1.59375,7.15625,2.03125],"rotation":0,"texture":"#0",