{"textures":{"0":"modelengine:entity/tc_cyclops"},"elements":[{"from":[5.9364204,2.6596346,6.285714],"to":[9.364992,8.37392,9.714286],"rotation":{"angle":0.0,"axis":"y","origin":[7.6507063,5.5167775,8.0]},"faces":{"east":{"uv":[6.34375,8.59375,6.53125,8.90625],"rotation":0,"texture":"#0","tintindex":0},"south":{"uv":[2.71875,8.625,2.90625,8.9375],"rotation":0,"texture":"#0","tintindex":0},"north":{"uv":[6.15625,8.59375,6.34375,8.90625],"rotation":0,"texture":"#0","tintindex":0},"west":{"uv":[2.90625,8.625,3.09375,8.9375],"rotation":0,"texture":"#0","tintindex":0},"up":{"uv":[9.34375,5.78125,9.15625,5.59375],"rotation":0,"texture":"#0","tintindex":0},"down":{"uv":[8.875,9.15625,8.6875,9.34375],"rotation":0,"texture":"#0","tintindex":0}}},{"from":[6.3583317,1.9005771,6.2914286],"to":[9.775475,4.746291,9.708571],"rotation":{"angle":-22.5,"axis":"z","origin":[8.066903,3.3234344,8.0]},"faces":{"east":{"uv":[5.09375,9.375,5.28125,9.53125],"rotation":0,"texture":"#0","tintindex":0},"south":{"uv":[9.375,7.53125,9.5625,7.6875],"rotation":0,"texture":"#0","tintindex":0},"north":{"uv":[4.90625,9.375,5.09375,9.53125],"rotation":0,"texture":"#0","tintindex":0},"west":{"uv":[9.375,7.6875,9.5625,7.84375],"rotation":0,"texture":"#0","tintindex":0},"up":{"uv":[9.375,0.75,9.1875,0.5625],"rotation":0,"texture":"#0","tintindex":0},"down":{"uv":[9.375,0.75,9.1875,0.9375],"rotation":0,"texture":"#0","tintindex":0}}},{"from":[9.649108,2.5562162,6.297143],"to":[10.769108,5.390502,9.702857],"rotation":{"angle":-45.0,"axis":"z","origin":[8.4948225,3.973359,8.0]},"faces":{"east":{"uv":[0.6875,9.40625,0.875,9.5625],"rotation":0,"texture":"#0","tintindex":0},"south":{"uv":[9.8125,10.03125,9.875,10.1875],"rotation":0,"texture":"#0","tintindex":0},"north":{"uv":[9.6875,4.3125,9.75,4.46875],"rotation":0,"texture":"#0","tintindex":0},"west":{"uv":[9.40625,0.875,9.59375,1.03125],"rotation":0,"texture":"#0","tintindex":0},"up":{"uv":[9.96875,9.40625,9.90625,9.21875],"rotation":0,"texture":"#0","tintindex":0},"down":{"uv":[9.96875,9.40625,9.90625,9.59375],"rotation":0,"texture":"#0","tintindex":0}}}],"display":{"head":{"translation":[0.0,-6.4,0.0],"scale":[4.0,4.0,4.0]}}}