{"textures":{"0":"modelengine:entity/tc_cyclops"},"elements":[{"from":[5.5072784,2.7596612,6.285714],"to":[8.93585,8.473948,9.714286],"rotation":{"angle":0.0,"axis":"y","origin":[7.2215643,5.616804,8.0]},"faces":{"east":{"uv":[4.59375,8.625,4.78125,8.9375],"rotation":0,"texture":"#0","tintindex":0},"south":{"uv":[6.71875,8.625,6.90625,8.9375],"rotation":0,"texture":"#0","tintindex":0},"north":{"uv":[3.59375,8.625,3.78125,8.9375],"rotation":0,"texture":"#0","tintindex":0},"west":{"uv":[6.90625,8.625,7.09375,8.9375],"rotation":0,"texture":"#0","tintindex":0},"up":{"uv":[1.875,9.375,1.6875,9.1875],"rotation":0,"texture":"#0","tintindex":0},"down":{"uv":[9.375,2.90625,9.1875,3.09375],"rotation":0,"texture":"#0","tintindex":0}}},{"from":[5.92919,2.0006042,6.2914286],"to":[9.3463335,4.8463182,9.708571],"rotation":{"angle":-22.5,"axis":"z","origin":[7.6377616,3.423461,8.0]},"faces":{"east":{"uv":[9.40625,1.4375,9.59375,1.59375],"rotation":0,"texture":"#0","tintindex":0},"south":{"uv":[9.40625,1.59375,9.59375,1.75],"rotation":0,"texture":"#0","tintindex":0},"north":{"uv":[9.40625,1.03125,9.59375,1.1875],"rotation":0,"texture":"#0","tintindex":0},"west":{"uv":[9.40625,2.4375,9.59375,2.59375],"rotation":0,"texture":"#0","tintindex":0},"up":{"uv":[9.375,3.28125,9.1875,3.09375],"rotation":0,"texture":"#0","tintindex":0},"down":{"uv":[4.9375,9.1875,4.75,9.375],"rotation":0,"texture":"#0","tintindex":0}}},{"from":[9.219966,2.6562433,6.297143],"to":[10.339966,5.490529,9.702857],"rotation":{"angle":-45.0,"axis":"z","origin":[8.0656805,4.073386,8.0]},"faces":{"east":{"uv":[9.40625,2.65625,9.59375,2.8125],"rotation":0,"texture":"#0","tintindex":0},"south":{"uv":[10.0625,0.5625,10.125,0.71875],"rotation":0,"texture":"#0","tintindex":0},"north":{"uv":[0.5,10.0625,0.5625,10.21875],"rotation":0,"texture":"#0","tintindex":0},"west":{"uv":[9.40625,6.09375,9.59375,6.25],"rotation":0,"texture":"#0","tintindex":0},"up":{"uv":[9.96875,9.78125,9.90625,9.59375],"rotation":0,"texture":"#0","tintindex":0},"down":{"uv":[9.9375,9.90625,9.875,10.09375],"rotation":0,"texture":"#0","tintindex":0}}}],"display":{"head":{"translation":[0.0,-6.4,0.0],"scale":[4.0,4.0,4.0]}}}