{"textures":{"0":"modelengine:entity/tc_cyclops"},"elements":[{"from":[4.826604,-0.8516598,3.2640705],"to":[11.683747,7.719769,10.692642],"rotation":{"angle":0.0,"axis":"y","origin":[12.0409775,-17.534578,7.647725]},"faces":{"east":{"uv":[4.78125,6.1875,5.1875,6.65625],"rotation":0,"texture":"#0","tintindex":0},"south":{"uv":[3.78125,6.46875,4.15625,6.9375],"rotation":0,"texture":"#0","tintindex":0},"north":{"uv":[3.40625,6.46875,3.78125,6.9375],"rotation":0,"texture":"#0","tintindex":0},"west":{"uv":[5.1875,6.1875,5.59375,6.65625],"rotation":0,"texture":"#0","tintindex":0},"up":{"uv":[5.46875,7.0625,5.09375,6.65625],"rotation":0,"texture":"#0","tintindex":0},"down":{"uv":[1.6875,6.8125,1.3125,7.21875],"rotation":0,"texture":"#0","tintindex":0}}},{"from":[2.402882,2.0745478,2.195516],"to":[11.54574,7.7888336,11.9098015],"rotation":{"angle":-22.5,"axis":"z","origin":[7.112318,3.4340544,6.9783564]},"faces":{"east":{"uv":[6.5,2.4375,7.03125,2.75],"rotation":0,"texture":"#0","tintindex":0},"south":{"uv":[3.1875,6.9375,3.65625,7.25],"rotation":0,"texture":"#0","tintindex":0},"north":{"uv":[6.9375,2.03125,7.40625,2.34375],"rotation":0,"texture":"#0","tintindex":0},"west":{"uv":[6.5,2.75,7.03125,3.0625],"rotation":0,"texture":"#0","tintindex":0},"down":{"uv":[5.3125,2.03125,4.84375,2.5625],"rotation":0,"texture":"#0","tintindex":0}}}],"display":{"head":{"translation":[0.0,-6.4,0.0],"scale":[4.0,4.0,4.0]}}}