{"textures":{"0":"modelengine:entity/tc_cyclops"},"elements":[{"from":[4.0492945,-9.2432995,3.9452267],"to":[12.060724,-1.1454983,12.043028],"rotation":{"angle":45.0,"axis":"x","origin":[8.055009,-5.194399,7.9941273]},"faces":{"east":{"uv":[5.84375,5.3125,6.28125,5.75],"rotation":0,"texture":"#0","tintindex":0},"south":{"uv":[0.0,5.90625,0.4375,6.34375],"rotation":0,"texture":"#0","tintindex":0},"north":{"uv":[3.03125,5.78125,3.46875,6.21875],"rotation":0,"texture":"#0","tintindex":0},"west":{"uv":[0.4375,5.90625,0.875,6.34375],"rotation":0,"texture":"#0","tintindex":0},"up":{"uv":[6.34375,2.59375,5.90625,2.15625],"rotation":0,"texture":"#0","tintindex":0},"down":{"uv":[1.3125,5.9375,0.875,6.375],"rotation":0,"texture":"#0","tintindex":0}}},{"from":[4.0535636,-0.10615635,3.9743886],"to":[12.064993,7.9916444,12.072189],"rotation":{"angle":-45.0,"axis":"x","origin":[8.049294,3.9427443,8.023289]},"faces":{"east":{"uv":[6.0625,0.0,6.5,0.4375],"rotation":0,"texture":"#0","tintindex":0},"south":{"uv":[6.0625,0.4375,6.5,0.875],"rotation":0,"texture":"#0","tintindex":0},"north":{"uv":[2.46875,5.9375,2.90625,6.375],"rotation":0,"texture":"#0","tintindex":0},"west":{"uv":[1.3125,6.0625,1.75,6.5],"rotation":0,"texture":"#0","tintindex":0},"up":{"uv":[6.5,1.75,6.0625,1.3125],"rotation":0,"texture":"#0","tintindex":0},"down":{"uv":[2.1875,6.0625,1.75,6.5],"rotation":0,"texture":"#0","tintindex":0}}},{"from":[4.0664377,-5.1886845,2.297279],"to":[12.05501,3.9427443,13.714422],"rotation":{"angle":0.0,"axis":"y","origin":[8.060723,-0.6229696,8.005851]},"faces":{"east":{"uv":[2.0625,3.375,2.6875,3.875],"rotation":0,"texture":"#0","tintindex":0},"south":{"uv":[5.21875,1.0,5.65625,1.5],"rotation":0,"texture":"#0","tintindex":0},"north":{"uv":[5.1875,1.5,5.625,2.0],"rotation":0,"texture":"#0","tintindex":0},"west":{"uv":[0.5625,3.5,1.1875,4.0],"rotation":0,"texture":"#0","tintindex":0},"up":{"uv":[4.71875,1.84375,4.28125,1.21875],"rotation":0,"texture":"#0","tintindex":0},"down":{"uv":[4.71875,1.84375,4.28125,2.46875],"rotation":0,"texture":"#0","tintindex":0}}},{"from":[4.632152,-2.3372555,2.0058503],"to":[13.203581,-0.6229696,14.005851],"rotation":{"angle":22.5,"axis":"z","origin":[8.060723,-1.480113,8.291565]},"faces":{"east":{"uv":[8.375,2.8125,9.03125,2.90625],"rotation":0,"texture":"#0","tintindex":0},"south":{"uv":[8.84375,8.09375,9.3125,8.1875],"rotation":0,"texture":"#0","tintindex":0},"north":{"uv":[8.84375,8.0,9.3125,8.09375],"rotation":0,"texture":"#0","tintindex":0},"west":{"uv":[8.40625,1.28125,9.0625,1.375],"rotation":0,"texture":"#0","tintindex":0},"up":{"uv":[4.21875,1.09375,3.75,0.4375],"rotation":0,"texture":"#0","tintindex":0},"down":{"uv":[4.25,1.09375,3.78125,1.75],"rotation":0,"texture":"#0","tintindex":0}}},{"from":[3.9954772,3.133616,2.0058503],"to":[12.566906,4.8479013,14.005851],"rotation":{"angle":0.0,"axis":"y","origin":[8.85262,-1.1520987,8.005851]},"faces":{"east":{"uv":[8.40625,6.71875,9.0625,6.8125],"rotation":0,"texture":"#0","tintindex":0},"south":{"uv":[8.875,3.53125,9.34375,3.625],"rotation":0,"texture":"#0","tintindex":0},"north":{"uv":[8.875,3.4375,9.34375,3.53125],"rotation":0,"texture":"#0","tintindex":0},"west":{"uv":[8.40625,6.8125,9.0625,6.90625],"rotation":0,"texture":"#0","tintindex":0},"up":{"uv":[4.28125,2.40625,3.8125,1.75],"rotation":0,"texture":"#0","tintindex":0},"down":{"uv":[4.28125,2.40625,3.8125,3.0625],"rotation":0,"texture":"#0","tintindex":0}}},{"from":[3.4046946,-0.18203354,2.1487074],"to":[11.976124,0.96082306,13.862993],"rotation":{"angle":0.0,"axis":"y","origin":[7.404695,0.10368061,8.291565]},"faces":{"east":{"uv":[8.65625,1.5,9.3125,1.5625],"rotation":0,"texture":"#0","tintindex":0},"south":{"uv":[9.3125,1.21875,9.78125,1.28125],"rotation":0,"texture":"#0","tintindex":0},"north":{"uv":[9.28125,6.46875,9.75,6.53125],"rotation":0,"texture":"#0","tintindex":0},"west":{"uv":[8.65625,2.65625,9.3125,2.71875],"rotation":0,"texture":"#0","tintindex":0},"up":{"uv":[2.125,4.53125,1.65625,3.875],"rotation":0,"texture":"#0","tintindex":0},"down":{"uv":[2.59375,3.875,2.125,4.53125],"rotation":0,"texture":"#0","tintindex":0}}}],"display":{"head":{"translation":[0.0,-6.4,0.0],"scale":[4.0,4.0,4.0]}}}