{"textures":{"0":"modelengine:entity/tc_cyclops"},"elements":[{"from":[9.430431,3.0841475,6.297143],"to":[10.550431,5.918433,9.702857],"rotation":{"angle":-45.0,"axis":"z","origin":[8.276146,4.5012903,8.0]},"faces":{"east":{"uv":[9.34375,3.4375,9.53125,3.59375],"rotation":0,"texture":"#0","tintindex":0},"south":{"uv":[9.65625,7.8125,9.71875,7.96875],"rotation":0,"texture":"#0","tintindex":0},"north":{"uv":[9.65625,3.1875,9.71875,3.34375],"rotation":0,"texture":"#0","tintindex":0},"west":{"uv":[9.34375,5.625,9.53125,5.78125],"rotation":0,"texture":"#0","tintindex":0},"up":{"uv":[7.65625,10.09375,7.59375,9.90625],"rotation":0,"texture":"#0","tintindex":0},"down":{"uv":[9.96875,8.09375,9.90625,8.28125],"rotation":0,"texture":"#0","tintindex":0}}},{"from":[6.1396556,2.4285083,6.2914286],"to":[9.556799,5.2742224,9.708571],"rotation":{"angle":-22.5,"axis":"z","origin":[7.848227,3.851365,8.0]},"faces":{"east":{"uv":[9.375,0.71875,9.5625,0.875],"rotation":0,"texture":"#0","tintindex":0},"south":{"uv":[0.90625,9.375,1.09375,9.53125],"rotation":0,"texture":"#0","tintindex":0},"north":{"uv":[9.375,0.5625,9.5625,0.71875],"rotation":0,"texture":"#0","tintindex":0},"west":{"uv":[1.09375,9.375,1.28125,9.53125],"rotation":0,"texture":"#0","tintindex":0},"up":{"uv":[9.3125,8.375,9.125,8.1875],"rotation":0,"texture":"#0","tintindex":0},"down":{"uv":[9.3125,8.65625,9.125,8.84375],"rotation":0,"texture":"#0","tintindex":0}}},{"from":[5.717744,3.1875658,6.285714],"to":[9.146316,8.901852,9.714286],"rotation":{"angle":0.0,"axis":"y","origin":[7.4320297,6.0447087,8.0]},"faces":{"east":{"uv":[1.90625,8.59375,2.09375,8.90625],"rotation":0,"texture":"#0","tintindex":0},"south":{"uv":[2.34375,8.59375,2.53125,8.90625],"rotation":0,"texture":"#0","tintindex":0},"north":{"uv":[0.0,8.59375,0.1875,8.90625],"rotation":0,"texture":"#0","tintindex":0},"west":{"uv":[2.53125,8.59375,2.71875,8.90625],"rotation":0,"texture":"#0","tintindex":0},"up":{"uv":[9.3125,9.03125,9.125,8.84375],"rotation":0,"texture":"#0","tintindex":0},"down":{"uv":[9.0625,9.125,8.875,9.3125],"rotation":0,"texture":"#0","tintindex":0}}}],"display":{"head":{"translation":[0.0,-6.4,0.0],"scale":[4.0,4.0,4.0]}}}