{"textures":{"0":"modelengine:entity/tc_cyclops"},"elements":[{"from":[5.982381,3.1566973,6.259188],"to":[9.422381,8.310984,9.699188],"rotation":{"angle":0.0,"axis":"y","origin":[7.702381,6.0195546,7.9791884]},"faces":{"east":{"uv":[8.71875,0.0,8.90625,0.28125],"rotation":0,"texture":"#0","tintindex":0},"south":{"uv":[1.6875,8.71875,1.875,9.0],"rotation":0,"texture":"#0","tintindex":0},"north":{"uv":[8.6875,8.5,8.875,8.78125],"rotation":0,"texture":"#0","tintindex":0},"west":{"uv":[8.71875,1.71875,8.90625,2.0],"rotation":0,"texture":"#0","tintindex":0},"up":{"uv":[9.3125,9.21875,9.125,9.03125],"rotation":0,"texture":"#0","tintindex":0},"down":{"uv":[9.34375,0.1875,9.15625,0.375],"rotation":0,"texture":"#0","tintindex":0}}}],"display":{"head":{"translation":[0.0,-6.4,0.0],"scale":[4.0,4.0,4.0]}}}