{"textures":{"0":"modelengine:entity/tc_cyclops"},"elements":[{"from":[4.382043,5.662111,5.439537],"to":[11.239186,9.662111,12.29668],"rotation":{"angle":0.0,"axis":"y","origin":[11.46003,6.063073,7.0506926]},"faces":{"east":{"uv":[5.15625,7.9375,5.53125,8.15625],"rotation":0,"texture":"#0","tintindex":0},"south":{"uv":[7.9375,5.4375,8.3125,5.65625],"rotation":0,"texture":"#0","tintindex":0},"north":{"uv":[7.9375,2.53125,8.3125,2.75],"rotation":0,"texture":"#0","tintindex":0},"west":{"uv":[7.9375,6.46875,8.3125,6.6875],"rotation":0,"texture":"#0","tintindex":0},"up":{"uv":[7.375,4.125,7.0,3.75],"rotation":0,"texture":"#0","tintindex":0},"down":{"uv":[7.375,6.375,7.0,6.75],"rotation":0,"texture":"#0","tintindex":0}}},{"from":[4.3877573,6.4433866,4.7605524],"to":[11.233471,9.289101,7.6062665],"rotation":{"angle":45.0,"axis":"x","origin":[7.810614,8.651958,5.540552]},"faces":{"east":{"uv":[9.4375,6.71875,9.59375,6.875],"rotation":0,"texture":"#0","tintindex":0},"south":{"uv":[8.59375,0.3125,8.96875,0.46875],"rotation":0,"texture":"#0","tintindex":0},"north":{"uv":[8.5625,8.34375,8.9375,8.5],"rotation":0,"texture":"#0","tintindex":0},"west":{"uv":[9.46875,3.78125,9.625,3.9375],"rotation":0,"texture":"#0","tintindex":0},"up":{"uv":[8.96875,1.71875,8.59375,1.5625],"rotation":0,"texture":"#0","tintindex":0},"down":{"uv":[8.96875,7.75,8.59375,7.90625],"rotation":0,"texture":"#0","tintindex":0}}},{"from":[4.5248995,5.608348,12.294512],"to":[11.096329,9.322634,13.86594],"rotation":{"angle":-22.5,"axis":"x","origin":[7.7788215,5.547772,12.227978]},"faces":{"east":{"uv":[9.59375,4.25,9.6875,4.46875],"rotation":0,"texture":"#0","tintindex":0},"south":{"uv":[7.96875,0.4375,8.34375,0.65625],"rotation":0,"texture":"#0","tintindex":0},"north":{"uv":[7.78125,7.9375,8.15625,8.15625],"rotation":0,"texture":"#0","tintindex":0},"west":{"uv":[5.875,9.59375,5.96875,9.8125],"rotation":0,"texture":"#0","tintindex":0},"up":{"uv":[9.34375,7.84375,8.96875,7.75],"rotation":0,"texture":"#0","tintindex":0},"down":{"uv":[9.375,3.28125,9.0,3.375],"rotation":0,"texture":"#0","tintindex":0}}},{"from":[6.9588923,6.0961394,1.7092242],"to":[8.673178,9.524711,4.5663676],"rotation":{"angle":0.0,"axis":"y","origin":[8.127694,6.78116,0.903049]},"faces":{"east":{"uv":[9.40625,9.125,9.5625,9.3125],"rotation":0,"texture":"#0","tintindex":0},"south":{"uv":[9.65625,3.0,9.75,3.1875],"rotation":0,"texture":"#0","tintindex":0},"north":{"uv":[3.0,9.65625,3.09375,9.84375],"rotation":0,"texture":"#0","tintindex":0},"west":{"uv":[9.40625,9.3125,9.5625,9.5],"rotation":0,"texture":"#0","tintindex":0},"up":{"uv":[5.375,10.0,5.28125,9.84375],"rotation":0,"texture":"#0","tintindex":0},"down":{"uv":[9.9375,5.625,9.84375,5.78125],"rotation":0,"texture":"#0","tintindex":0}}},{"from":[6.964607,6.2015247,0.60366154],"to":[8.667464,9.618668,2.306518],"rotation":{"angle":22.5,"axis":"x","origin":[8.127694,6.78116,0.903049]},"faces":{"east":{"uv":[3.1875,9.65625,3.28125,9.84375],"rotation":0,"texture":"#0","tintindex":0},"south":{"uv":[3.28125,9.65625,3.375,9.84375],"rotation":0,"texture":"#0","tintindex":0},"north":{"uv":[3.09375,9.65625,3.1875,9.84375],"rotation":0,"texture":"#0","tintindex":0},"west":{"uv":[3.375,9.65625,3.46875,9.84375],"rotation":0,"texture":"#0","tintindex":0},"up":{"uv":[8.3125,10.15625,8.21875,10.0625],"rotation":0,"texture":"#0","tintindex":0},"down":{"uv":[9.09375,10.0625,9.0,10.15625],"rotation":0,"texture":"#0","tintindex":0}}},{"from":[9.244607,6.0961394,1.9949389],"to":[10.958893,9.524711,4.8520823],"rotation":{"angle":0.0,"axis":"y","origin":[10.413408,6.78116,1.1887636]},"faces":{"east":{"uv":[9.4375,1.9375,9.59375,2.125],"rotation":0,"texture":"#0","tintindex":0},"south":{"uv":[3.5625,9.65625,3.65625,9.84375],"rotation":0,"texture":"#0","tintindex":0},"north":{"uv":[3.46875,9.65625,3.5625,9.84375],"rotation":0,"texture":"#0","tintindex":0},"west":{"uv":[9.4375,3.59375,9.59375,3.78125],"rotation":0,"texture":"#0","tintindex":0},"up":{"uv":[9.9375,5.9375,9.84375,5.78125],"rotation":0,"texture":"#0","tintindex":0},"down":{"uv":[9.9375,5.9375,9.84375,6.09375],"rotation":0,"texture":"#0","tintindex":0}}},{"from":[9.250321,6.2015247,0.8893757],"to":[10.953178,9.618668,2.5922327],"rotation":{"angle":22.5,"axis":"x","origin":[10.413408,6.78116,1.1887636]},"faces":{"east":{"uv":[3.75,9.65625,3.84375,9.84375],"rotation":0,"texture":"#0","tintindex":0},"south":{"uv":[3.84375,9.65625,3.9375,9.84375],"rotation":0,"texture":"#0","tintindex":0},"north":{"uv":[3.65625,9.65625,3.75,9.84375],"rotation":0,"texture":"#0","tintindex":0},"west":{"uv":[3.9375,9.65625,4.03125,9.84375],"rotation":0,"texture":"#0","tintindex":0},"up":{"uv":[9.1875,10.15625,9.09375,10.0625],"rotation":0,"texture":"#0","tintindex":0},"down":{"uv":[0.09375,10.09375,0.0,10.1875],"rotation":0,"texture":"#0","tintindex":0}}},{"from":[4.673178,6.0961394,1.9949389],"to":[6.3874636,9.524711,4.8520823],"rotation":{"angle":0.0,"axis":"y","origin":[5.84198,6.78116,1.1887636]},"faces":{"east":{"uv":[9.4375,4.25,9.59375,4.4375],"rotation":0,"texture":"#0","tintindex":0},"south":{"uv":[9.65625,4.46875,9.75,4.65625],"rotation":0,"texture":"#0","tintindex":0},"north":{"uv":[4.03125,9.65625,4.125,9.84375],"rotation":0,"texture":"#0","tintindex":0},"west":{"uv":[9.4375,4.4375,9.59375,4.625],"rotation":0,"texture":"#0","tintindex":0},"up":{"uv":[9.9375,6.25,9.84375,6.09375],"rotation":0,"texture":"#0","tintindex":0},"down":{"uv":[9.9375,6.75,9.84375,6.90625],"rotation":0,"texture":"#0","tintindex":0}}},{"from":[4.6788926,6.2015247,0.8893757],"to":[6.3817496,9.618668,2.5922327],"rotation":{"angle":22.5,"axis":"x","origin":[5.84198,6.78116,1.1887636]},"faces":{"east":{"uv":[9.65625,5.15625,9.75,5.34375],"rotation":0,"texture":"#0","tintindex":0},"south":{"uv":[5.28125,9.65625,5.375,9.84375],"rotation":0,"texture":"#0","tintindex":0},"north":{"uv":[9.65625,4.65625,9.75,4.84375],"rotation":0,"texture":"#0","tintindex":0},"west":{"uv":[9.65625,5.5,9.75,5.6875],"rotation":0,"texture":"#0","tintindex":0},"up":{"uv":[0.1875,10.1875,0.09375,10.09375],"rotation":0,"texture":"#0","tintindex":0},"down":{"uv":[0.75,10.09375,0.65625,10.1875],"rotation":0,"texture":"#0","tintindex":0}}}],"display":{"head":{"translation":[0.0,-6.4,0.0],"scale":[4.0,4.0,4.0]}}}