{"textures":{"0":"modelengine:entity/tc_cyclops"},"elements":[{"from":[5.717744,3.1875658,6.285714],"to":[9.146316,8.901852,9.714286],"rotation":{"angle":0.0,"axis":"y","origin":[7.4320297,6.0447087,8.0]},"faces":{"east":{"uv":[5.40625,8.59375,5.59375,8.90625],"rotation":0,"texture":"#0","tintindex":0},"south":{"uv":[5.59375,8.59375,5.78125,8.90625],"rotation":0,"texture":"#0","tintindex":0},"north":{"uv":[8.59375,3.875,8.78125,4.1875],"rotation":0,"texture":"#0","tintindex":0},"west":{"uv":[5.78125,8.59375,5.96875,8.90625],"rotation":0,"texture":"#0","tintindex":0},"up":{"uv":[0.53125,9.34375,0.34375,9.15625],"rotation":0,"texture":"#0","tintindex":0},"down":{"uv":[9.34375,0.375,9.15625,0.5625],"rotation":0,"texture":"#0","tintindex":0}}},{"from":[6.1396556,2.4285083,6.2914286],"to":[9.556799,5.2742224,9.708571],"rotation":{"angle":-22.5,"axis":"z","origin":[7.848227,3.851365,8.0]},"faces":{"east":{"uv":[1.6875,9.375,1.875,9.53125],"rotation":0,"texture":"#0","tintindex":0},"south":{"uv":[9.375,2.875,9.5625,3.03125],"rotation":0,"texture":"#0","tintindex":0},"north":{"uv":[1.28125,9.375,1.46875,9.53125],"rotation":0,"texture":"#0","tintindex":0},"west":{"uv":[9.375,3.03125,9.5625,3.1875],"rotation":0,"texture":"#0","tintindex":0},"up":{"uv":[0.71875,9.34375,0.53125,9.15625],"rotation":0,"texture":"#0","tintindex":0},"down":{"uv":[3.96875,9.15625,3.78125,9.34375],"rotation":0,"texture":"#0","tintindex":0}}},{"from":[9.430431,3.0841475,6.297143],"to":[10.550431,5.918433,9.702857],"rotation":{"angle":-45.0,"axis":"z","origin":[8.276146,4.5012903,8.0]},"faces":{"east":{"uv":[9.375,3.1875,9.5625,3.34375],"rotation":0,"texture":"#0","tintindex":0},"south":{"uv":[9.6875,0.28125,9.75,0.4375],"rotation":0,"texture":"#0","tintindex":0},"north":{"uv":[9.65625,9.15625,9.71875,9.3125],"rotation":0,"texture":"#0","tintindex":0},"west":{"uv":[4.71875,9.375,4.90625,9.53125],"rotation":0,"texture":"#0","tintindex":0},"up":{"uv":[9.96875,8.71875,9.90625,8.53125],"rotation":0,"texture":"#0","tintindex":0},"down":{"uv":[9.96875,8.71875,9.90625,8.90625],"rotation":0,"texture":"#0","tintindex":0}}}],"display":{"head":{"translation":[0.0,-6.4,0.0],"scale":[4.0,4.0,4.0]}}}