{"textures":{"0":"modelengine:entity/tc_cyclops"},"elements":[{"from":[5.982381,3.1566973,6.259188],"to":[9.422381,8.310984,9.699188],"rotation":{"angle":0.0,"axis":"y","origin":[7.702381,6.0195546,12.550617]},"faces":{"east":{"uv":[4.78125,8.71875,4.96875,9.0],"rotation":0,"texture":"#0","tintindex":0},"south":{"uv":[4.96875,8.71875,5.15625,9.0],"rotation":0,"texture":"#0","tintindex":0},"north":{"uv":[8.71875,2.0,8.90625,2.28125],"rotation":0,"texture":"#0","tintindex":0},"west":{"uv":[5.15625,8.71875,5.34375,9.0],"rotation":0,"texture":"#0","tintindex":0},"up":{"uv":[4.15625,9.34375,3.96875,9.15625],"rotation":0,"texture":"#0","tintindex":0},"down":{"uv":[9.34375,5.40625,9.15625,5.59375],"rotation":0,"texture":"#0","tintindex":0}}}],"display":{"head":{"translation":[0.0,-6.4,0.0],"scale":[4.0,4.0,4.0]}}}