{"textures":{"0":"modelengine:entity/tc_cyclops"},"elements":[{"from":[1.6457295,0.6856713,3.266635],"to":[10.217158,9.2571,13.55235],"rotation":{"angle":-22.5,"axis":"z","origin":[5.931444,4.971386,8.4094925]},"faces":{"east":{"uv":[1.5,4.53125,2.0625,5.0],"rotation":0,"texture":"#0","tintindex":0},"south":{"uv":[4.0,5.15625,4.46875,5.625],"rotation":0,"texture":"#0","tintindex":0},"north":{"uv":[5.09375,3.125,5.5625,3.59375],"rotation":0,"texture":"#0","tintindex":0},"west":{"uv":[2.0625,4.53125,2.625,5.0],"rotation":0,"texture":"#0","tintindex":0},"up":{"uv":[3.09375,5.09375,2.625,4.53125],"rotation":0,"texture":"#0","tintindex":0},"down":{"uv":[5.03125,4.0625,4.5625,4.625],"rotation":0,"texture":"#0","tintindex":0}}},{"from":[1.6877279,-2.1782017,4.9502316],"to":[3.4020138,4.6789412,11.807375],"rotation":{"angle":45.0,"axis":"x","origin":[2.5448709,1.2503695,8.378803]},"faces":{"east":{"uv":[4.4375,6.96875,4.8125,7.34375],"rotation":0,"texture":"#0","tintindex":0},"south":{"uv":[1.5,9.1875,1.59375,9.5625],"rotation":0,"texture":"#0","tintindex":0},"north":{"uv":[7.03125,9.125,7.125,9.5],"rotation":0,"texture":"#0","tintindex":0},"west":{"uv":[7.0,0.84375,7.375,1.21875],"rotation":0,"texture":"#0","tintindex":0},"up":{"uv":[4.53125,9.5625,4.4375,9.1875],"rotation":0,"texture":"#0","tintindex":0},"down":{"uv":[9.28125,5.78125,9.1875,6.15625],"rotation":0,"texture":"#0","tintindex":0}}},{"from":[0.87806034,0.010377884,3.3237782],"to":[8.763775,3.3246632,13.495207],"rotation":{"angle":-45.0,"axis":"z","origin":[3.793663,1.9904637,8.295207]},"faces":{"east":{"uv":[7.5,4.375,8.0625,4.5625],"rotation":0,"texture":"#0","tintindex":0},"south":{"uv":[0.71875,7.9375,1.15625,8.125],"rotation":0,"texture":"#0","tintindex":0},"north":{"uv":[7.875,5.65625,8.3125,5.84375],"rotation":0,"texture":"#0","tintindex":0},"west":{"uv":[7.5,4.5625,8.0625,4.75],"rotation":0,"texture":"#0","tintindex":0},"up":{"uv":[5.375,3.125,4.9375,2.5625],"rotation":0,"texture":"#0","tintindex":0},"down":{"uv":[1.84375,5.0,1.40625,5.5625],"rotation":0,"texture":"#0","tintindex":0}}},{"from":[4.821963,-4.2692785,4.7411933],"to":[9.255203,0.16396141,12.158337],"rotation":{"angle":-45.0,"axis":"z","origin":[4.752868,-2.052658,8.449765]},"faces":{"east":{"uv":[7.59375,7.1875,8.0,7.4375],"rotation":0,"texture":"#0","tintindex":0},"south":{"uv":[3.65625,8.375,3.90625,8.625],"rotation":0,"texture":"#0","tintindex":0},"north":{"uv":[2.96875,8.375,3.21875,8.625],"rotation":0,"texture":"#0","tintindex":0},"west":{"uv":[7.65625,3.03125,8.0625,3.28125],"rotation":0,"texture":"#0","tintindex":0},"up":{"uv":[4.78125,8.0,4.53125,7.59375],"rotation":0,"texture":"#0","tintindex":0},"down":{"uv":[6.34375,7.59375,6.09375,8.0],"rotation":0,"texture":"#0","tintindex":0}}},{"from":[3.2262573,-3.6689034,4.735479],"to":[9.511971,4.902526,12.164051],"rotation":{"angle":0.0,"axis":"y","origin":[6.3691144,0.61681175,8.449765]},"faces":{"east":{"uv":[6.09375,3.71875,6.5,4.1875],"rotation":0,"texture":"#0","tintindex":0},"south":{"uv":[2.84375,6.59375,3.1875,7.0625],"rotation":0,"texture":"#0","tintindex":0},"north":{"uv":[5.59375,6.5625,5.9375,7.03125],"rotation":0,"texture":"#0","tintindex":0},"west":{"uv":[6.09375,5.75,6.5,6.21875],"rotation":0,"texture":"#0","tintindex":0},"up":{"uv":[5.8125,7.4375,5.46875,7.03125],"rotation":0,"texture":"#0","tintindex":0},"down":{"uv":[3.0,7.0625,2.65625,7.46875],"rotation":0,"texture":"#0","tintindex":0}}}],"display":{"head":{"translation":[0.0,-6.4,0.0],"scale":[4.0,4.0,4.0]}}}