{"textures":{"0":"modelengine:entity/tc_cyclops"},"elements":[{"from":[3.9132147,3.3409867,3.4473057],"to":[11.913216,8.483844,10.304449],"rotation":{"angle":0.0,"axis":"y","origin":[11.816064,-5.591502,5.085477]},"faces":{"east":{"uv":[1.59375,7.5,1.96875,7.78125],"rotation":0,"texture":"#0","tintindex":0},"south":{"uv":[3.4375,7.3125,3.875,7.59375],"rotation":0,"texture":"#0","tintindex":0},"north":{"uv":[7.3125,3.3125,7.75,3.59375],"rotation":0,"texture":"#0","tintindex":0},"west":{"uv":[7.03125,7.5,7.40625,7.78125],"rotation":0,"texture":"#0","tintindex":0},"up":{"uv":[6.9375,6.0625,6.5,5.6875],"rotation":0,"texture":"#0","tintindex":0},"down":{"uv":[7.0,0.84375,6.5625,1.21875],"rotation":0,"texture":"#0","tintindex":0}}},{"from":[3.6275005,-0.65901375,3.1615915],"to":[12.19893,3.3409867,10.590163],"rotation":{"angle":0.0,"axis":"y","origin":[11.816064,-6.1629305,5.085477]},"faces":{"east":{"uv":[7.78125,6.25,8.1875,6.46875],"rotation":0,"texture":"#0","tintindex":0},"south":{"uv":[7.5625,0.21875,8.03125,0.4375],"rotation":0,"texture":"#0","tintindex":0},"north":{"uv":[7.5625,0.0,8.03125,0.21875],"rotation":0,"texture":"#0","tintindex":0},"west":{"uv":[7.78125,7.71875,8.1875,7.9375],"rotation":0,"texture":"#0","tintindex":0},"up":{"uv":[6.5625,1.28125,6.09375,0.875],"rotation":0,"texture":"#0","tintindex":0},"down":{"uv":[6.65625,3.0625,6.1875,3.46875],"rotation":0,"texture":"#0","tintindex":0}}},{"from":[4.19893,-0.48324013,2.330978],"to":[11.6275015,2.9453316,4.6166925],"rotation":{"angle":-22.5,"axis":"x","origin":[7.3417864,1.5167599,3.1881208]},"faces":{"east":{"uv":[9.46875,8.1875,9.59375,8.375],"rotation":0,"texture":"#0","tintindex":0},"south":{"uv":[8.28125,0.84375,8.6875,1.03125],"rotation":0,"texture":"#0","tintindex":0},"north":{"uv":[8.1875,7.75,8.59375,7.9375],"rotation":0,"texture":"#0","tintindex":0},"west":{"uv":[9.5,1.75,9.625,1.9375],"rotation":0,"texture":"#0","tintindex":0},"up":{"uv":[9.0625,1.5,8.65625,1.375],"rotation":0,"texture":"#0","tintindex":0},"down":{"uv":[9.0625,2.53125,8.65625,2.65625],"rotation":0,"texture":"#0","tintindex":0}}},{"from":[4.19893,1.9407291,2.4185681],"to":[11.6275015,6.5121574,4.704282],"rotation":{"angle":22.5,"axis":"x","origin":[7.913215,3.6550145,3.5614247]},"faces":{"east":{"uv":[5.96875,9.25,6.09375,9.5],"rotation":0,"texture":"#0","tintindex":0},"south":{"uv":[4.78125,7.65625,5.1875,7.90625],"rotation":0,"texture":"#0","tintindex":0},"north":{"uv":[3.78125,7.65625,4.1875,7.90625],"rotation":0,"texture":"#0","tintindex":0},"west":{"uv":[6.46875,9.25,6.59375,9.5],"rotation":0,"texture":"#0","tintindex":0},"up":{"uv":[9.15625,5.59375,8.75,5.46875],"rotation":0,"texture":"#0","tintindex":0},"down":{"uv":[9.15625,6.90625,8.75,7.03125],"rotation":0,"texture":"#0","tintindex":0}}},{"from":[4.990358,6.1787543,2.7048478],"to":[10.704644,10.750183,5.5619907],"rotation":{"angle":-22.5,"axis":"x","origin":[7.847501,8.178755,4.9905624]},"faces":{"east":{"uv":[1.28125,8.9375,1.4375,9.1875],"rotation":0,"texture":"#0","tintindex":0},"south":{"uv":[8.1875,3.75,8.5,4.0],"rotation":0,"texture":"#0","tintindex":0},"north":{"uv":[8.15625,2.0625,8.46875,2.3125],"rotation":0,"texture":"#0","tintindex":0},"west":{"uv":[1.4375,8.9375,1.59375,9.1875],"rotation":0,"texture":"#0","tintindex":0},"up":{"uv":[9.09375,4.03125,8.78125,3.875],"rotation":0,"texture":"#0","tintindex":0},"down":{"uv":[9.09375,4.03125,8.78125,4.1875],"rotation":0,"texture":"#0","tintindex":0}}},{"from":[5.4846435,-1.8875847,4.53302],"to":[10.341786,0.05527258,9.390163],"rotation":{"angle":0.0,"axis":"y","origin":[11.816064,-5.591502,5.085477]},"faces":{"east":{"uv":[9.4375,2.125,9.71875,2.21875],"rotation":0,"texture":"#0","tintindex":0},"south":{"uv":[9.5,2.3125,9.75,2.40625],"rotation":0,"texture":"#0","tintindex":0},"north":{"uv":[9.5,2.21875,9.75,2.3125],"rotation":0,"texture":"#0","tintindex":0},"west":{"uv":[9.4375,5.40625,9.71875,5.5],"rotation":0,"texture":"#0","tintindex":0},"up":{"uv":[2.71875,8.59375,2.46875,8.3125],"rotation":0,"texture":"#0","tintindex":0},"down":{"uv":[8.5625,2.90625,8.3125,3.1875],"rotation":0,"texture":"#0","tintindex":0}}}],"display":{"head":{"translation":[0.0,-6.4,0.0],"scale":[4.0,4.0,4.0]}}}