{"textures":{"0":"modelengine:entity/tc_cyclops"},"elements":[{"from":[6.8536844,3.1875658,6.285714],"to":[10.282256,8.901852,9.714286],"rotation":{"angle":0.0,"axis":"y","origin":[8.56797,6.0447087,8.0]},"faces":{"east":{"uv":[8.5625,4.34375,8.75,4.65625],"rotation":0,"texture":"#0","tintindex":0},"south":{"uv":[8.5625,4.96875,8.75,5.28125],"rotation":0,"texture":"#0","tintindex":0},"north":{"uv":[2.15625,8.5625,2.34375,8.875],"rotation":0,"texture":"#0","tintindex":0},"west":{"uv":[8.5625,5.28125,8.75,5.59375],"rotation":0,"texture":"#0","tintindex":0},"up":{"uv":[8.0625,9.1875,7.875,9.0],"rotation":0,"texture":"#0","tintindex":0},"down":{"uv":[8.25,9.0,8.0625,9.1875],"rotation":0,"texture":"#0","tintindex":0}}},{"from":[6.4432015,2.4285083,6.2914286],"to":[9.860345,5.2742224,9.708571],"rotation":{"angle":22.5,"axis":"z","origin":[8.151773,3.851365,8.0]},"faces":{"east":{"uv":[9.28125,5.78125,9.46875,5.9375],"rotation":0,"texture":"#0","tintindex":0},"south":{"uv":[9.28125,5.9375,9.46875,6.09375],"rotation":0,"texture":"#0","tintindex":0},"north":{"uv":[5.6875,9.28125,5.875,9.4375],"rotation":0,"texture":"#0","tintindex":0},"west":{"uv":[6.09375,9.28125,6.28125,9.4375],"rotation":0,"texture":"#0","tintindex":0},"up":{"uv":[9.1875,7.75,9.0,7.5625],"rotation":0,"texture":"#0","tintindex":0},"down":{"uv":[7.875,9.0,7.6875,9.1875],"rotation":0,"texture":"#0","tintindex":0}}},{"from":[5.4495687,3.0841475,6.297143],"to":[6.5695686,5.918433,9.702857],"rotation":{"angle":45.0,"axis":"z","origin":[7.723854,4.5012903,8.0]},"faces":{"east":{"uv":[5.3125,9.28125,5.5,9.4375],"rotation":0,"texture":"#0","tintindex":0},"south":{"uv":[9.59375,4.46875,9.65625,4.625],"rotation":0,"texture":"#0","tintindex":0},"north":{"uv":[9.53125,3.4375,9.59375,3.59375],"rotation":0,"texture":"#0","tintindex":0},"west":{"uv":[5.5,9.28125,5.6875,9.4375],"rotation":0,"texture":"#0","tintindex":0},"up":{"uv":[9.875,10.03125,9.8125,9.84375],"rotation":0,"texture":"#0","tintindex":0},"down":{"uv":[9.9375,0.0,9.875,0.1875],"rotation":0,"texture":"#0","tintindex":0}}}],"display":{"head":{"translation":[0.0,-6.4,0.0],"scale":[4.0,4.0,4.0]}}}