{"textures":{"0":"modelengine:entity/tc_cyclops"},"elements":[{"from":[5.4495687,3.0841475,6.297143],"to":[6.5695686,5.918433,9.702857],"rotation":{"angle":45.0,"axis":"z","origin":[7.723854,4.5012903,8.0]},"faces":{"east":{"uv":[4.78125,5.21875,4.96875,5.375],"rotation":0,"texture":"#0","tintindex":0},"south":{"uv":[8.9375,2.90625,9.0,3.0625],"rotation":0,"texture":"#0","tintindex":0},"north":{"uv":[1.90625,8.15625,1.96875,8.3125],"rotation":0,"texture":"#0","tintindex":0},"west":{"uv":[4.59375,6.5,4.78125,6.65625],"rotation":0,"texture":"#0","tintindex":0},"up":{"uv":[5.53125,8.34375,5.46875,8.15625],"rotation":0,"texture":"#0","tintindex":0},"down":{"uv":[8.25,6.25,8.1875,6.4375],"rotation":0,"texture":"#0","tintindex":0}}},{"from":[6.4432015,2.4285083,6.2914286],"to":[9.860345,5.2742224,9.708571],"rotation":{"angle":22.5,"axis":"z","origin":[8.151773,3.851365,8.0]},"faces":{"east":{"uv":[9.21875,2.71875,9.40625,2.875],"rotation":0,"texture":"#0","tintindex":0},"south":{"uv":[9.21875,6.15625,9.40625,6.3125],"rotation":0,"texture":"#0","tintindex":0},"north":{"uv":[9.1875,7.59375,9.375,7.75],"rotation":0,"texture":"#0","tintindex":0},"west":{"uv":[9.21875,8.46875,9.40625,8.625],"rotation":0,"texture":"#0","tintindex":0},"up":{"uv":[6.84375,9.125,6.65625,8.9375],"rotation":0,"texture":"#0","tintindex":0},"down":{"uv":[7.03125,8.9375,6.84375,9.125],"rotation":0,"texture":"#0","tintindex":0}}},{"from":[6.8536844,3.1875658,6.285714],"to":[10.282256,8.901852,9.714286],"rotation":{"angle":0.0,"axis":"y","origin":[8.56797,6.0447087,8.0]},"faces":{"east":{"uv":[5.28125,7.0625,5.46875,7.375],"rotation":0,"texture":"#0","tintindex":0},"south":{"uv":[1.71875,8.40625,1.90625,8.71875],"rotation":0,"texture":"#0","tintindex":0},"north":{"uv":[3.1875,6.59375,3.375,6.90625],"rotation":0,"texture":"#0","tintindex":0},"west":{"uv":[0.75,8.4375,0.9375,8.75],"rotation":0,"texture":"#0","tintindex":0},"up":{"uv":[9.125,7.375,8.9375,7.1875],"rotation":0,"texture":"#0","tintindex":0},"down":{"uv":[7.5,8.9375,7.3125,9.125],"rotation":0,"texture":"#0","tintindex":0}}}],"display":{"head":{"translation":[0.0,-6.4,0.0],"scale":[4.0,4.0,4.0]}}}