{"textures":{"0":"modelengine:entity/tc_cyclops"},"elements":[{"from":[4.1439276,3.3409867,3.4473057],"to":[12.143929,8.483844,10.304449],"rotation":{"angle":0.0,"axis":"y","origin":[4.183936,-5.591502,5.085477]},"faces":{"east":{"uv":[7.46875,2.75,7.84375,3.03125],"rotation":0,"texture":"#0","tintindex":0},"south":{"uv":[3.0,7.25,3.4375,7.53125],"rotation":0,"texture":"#0","tintindex":0},"north":{"uv":[7.15625,7.21875,7.59375,7.5],"rotation":0,"texture":"#0","tintindex":0},"west":{"uv":[1.21875,7.5,1.59375,7.78125],"rotation":0,"texture":"#0","tintindex":0},"up":{"uv":[6.9375,3.84375,6.5,3.46875],"rotation":0,"texture":"#0","tintindex":0},"down":{"uv":[4.59375,6.5,4.15625,6.875],"rotation":0,"texture":"#0","tintindex":0}}},{"from":[3.8010702,-0.65901375,3.1615915],"to":[12.372499,3.3409867,10.590163],"rotation":{"angle":0.0,"axis":"y","origin":[4.183936,-6.1629305,5.085477]},"faces":{"east":{"uv":[3.59375,5.40625,4.0,5.625],"rotation":0,"texture":"#0","tintindex":0},"south":{"uv":[2.65625,7.53125,3.125,7.75],"rotation":0,"texture":"#0","tintindex":0},"north":{"uv":[7.40625,7.5,7.875,7.71875],"rotation":0,"texture":"#0","tintindex":0},"west":{"uv":[7.78125,3.8125,8.1875,4.03125],"rotation":0,"texture":"#0","tintindex":0},"up":{"uv":[3.9375,6.46875,3.46875,6.0625],"rotation":0,"texture":"#0","tintindex":0},"down":{"uv":[4.40625,6.0625,3.9375,6.46875],"rotation":0,"texture":"#0","tintindex":0}}},{"from":[4.3724985,-0.48324013,2.330978],"to":[11.80107,2.9453316,4.6166925],"rotation":{"angle":-22.5,"axis":"x","origin":[8.658214,1.5167599,3.1881208]},"faces":{"east":{"uv":[7.28125,7.78125,7.40625,7.96875],"rotation":0,"texture":"#0","tintindex":0},"south":{"uv":[8.09375,0.65625,8.5,0.84375],"rotation":0,"texture":"#0","tintindex":0},"north":{"uv":[5.65625,1.3125,6.0625,1.5],"rotation":0,"texture":"#0","tintindex":0},"west":{"uv":[6.71875,7.8125,6.84375,8.0],"rotation":0,"texture":"#0","tintindex":0},"up":{"uv":[0.40625,3.0625,0.0,2.9375],"rotation":0,"texture":"#0","tintindex":0},"down":{"uv":[7.8125,2.21875,7.40625,2.34375],"rotation":0,"texture":"#0","tintindex":0}}},{"from":[4.378213,1.9464436,2.4242826],"to":[11.795356,6.5064435,4.6985674],"rotation":{"angle":22.5,"axis":"x","origin":[8.086784,3.6550145,3.5614247]},"faces":{"east":{"uv":[6.875,6.375,7.0,6.625],"rotation":0,"texture":"#0","tintindex":0},"south":{"uv":[7.59375,6.9375,8.0,7.1875],"rotation":0,"texture":"#0","tintindex":0},"north":{"uv":[5.6875,7.59375,6.09375,7.84375],"rotation":0,"texture":"#0","tintindex":0},"west":{"uv":[8.53125,9.1875,8.65625,9.4375],"rotation":0,"texture":"#0","tintindex":0},"up":{"uv":[8.96875,5.71875,8.5625,5.59375],"rotation":0,"texture":"#0","tintindex":0},"down":{"uv":[9.0625,1.09375,8.65625,1.21875],"rotation":0,"texture":"#0","tintindex":0}}},{"from":[5.295356,6.1787543,2.7048478],"to":[11.009642,10.750183,5.5619907],"rotation":{"angle":-22.5,"axis":"x","origin":[8.152499,8.178755,4.9905624]},"faces":{"east":{"uv":[8.875,6.1875,9.03125,6.4375],"rotation":0,"texture":"#0","tintindex":0},"south":{"uv":[8.0,7.1875,8.3125,7.4375],"rotation":0,"texture":"#0","tintindex":0},"north":{"uv":[8.0,6.9375,8.3125,7.1875],"rotation":0,"texture":"#0","tintindex":0},"west":{"uv":[8.875,8.5,9.03125,8.75],"rotation":0,"texture":"#0","tintindex":0},"up":{"uv":[6.8125,1.75,6.5,1.59375],"rotation":0,"texture":"#0","tintindex":0},"down":{"uv":[9.0625,7.03125,8.75,7.1875],"rotation":0,"texture":"#0","tintindex":0}}},{"from":[5.6582136,-1.8875847,4.53302],"to":[10.515356,0.05527258,9.390163],"rotation":{"angle":0.0,"axis":"y","origin":[4.183936,-5.591502,5.085477]},"faces":{"east":{"uv":[9.40625,8.78125,9.6875,8.875],"rotation":0,"texture":"#0","tintindex":0},"south":{"uv":[9.46875,6.34375,9.71875,6.4375],"rotation":0,"texture":"#0","tintindex":0},"north":{"uv":[9.46875,6.25,9.71875,6.34375],"rotation":0,"texture":"#0","tintindex":0},"west":{"uv":[9.4375,1.28125,9.71875,1.375],"rotation":0,"texture":"#0","tintindex":0},"up":{"uv":[0.25,8.59375,0.0,8.3125],"rotation":0,"texture":"#0","tintindex":0},"down":{"uv":[2.15625,8.3125,1.90625,8.59375],"rotation":0,"texture":"#0","tintindex":0}}}],"display":{"head":{"translation":[0.0,-6.4,0.0],"scale":[4.0,4.0,4.0]}}}