{"textures":{"0":"modelengine:entity/tc_cyclops"},"elements":[{"from":[6.635008,2.6596346,6.285714],"to":[10.06358,8.37392,9.714286],"rotation":{"angle":0.0,"axis":"y","origin":[8.349294,5.5167775,8.0]},"faces":{"east":{"uv":[8.3125,8.5,8.5,8.8125],"rotation":0,"texture":"#0","tintindex":0},"south":{"uv":[8.5,8.5,8.6875,8.8125],"rotation":0,"texture":"#0","tintindex":0},"north":{"uv":[8.5,7.4375,8.6875,7.75],"rotation":0,"texture":"#0","tintindex":0},"west":{"uv":[8.53125,0.0,8.71875,0.3125],"rotation":0,"texture":"#0","tintindex":0},"up":{"uv":[9.1875,6.15625,9.0,5.96875],"rotation":0,"texture":"#0","tintindex":0},"down":{"uv":[9.1875,7.375,9.0,7.5625],"rotation":0,"texture":"#0","tintindex":0}}},{"from":[6.2245255,1.9005771,6.2914286],"to":[9.641668,4.746291,9.708571],"rotation":{"angle":22.5,"axis":"z","origin":[7.933097,3.3234344,8.0]},"faces":{"east":{"uv":[9.28125,3.78125,9.46875,3.9375],"rotation":0,"texture":"#0","tintindex":0},"south":{"uv":[9.28125,3.9375,9.46875,4.09375],"rotation":0,"texture":"#0","tintindex":0},"north":{"uv":[9.25,6.71875,9.4375,6.875],"rotation":0,"texture":"#0","tintindex":0},"west":{"uv":[9.28125,4.09375,9.46875,4.25],"rotation":0,"texture":"#0","tintindex":0},"up":{"uv":[5.3125,9.1875,5.125,9.0],"rotation":0,"texture":"#0","tintindex":0},"down":{"uv":[9.1875,5.78125,9.0,5.96875],"rotation":0,"texture":"#0","tintindex":0}}},{"from":[5.230892,2.5562162,6.297143],"to":[6.350892,5.390502,9.702857],"rotation":{"angle":45.0,"axis":"z","origin":[7.505178,3.973359,8.0]},"faces":{"east":{"uv":[9.25,1.28125,9.4375,1.4375],"rotation":0,"texture":"#0","tintindex":0},"south":{"uv":[9.125,7.21875,9.1875,7.375],"rotation":0,"texture":"#0","tintindex":0},"north":{"uv":[9.0625,7.03125,9.125,7.1875],"rotation":0,"texture":"#0","tintindex":0},"west":{"uv":[9.25,3.625,9.4375,3.78125],"rotation":0,"texture":"#0","tintindex":0},"up":{"uv":[9.90625,8.71875,9.84375,8.53125],"rotation":0,"texture":"#0","tintindex":0},"down":{"uv":[9.90625,8.71875,9.84375,8.90625],"rotation":0,"texture":"#0","tintindex":0}}}],"display":{"head":{"translation":[0.0,-6.4,0.0],"scale":[4.0,4.0,4.0]}}}