{"textures":{"0":"modelengine:entity/tc_cyclops"},"elements":[{"from":[4.3162527,-0.8516598,3.2640705],"to":[11.173396,7.719769,10.692642],"rotation":{"angle":0.0,"axis":"y","origin":[3.9590225,-17.534578,7.647725]},"faces":{"east":{"uv":[6.0625,4.59375,6.46875,5.0625],"rotation":0,"texture":"#0","tintindex":0},"south":{"uv":[2.46875,6.375,2.84375,6.84375],"rotation":0,"texture":"#0","tintindex":0},"north":{"uv":[0.9375,6.375,1.3125,6.84375],"rotation":0,"texture":"#0","tintindex":0},"west":{"uv":[6.09375,2.59375,6.5,3.0625],"rotation":0,"texture":"#0","tintindex":0},"up":{"uv":[4.21875,0.40625,3.84375,0.0],"rotation":0,"texture":"#0","tintindex":0},"down":{"uv":[0.65625,6.625,0.28125,7.03125],"rotation":0,"texture":"#0","tintindex":0}}},{"from":[4.4542603,2.0745478,2.195516],"to":[13.597118,7.7888336,11.9098015],"rotation":{"angle":22.5,"axis":"z","origin":[8.887682,3.4340544,6.9783564]},"faces":{"east":{"uv":[6.5,1.28125,7.03125,1.59375],"rotation":0,"texture":"#0","tintindex":0},"south":{"uv":[6.875,6.0625,7.34375,6.375],"rotation":0,"texture":"#0","tintindex":0},"north":{"uv":[2.1875,6.84375,2.65625,7.15625],"rotation":0,"texture":"#0","tintindex":0},"west":{"uv":[1.3125,6.5,1.84375,6.8125],"rotation":0,"texture":"#0","tintindex":0},"down":{"uv":[1.40625,4.8125,0.9375,5.34375],"rotation":0,"texture":"#0","tintindex":0}}}],"display":{"head":{"translation":[0.0,-6.4,0.0],"scale":[4.0,4.0,4.0]}}}