{"textures":{"0":"modelengine:entity/tc_cyclops"},"elements":[{"from":[5.7828417,0.6856713,3.266635],"to":[14.354271,9.2571,13.55235],"rotation":{"angle":22.5,"axis":"z","origin":[10.068556,4.971386,8.4094925]},"faces":{"east":{"uv":[4.28125,2.46875,4.84375,2.9375],"rotation":0,"texture":"#0","tintindex":0},"south":{"uv":[2.59375,5.09375,3.0625,5.5625],"rotation":0,"texture":"#0","tintindex":0},"north":{"uv":[0.4375,5.0625,0.90625,5.53125],"rotation":0,"texture":"#0","tintindex":0},"west":{"uv":[4.375,2.9375,4.9375,3.40625],"rotation":0,"texture":"#0","tintindex":0},"up":{"uv":[0.46875,4.9375,0.0,4.375],"rotation":0,"texture":"#0","tintindex":0},"down":{"uv":[0.9375,4.5,0.46875,5.0625],"rotation":0,"texture":"#0","tintindex":0}}},{"from":[12.597986,-2.1782017,4.9502316],"to":[14.312272,4.6789412,11.807375],"rotation":{"angle":45.0,"axis":"x","origin":[13.45513,1.2503695,8.378803]},"faces":{"east":{"uv":[6.9375,3.375,7.3125,3.75],"rotation":0,"texture":"#0","tintindex":0},"south":{"uv":[4.84375,2.5625,4.9375,2.9375],"rotation":0,"texture":"#0","tintindex":0},"north":{"uv":[2.3125,0.59375,2.40625,0.96875],"rotation":0,"texture":"#0","tintindex":0},"west":{"uv":[3.65625,6.9375,4.03125,7.3125],"rotation":0,"texture":"#0","tintindex":0},"up":{"uv":[1.3125,7.21875,1.21875,6.84375],"rotation":0,"texture":"#0","tintindex":0},"down":{"uv":[4.65625,8.9375,4.5625,9.3125],"rotation":0,"texture":"#0","tintindex":0}}},{"from":[7.2362256,0.010377884,3.3237782],"to":[15.12194,3.3246632,13.495207],"rotation":{"angle":45.0,"axis":"z","origin":[12.206337,1.9904637,8.295207]},"faces":{"east":{"uv":[7.3125,5.65625,7.875,5.84375],"rotation":0,"texture":"#0","tintindex":0},"south":{"uv":[7.875,1.375,8.3125,1.5625],"rotation":0,"texture":"#0","tintindex":0},"north":{"uv":[5.625,7.84375,6.0625,8.03125],"rotation":0,"texture":"#0","tintindex":0},"west":{"uv":[7.375,2.5625,7.9375,2.75],"rotation":0,"texture":"#0","tintindex":0},"up":{"uv":[4.0,5.40625,3.5625,4.84375],"rotation":0,"texture":"#0","tintindex":0},"down":{"uv":[0.4375,4.9375,0.0,5.5],"rotation":0,"texture":"#0","tintindex":0}}},{"from":[6.744797,-4.2692785,4.7411933],"to":[11.178038,0.16396141,12.158337],"rotation":{"angle":45.0,"axis":"z","origin":[11.247131,-2.052658,8.449765]},"faces":{"east":{"uv":[6.375,7.5625,6.78125,7.8125],"rotation":0,"texture":"#0","tintindex":0},"south":{"uv":[8.3125,4.34375,8.5625,4.59375],"rotation":0,"texture":"#0","tintindex":0},"north":{"uv":[0.0,7.1875,0.25,7.4375],"rotation":0,"texture":"#0","tintindex":0},"west":{"uv":[3.125,7.59375,3.53125,7.84375],"rotation":0,"texture":"#0","tintindex":0},"up":{"uv":[3.78125,8.0,3.53125,7.59375],"rotation":0,"texture":"#0","tintindex":0},"down":{"uv":[4.53125,7.59375,4.28125,8.0],"rotation":0,"texture":"#0","tintindex":0}}},{"from":[6.4880285,-3.6689034,4.735479],"to":[12.773743,4.902526,12.164051],"rotation":{"angle":0.0,"axis":"y","origin":[9.630886,0.61681175,8.449765]},"faces":{"east":{"uv":[0.5,1.3125,0.90625,1.78125],"rotation":0,"texture":"#0","tintindex":0},"south":{"uv":[1.84375,6.5,2.1875,6.96875],"rotation":0,"texture":"#0","tintindex":0},"north":{"uv":[2.0625,2.90625,2.40625,3.375],"rotation":0,"texture":"#0","tintindex":0},"west":{"uv":[1.5,2.09375,1.90625,2.5625],"rotation":0,"texture":"#0","tintindex":0},"up":{"uv":[0.625,7.4375,0.28125,7.03125],"rotation":0,"texture":"#0","tintindex":0},"down":{"uv":[7.375,2.34375,7.03125,2.75],"rotation":0,"texture":"#0","tintindex":0}}}],"display":{"head":{"translation":[0.0,-6.4,0.0],"scale":[4.0,4.0,4.0]}}}