{"textures":{"0":"modelengine:entity/tc_cyclops"},"elements":[{"from":[6.2799997,3.1371427,6.2799997],"to":[9.719999,8.291429,9.72],"rotation":{"angle":0.0,"axis":"y","origin":[8.0,6.0,10.857143]},"faces":{"east":{"uv":[3.21875,8.65625,3.40625,8.9375],"rotation":0,"texture":"#0","tintindex":0},"south":{"uv":[3.40625,8.65625,3.59375,8.9375],"rotation":0,"texture":"#0","tintindex":0},"north":{"uv":[1.5,8.65625,1.6875,8.9375],"rotation":0,"texture":"#0","tintindex":0},"west":{"uv":[8.65625,6.4375,8.84375,6.71875],"rotation":0,"texture":"#0","tintindex":0},"up":{"uv":[4.9375,9.1875,4.75,9.0],"rotation":0,"texture":"#0","tintindex":0},"down":{"uv":[5.125,9.0,4.9375,9.1875],"rotation":0,"texture":"#0","tintindex":0}}}],"display":{"head":{"translation":[0.0,-6.4,0.0],"scale":[4.0,4.0,4.0]}}}