{"textures":{"0":"modelengine:entity/tc_cyclops"},"elements":[{"from":[4.7608137,5.662111,5.439537],"to":[11.617957,9.662111,12.29668],"rotation":{"angle":0.0,"axis":"y","origin":[4.5399704,6.063073,7.0506926]},"faces":{"east":{"uv":[7.875,7.4375,8.25,7.65625],"rotation":0,"texture":"#0","tintindex":0},"south":{"uv":[7.90625,0.84375,8.28125,1.0625],"rotation":0,"texture":"#0","tintindex":0},"north":{"uv":[7.875,6.03125,8.25,6.25],"rotation":0,"texture":"#0","tintindex":0},"west":{"uv":[7.90625,2.3125,8.28125,2.53125],"rotation":0,"texture":"#0","tintindex":0},"up":{"uv":[7.3125,5.84375,6.9375,5.46875],"rotation":0,"texture":"#0","tintindex":0},"down":{"uv":[6.875,6.9375,6.5,7.3125],"rotation":0,"texture":"#0","tintindex":0}}},{"from":[4.7665286,6.4433866,4.7605524],"to":[11.612243,9.289101,7.6062665],"rotation":{"angle":45.0,"axis":"x","origin":[8.189385,8.651958,5.540552]},"faces":{"east":{"uv":[6.34375,2.4375,6.5,2.59375],"rotation":0,"texture":"#0","tintindex":0},"south":{"uv":[8.5,5.96875,8.875,6.125],"rotation":0,"texture":"#0","tintindex":0},"north":{"uv":[8.5,5.8125,8.875,5.96875],"rotation":0,"texture":"#0","tintindex":0},"west":{"uv":[1.6875,6.8125,1.84375,6.96875],"rotation":0,"texture":"#0","tintindex":0},"up":{"uv":[8.875,6.28125,8.5,6.125],"rotation":0,"texture":"#0","tintindex":0},"down":{"uv":[8.875,6.28125,8.5,6.4375],"rotation":0,"texture":"#0","tintindex":0}}},{"from":[4.9036713,5.608348,12.294512],"to":[11.4751005,9.322634,13.86594],"rotation":{"angle":-22.5,"axis":"x","origin":[8.221179,5.547772,12.227978]},"faces":{"east":{"uv":[7.96875,9.5625,8.0625,9.78125],"rotation":0,"texture":"#0","tintindex":0},"south":{"uv":[3.78125,7.90625,4.15625,8.125],"rotation":0,"texture":"#0","tintindex":0},"north":{"uv":[7.90625,3.53125,8.28125,3.75],"rotation":0,"texture":"#0","tintindex":0},"west":{"uv":[8.0625,9.5625,8.15625,9.78125],"rotation":0,"texture":"#0","tintindex":0},"up":{"uv":[9.3125,5.40625,8.9375,5.3125],"rotation":0,"texture":"#0","tintindex":0},"down":{"uv":[9.3125,8.375,8.9375,8.46875],"rotation":0,"texture":"#0","tintindex":0}}},{"from":[7.326822,6.0961394,1.7092242],"to":[9.041107,9.524711,4.5663676],"rotation":{"angle":0.0,"axis":"y","origin":[7.872306,6.78116,0.903049]},"faces":{"east":{"uv":[8.09375,5.84375,8.25,6.03125],"rotation":0,"texture":"#0","tintindex":0},"south":{"uv":[9.59375,8.1875,9.6875,8.375],"rotation":0,"texture":"#0","tintindex":0},"north":{"uv":[9.59375,2.625,9.6875,2.8125],"rotation":0,"texture":"#0","tintindex":0},"west":{"uv":[9.25,0.9375,9.40625,1.125],"rotation":0,"texture":"#0","tintindex":0},"up":{"uv":[7.78125,9.96875,7.6875,9.8125],"rotation":0,"texture":"#0","tintindex":0},"down":{"uv":[7.875,9.8125,7.78125,9.96875],"rotation":0,"texture":"#0","tintindex":0}}},{"from":[7.332536,6.2015247,0.60366154],"to":[9.035394,9.618668,2.306518],"rotation":{"angle":22.5,"axis":"x","origin":[7.872306,6.78116,0.903049]},"faces":{"east":{"uv":[0.09375,9.625,0.1875,9.8125],"rotation":0,"texture":"#0","tintindex":0},"south":{"uv":[9.625,1.59375,9.71875,1.78125],"rotation":0,"texture":"#0","tintindex":0},"north":{"uv":[9.59375,9.4375,9.6875,9.625],"rotation":0,"texture":"#0","tintindex":0},"west":{"uv":[9.625,3.65625,9.71875,3.84375],"rotation":0,"texture":"#0","tintindex":0},"up":{"uv":[10.15625,1.46875,10.0625,1.375],"rotation":0,"texture":"#0","tintindex":0},"down":{"uv":[1.75,10.0625,1.65625,10.15625],"rotation":0,"texture":"#0","tintindex":0}}},{"from":[5.041107,6.0961394,1.9949389],"to":[6.755393,9.524711,4.8520823],"rotation":{"angle":0.0,"axis":"y","origin":[5.5865912,6.78116,1.1887636]},"faces":{"east":{"uv":[0.1875,9.375,0.34375,9.5625],"rotation":0,"texture":"#0","tintindex":0},"south":{"uv":[9.65625,0.4375,9.75,0.625],"rotation":0,"texture":"#0","tintindex":0},"north":{"uv":[0.4375,9.65625,0.53125,9.84375],"rotation":0,"texture":"#0","tintindex":0},"west":{"uv":[9.40625,7.90625,9.5625,8.09375],"rotation":0,"texture":"#0","tintindex":0},"up":{"uv":[4.09375,10.0,4.0,9.84375],"rotation":0,"texture":"#0","tintindex":0},"down":{"uv":[9.9375,4.59375,9.84375,4.75],"rotation":0,"texture":"#0","tintindex":0}}},{"from":[5.0468216,6.2015247,0.8893757],"to":[6.749679,9.618668,2.5922327],"rotation":{"angle":22.5,"axis":"x","origin":[5.5865912,6.78116,1.1887636]},"faces":{"east":{"uv":[8.84375,9.625,8.9375,9.8125],"rotation":0,"texture":"#0","tintindex":0},"south":{"uv":[8.9375,9.625,9.03125,9.8125],"rotation":0,"texture":"#0","tintindex":0},"north":{"uv":[7.53125,9.625,7.625,9.8125],"rotation":0,"texture":"#0","tintindex":0},"west":{"uv":[9.59375,9.625,9.6875,9.8125],"rotation":0,"texture":"#0","tintindex":0},"up":{"uv":[7.9375,10.15625,7.84375,10.0625],"rotation":0,"texture":"#0","tintindex":0},"down":{"uv":[8.03125,10.0625,7.9375,10.15625],"rotation":0,"texture":"#0","tintindex":0}}},{"from":[9.612536,6.0961394,1.9949389],"to":[11.326822,9.524711,4.8520823],"rotation":{"angle":0.0,"axis":"y","origin":[10.15802,6.78116,1.1887636]},"faces":{"east":{"uv":[9.40625,8.40625,9.5625,8.59375],"rotation":0,"texture":"#0","tintindex":0},"south":{"uv":[2.90625,9.65625,3.0,9.84375],"rotation":0,"texture":"#0","tintindex":0},"north":{"uv":[9.65625,2.8125,9.75,3.0],"rotation":0,"texture":"#0","tintindex":0},"west":{"uv":[9.40625,8.59375,9.5625,8.78125],"rotation":0,"texture":"#0","tintindex":0},"up":{"uv":[9.9375,4.90625,9.84375,4.75],"rotation":0,"texture":"#0","tintindex":0},"down":{"uv":[9.9375,4.90625,9.84375,5.0625],"rotation":0,"texture":"#0","tintindex":0}}},{"from":[9.618251,6.2015247,0.8893757],"to":[11.321108,9.618668,2.5922327],"rotation":{"angle":22.5,"axis":"x","origin":[10.15802,6.78116,1.1887636]},"faces":{"east":{"uv":[1.53125,9.65625,1.625,9.84375],"rotation":0,"texture":"#0","tintindex":0},"south":{"uv":[1.96875,9.65625,2.0625,9.84375],"rotation":0,"texture":"#0","tintindex":0},"north":{"uv":[0.53125,9.65625,0.625,9.84375],"rotation":0,"texture":"#0","tintindex":0},"west":{"uv":[2.8125,9.65625,2.90625,9.84375],"rotation":0,"texture":"#0","tintindex":0},"up":{"uv":[8.125,10.15625,8.03125,10.0625],"rotation":0,"texture":"#0","tintindex":0},"down":{"uv":[8.21875,10.0625,8.125,10.15625],"rotation":0,"texture":"#0","tintindex":0}}}],"display":{"head":{"translation":[0.0,-6.4,0.0],"scale":[4.0,4.0,4.0]}}}