{"textures":{"0":"modelengine:entity/tc_cyclops"},"elements":[{"from":[6.577619,3.1566973,6.259188],"to":[10.017619,8.310984,9.699188],"rotation":{"angle":0.0,"axis":"y","origin":[8.297619,6.0195546,12.550617]},"faces":{"east":{"uv":[0.375,8.6875,0.5625,8.96875],"rotation":0,"texture":"#0","tintindex":0},"south":{"uv":[0.5625,8.6875,0.75,8.96875],"rotation":0,"texture":"#0","tintindex":0},"north":{"uv":[8.65625,7.90625,8.84375,8.1875],"rotation":0,"texture":"#0","tintindex":0},"west":{"uv":[8.6875,0.8125,8.875,1.09375],"rotation":0,"texture":"#0","tintindex":0},"up":{"uv":[8.4375,9.1875,8.25,9.0],"rotation":0,"texture":"#0","tintindex":0},"down":{"uv":[0.90625,9.03125,0.71875,9.21875],"rotation":0,"texture":"#0","tintindex":0}}}],"display":{"head":{"translation":[0.0,-6.4,0.0],"scale":[4.0,4.0,4.0]}}}