{"textures":{"0":"modelengine:entity/tc_cyclops"},"elements":[{"from":[3.9392762,-9.2432995,3.9452267],"to":[11.950706,-1.1454983,12.043028],"rotation":{"angle":45.0,"axis":"x","origin":[7.9449906,-5.194399,7.9941273]},"faces":{"east":{"uv":[5.625,0.4375,6.0625,0.875],"rotation":0,"texture":"#0","tintindex":0},"south":{"uv":[5.625,1.5,6.0625,1.9375],"rotation":0,"texture":"#0","tintindex":0},"north":{"uv":[5.625,0.0,6.0625,0.4375],"rotation":0,"texture":"#0","tintindex":0},"west":{"uv":[1.59375,5.625,2.03125,6.0625],"rotation":0,"texture":"#0","tintindex":0},"up":{"uv":[2.46875,6.0625,2.03125,5.625],"rotation":0,"texture":"#0","tintindex":0},"down":{"uv":[4.03125,5.625,3.59375,6.0625],"rotation":0,"texture":"#0","tintindex":0}}},{"from":[3.935007,-0.10615635,3.9743886],"to":[11.946436,7.9916444,12.072189],"rotation":{"angle":-45.0,"axis":"x","origin":[7.950705,3.9427443,8.023289]},"faces":{"east":{"uv":[5.65625,0.875,6.09375,1.3125],"rotation":0,"texture":"#0","tintindex":0},"south":{"uv":[5.75,3.28125,6.1875,3.71875],"rotation":0,"texture":"#0","tintindex":0},"north":{"uv":[4.03125,5.625,4.46875,6.0625],"rotation":0,"texture":"#0","tintindex":0},"west":{"uv":[4.78125,5.75,5.21875,6.1875],"rotation":0,"texture":"#0","tintindex":0},"up":{"uv":[5.65625,6.1875,5.21875,5.75],"rotation":0,"texture":"#0","tintindex":0},"down":{"uv":[6.09375,5.75,5.65625,6.1875],"rotation":0,"texture":"#0","tintindex":0}}},{"from":[3.9449906,-5.1886845,2.297279],"to":[11.933562,3.9427443,13.714422],"rotation":{"angle":0.0,"axis":"y","origin":[7.939276,-0.6229696,8.005851]},"faces":{"east":{"uv":[3.1875,2.5625,3.8125,3.0625],"rotation":0,"texture":"#0","tintindex":0},"south":{"uv":[5.1875,0.5,5.625,1.0],"rotation":0,"texture":"#0","tintindex":0},"north":{"uv":[5.1875,0.0,5.625,0.5],"rotation":0,"texture":"#0","tintindex":0},"west":{"uv":[3.1875,3.0625,3.8125,3.5625],"rotation":0,"texture":"#0","tintindex":0},"up":{"uv":[4.0625,4.84375,3.625,4.21875],"rotation":0,"texture":"#0","tintindex":0},"down":{"uv":[4.6875,0.59375,4.25,1.21875],"rotation":0,"texture":"#0","tintindex":0}}},{"from":[2.7964191,-2.3372555,2.0058503],"to":[11.367847,-0.6229696,14.005851],"rotation":{"angle":-22.5,"axis":"z","origin":[7.939276,-1.480113,8.291565]},"faces":{"east":{"uv":[8.3125,5.71875,8.96875,5.8125],"rotation":0,"texture":"#0","tintindex":0},"south":{"uv":[8.59375,0.46875,9.0625,0.5625],"rotation":0,"texture":"#0","tintindex":0},"north":{"uv":[5.09375,3.90625,5.5625,4.0],"rotation":0,"texture":"#0","tintindex":0},"west":{"uv":[8.34375,0.5625,9.0,0.65625],"rotation":0,"texture":"#0","tintindex":0},"up":{"uv":[0.46875,2.9375,0.0,2.28125],"rotation":0,"texture":"#0","tintindex":0},"down":{"uv":[3.15625,3.375,2.6875,4.03125],"rotation":0,"texture":"#0","tintindex":0}}},{"from":[3.433094,3.133616,2.0058503],"to":[12.004522,4.8479013,14.005851],"rotation":{"angle":0.0,"axis":"y","origin":[7.14738,-1.1520987,8.005851]},"faces":{"east":{"uv":[8.34375,4.25,9.0,4.34375],"rotation":0,"texture":"#0","tintindex":0},"south":{"uv":[8.84375,7.90625,9.3125,8.0],"rotation":0,"texture":"#0","tintindex":0},"north":{"uv":[8.84375,6.625,9.3125,6.71875],"rotation":0,"texture":"#0","tintindex":0},"west":{"uv":[8.375,2.71875,9.03125,2.8125],"rotation":0,"texture":"#0","tintindex":0},"up":{"uv":[4.09375,4.21875,3.625,3.5625],"rotation":0,"texture":"#0","tintindex":0},"down":{"uv":[0.46875,3.71875,0.0,4.375],"rotation":0,"texture":"#0","tintindex":0}}},{"from":[4.023876,-0.18203354,2.1487074],"to":[12.595305,0.96082306,13.862993],"rotation":{"angle":0.0,"axis":"y","origin":[8.595305,0.10368061,8.291565]},"faces":{"east":{"uv":[8.59375,4.1875,9.25,4.25],"rotation":0,"texture":"#0","tintindex":0},"south":{"uv":[9.09375,6.53125,9.5625,6.59375],"rotation":0,"texture":"#0","tintindex":0},"north":{"uv":[9.0625,2.59375,9.53125,2.65625],"rotation":0,"texture":"#0","tintindex":0},"west":{"uv":[8.65625,1.21875,9.3125,1.28125],"rotation":0,"texture":"#0","tintindex":0},"up":{"uv":[1.65625,4.21875,1.1875,3.5625],"rotation":0,"texture":"#0","tintindex":0},"down":{"uv":[3.625,3.5625,3.15625,4.21875],"rotation":0,"texture":"#0","tintindex":0}}}],"display":{"head":{"translation":[0.0,-6.4,0.0],"scale":[4.0,4.0,4.0]}}}