{"textures":{"0":"modelengine:entity/tc_cyclops"},"elements":[{"from":[6.577619,3.1566973,6.259188],"to":[10.017619,8.310984,9.699188],"rotation":{"angle":0.0,"axis":"y","origin":[8.297619,6.0195546,7.9791884]},"faces":{"east":{"uv":[0.9375,8.65625,1.125,8.9375],"rotation":0,"texture":"#0","tintindex":0},"south":{"uv":[1.125,8.65625,1.3125,8.9375],"rotation":0,"texture":"#0","tintindex":0},"north":{"uv":[0.1875,8.65625,0.375,8.9375],"rotation":0,"texture":"#0","tintindex":0},"west":{"uv":[1.3125,8.65625,1.5,8.9375],"rotation":0,"texture":"#0","tintindex":0},"up":{"uv":[7.6875,9.125,7.5,8.9375],"rotation":0,"texture":"#0","tintindex":0},"down":{"uv":[9.125,8.1875,8.9375,8.375],"rotation":0,"texture":"#0","tintindex":0}}}],"display":{"head":{"translation":[0.0,-6.4,0.0],"scale":[4.0,4.0,4.0]}}}