{"textures":{"0":"modelengine:entity/tc_cyclops"},"elements":[{"from":[7.06415,2.7596612,6.285714],"to":[10.492722,8.473948,9.714286],"rotation":{"angle":0.0,"axis":"y","origin":[8.778436,5.616804,8.0]},"faces":{"east":{"uv":[6.53125,8.5625,6.71875,8.875],"rotation":0,"texture":"#0","tintindex":0},"south":{"uv":[8.5625,6.90625,8.75,7.21875],"rotation":0,"texture":"#0","tintindex":0},"north":{"uv":[5.96875,8.5625,6.15625,8.875],"rotation":0,"texture":"#0","tintindex":0},"west":{"uv":[7.1875,8.5625,7.375,8.875],"rotation":0,"texture":"#0","tintindex":0},"up":{"uv":[9.21875,2.5,9.03125,2.3125],"rotation":0,"texture":"#0","tintindex":0},"down":{"uv":[9.21875,2.71875,9.03125,2.90625],"rotation":0,"texture":"#0","tintindex":0}}},{"from":[6.653667,2.0006042,6.2914286],"to":[10.07081,4.8463182,9.708571],"rotation":{"angle":22.5,"axis":"z","origin":[8.362238,3.423461,8.0]},"faces":{"east":{"uv":[9.28125,7.375,9.46875,7.53125],"rotation":0,"texture":"#0","tintindex":0},"south":{"uv":[4.15625,9.3125,4.34375,9.46875],"rotation":0,"texture":"#0","tintindex":0},"north":{"uv":[9.28125,7.21875,9.46875,7.375],"rotation":0,"texture":"#0","tintindex":0},"west":{"uv":[4.53125,9.3125,4.71875,9.46875],"rotation":0,"texture":"#0","tintindex":0},"up":{"uv":[9.21875,2.125,9.03125,1.9375],"rotation":0,"texture":"#0","tintindex":0},"down":{"uv":[9.21875,2.125,9.03125,2.3125],"rotation":0,"texture":"#0","tintindex":0}}},{"from":[5.6600337,2.6562433,6.297143],"to":[6.780034,5.490529,9.702857],"rotation":{"angle":45.0,"axis":"z","origin":[7.9343195,4.073386,8.0]},"faces":{"east":{"uv":[6.28125,9.28125,6.46875,9.4375],"rotation":0,"texture":"#0","tintindex":0},"south":{"uv":[9.625,1.78125,9.6875,1.9375],"rotation":0,"texture":"#0","tintindex":0},"north":{"uv":[9.59375,6.09375,9.65625,6.25],"rotation":0,"texture":"#0","tintindex":0},"west":{"uv":[9.28125,6.3125,9.46875,6.46875],"rotation":0,"texture":"#0","tintindex":0},"up":{"uv":[9.9375,0.375,9.875,0.1875],"rotation":0,"texture":"#0","tintindex":0},"down":{"uv":[9.9375,0.375,9.875,0.5625],"rotation":0,"texture":"#0","tintindex":0}}}],"display":{"head":{"translation":[0.0,-6.4,0.0],"scale":[4.0,4.0,4.0]}}}