{"textures":{"0":"modelengine:entity/tc_cyclops"},"elements":[{"from":[6.2799997,4.2799997,6.2799997],"to":[9.72,9.434286,9.72],"rotation":{"angle":0.0,"axis":"y","origin":[8.0,7.142857,12.0]},"faces":{"east":{"uv":[3.78125,8.6875,3.96875,8.96875],"rotation":0,"texture":"#0","tintindex":0},"south":{"uv":[3.96875,8.6875,4.15625,8.96875],"rotation":0,"texture":"#0","tintindex":0},"north":{"uv":[8.6875,3.0625,8.875,3.34375],"rotation":0,"texture":"#0","tintindex":0},"west":{"uv":[8.6875,7.375,8.875,7.65625],"rotation":0,"texture":"#0","tintindex":0},"up":{"uv":[9.21875,1.75,9.03125,1.5625],"rotation":0,"texture":"#0","tintindex":0},"down":{"uv":[9.21875,1.75,9.03125,1.9375],"rotation":0,"texture":"#0","tintindex":0}}}],"display":{"head":{"translation":[0.0,-6.4,0.0],"scale":[4.0,4.0,4.0]}}}