{"textures":{"0":"modelengine:entity/tc_cyclops"},"elements":[{"from":[7.906028,8.9507885,8.849581],"to":[9.048885,10.665074,9.992437],"rotation":{"angle":0.0,"axis":"y","origin":[7.850827,7.980529,7.852103]},"faces":{"east":{"uv":[6.9375,3.75,7.0,3.84375],"rotation":0,"texture":"#0","tintindex":0},"south":{"uv":[5.625,7.71875,5.6875,7.8125],"rotation":0,"texture":"#0","tintindex":0},"north":{"uv":[5.84375,2.4375,5.90625,2.53125],"rotation":0,"texture":"#0","tintindex":0},"west":{"uv":[8.1875,7.65625,8.25,7.75],"rotation":0,"texture":"#0","tintindex":0},"up":{"uv":[1.5,3.5625,1.4375,3.5],"rotation":0,"texture":"#0","tintindex":0},"down":{"uv":[5.84375,5.3125,5.78125,5.375],"rotation":0,"texture":"#0","tintindex":0}}},{"from":[8.220313,11.270222,9.073187],"to":[8.906028,13.098793,9.758901],"rotation":{"angle":22.5,"axis":"x","origin":[8.230053,10.52347,7.6363373]},"faces":{"east":{"uv":[1.875,2.75,1.90625,2.84375],"rotation":0,"texture":"#0","tintindex":0},"south":{"uv":[0.46875,2.8125,0.5,2.90625],"rotation":0,"texture":"#0","tintindex":0},"north":{"uv":[0.875,1.96875,0.90625,2.0625],"rotation":0,"texture":"#0","tintindex":0},"west":{"uv":[3.15625,2.21875,3.1875,2.3125],"rotation":0,"texture":"#0","tintindex":0},"up":{"uv":[0.90625,2.09375,0.875,2.0625],"rotation":0,"texture":"#0","tintindex":0},"down":{"uv":[1.90625,2.84375,1.875,2.875],"rotation":0,"texture":"#0","tintindex":0}}},{"from":[7.611354,7.363678,8.767275],"to":[9.211353,9.2493925,10.367275],"rotation":{"angle":0.0,"axis":"y","origin":[7.850827,9.123386,7.852103]},"faces":{"east":{"uv":[8.5,3.875,8.59375,4.0],"rotation":0,"texture":"#0","tintindex":0},"south":{"uv":[9.03125,5.0,9.125,5.125],"rotation":0,"texture":"#0","tintindex":0},"north":{"uv":[3.21875,8.375,3.3125,8.5],"rotation":0,"texture":"#0","tintindex":0},"west":{"uv":[9.0625,0.4375,9.15625,0.5625],"rotation":0,"texture":"#0","tintindex":0},"up":{"uv":[3.125,7.84375,3.03125,7.75],"rotation":0,"texture":"#0","tintindex":0},"down":{"uv":[5.625,7.9375,5.53125,8.03125],"rotation":0,"texture":"#0","tintindex":0}}}],"display":{"head":{"translation":[0.0,-6.4,0.0],"scale":[4.0,4.0,4.0]}}}