{"textures":{"0":"modelengine:entity/tc_cyclops"},"elements":[{"from":[6.951115,8.9507885,8.849581],"to":[8.093972,10.665074,9.992437],"rotation":{"angle":0.0,"axis":"y","origin":[8.149173,7.980529,7.852103]},"faces":{"east":{"uv":[3.90625,8.375,3.96875,8.46875],"rotation":0,"texture":"#0","tintindex":0},"south":{"uv":[4.90625,8.375,4.96875,8.46875],"rotation":0,"texture":"#0","tintindex":0},"north":{"uv":[8.28125,0.3125,8.34375,0.40625],"rotation":0,"texture":"#0","tintindex":0},"west":{"uv":[5.40625,8.46875,5.46875,8.5625],"rotation":0,"texture":"#0","tintindex":0},"up":{"uv":[7.75,9.0,7.6875,8.9375],"rotation":0,"texture":"#0","tintindex":0},"down":{"uv":[9.03125,2.46875,8.96875,2.53125],"rotation":0,"texture":"#0","tintindex":0}}},{"from":[7.093972,11.270222,9.073187],"to":[7.7796865,13.098793,9.758901],"rotation":{"angle":22.5,"axis":"x","origin":[7.7699466,10.52347,7.6363373]},"faces":{"east":{"uv":[3.15625,3.375,3.1875,3.46875],"rotation":0,"texture":"#0","tintindex":0},"south":{"uv":[3.15625,3.46875,3.1875,3.5625],"rotation":0,"texture":"#0","tintindex":0},"north":{"uv":[1.46875,3.375,1.5,3.46875],"rotation":0,"texture":"#0","tintindex":0},"west":{"uv":[2.03125,3.5625,2.0625,3.65625],"rotation":0,"texture":"#0","tintindex":0},"up":{"uv":[0.5,2.9375,0.46875,2.90625],"rotation":0,"texture":"#0","tintindex":0},"down":{"uv":[1.5,3.46875,1.46875,3.5],"rotation":0,"texture":"#0","tintindex":0}}},{"from":[6.788646,7.363678,8.767275],"to":[8.388646,9.2493925,10.367275],"rotation":{"angle":0.0,"axis":"y","origin":[8.149173,9.123386,7.852103]},"faces":{"east":{"uv":[9.9375,0.0,10.03125,0.125],"rotation":0,"texture":"#0","tintindex":0},"south":{"uv":[9.9375,0.125,10.03125,0.25],"rotation":0,"texture":"#0","tintindex":0},"north":{"uv":[9.90625,8.28125,10.0,8.40625],"rotation":0,"texture":"#0","tintindex":0},"west":{"uv":[9.9375,0.25,10.03125,0.375],"rotation":0,"texture":"#0","tintindex":0},"up":{"uv":[7.34375,10.15625,7.25,10.0625],"rotation":0,"texture":"#0","tintindex":0},"down":{"uv":[7.4375,10.0625,7.34375,10.15625],"rotation":0,"texture":"#0","tintindex":0}}}],"display":{"head":{"translation":[0.0,-6.4,0.0],"scale":[4.0,4.0,4.0]}}}