{"textures":{"0":"modelengine:entity/tc_cyclops"},"elements":[{"from":[3.730299,5.73485,4.041446],"to":[12.290298,8.5805645,5.1728745],"rotation":{"angle":-22.5,"axis":"x","origin":[6.9817276,5.81485,5.7500176]},"faces":{"east":{"uv":[4.40625,6.34375,4.46875,6.5],"rotation":0,"texture":"#0","tintindex":0},"south":{"uv":[8.28125,4.8125,8.75,4.96875],"rotation":0,"texture":"#0","tintindex":0},"north":{"uv":[8.28125,4.65625,8.75,4.8125],"rotation":0,"texture":"#0","tintindex":0},"west":{"uv":[7.3125,3.59375,7.375,3.75],"rotation":0,"texture":"#0","tintindex":0},"up":{"uv":[9.4375,7.90625,8.96875,7.84375],"rotation":0,"texture":"#0","tintindex":0},"down":{"uv":[9.46875,3.375,9.0,3.4375],"rotation":0,"texture":"#0","tintindex":0}}},{"from":[1.1531553,-5.1870613,10.767205],"to":[14.867441,0.52722454,15.3386345],"rotation":{"angle":-22.5,"axis":"x","origin":[8.010299,-2.615633,16.195778]},"faces":{"east":{"uv":[4.15625,8.0,4.40625,8.3125],"rotation":0,"texture":"#0","tintindex":0},"south":{"uv":[5.0,4.625,5.75,4.9375],"rotation":0,"texture":"#0","tintindex":0},"north":{"uv":[1.84375,5.0,2.59375,5.3125],"rotation":0,"texture":"#0","tintindex":0},"west":{"uv":[4.40625,8.0,4.65625,8.3125],"rotation":0,"texture":"#0","tintindex":0},"down":{"uv":[6.8125,5.0625,6.0625,5.3125],"rotation":0,"texture":"#0","tintindex":0}}},{"from":[2.0102983,-5.7584896,3.112455],"to":[14.010299,-0.04420376,6.541026],"rotation":{"angle":22.5,"axis":"x","origin":[8.010299,-2.615633,2.9695978]},"faces":{"east":{"uv":[4.21875,8.5,4.40625,8.8125],"rotation":0,"texture":"#0","tintindex":0},"south":{"uv":[1.84375,5.3125,2.5,5.625],"rotation":0,"texture":"#0","tintindex":0},"north":{"uv":[5.09375,3.59375,5.75,3.90625],"rotation":0,"texture":"#0","tintindex":0},"west":{"uv":[4.40625,8.5,4.59375,8.8125],"rotation":0,"texture":"#0","tintindex":0},"up":{"uv":[7.59375,6.03125,6.9375,5.84375],"rotation":0,"texture":"#0","tintindex":0},"down":{"uv":[7.65625,6.75,7.0,6.9375],"rotation":0,"texture":"#0","tintindex":0}}},{"from":[5.7245846,-0.3299179,2.398169],"to":[10.296013,4.2415104,3.541026],"rotation":{"angle":45.0,"axis":"z","origin":[8.010299,1.9557962,2.9695978]},"faces":{"east":{"uv":[2.15625,8.3125,2.21875,8.5625],"rotation":0,"texture":"#0","tintindex":0},"south":{"uv":[8.3125,5.21875,8.5625,5.46875],"rotation":0,"texture":"#0","tintindex":0},"north":{"uv":[8.3125,4.96875,8.5625,5.21875],"rotation":0,"texture":"#0","tintindex":0},"west":{"uv":[9.78125,4.875,9.84375,5.125],"rotation":0,"texture":"#0","tintindex":0},"up":{"uv":[5.78125,5.375,5.53125,5.3125],"rotation":0,"texture":"#0","tintindex":0},"down":{"uv":[1.84375,5.5625,1.59375,5.625],"rotation":0,"texture":"#0","tintindex":0}}},{"from":[4.0045843,-0.638937,3.5353117],"to":[12.016014,4.5153494,14.403884],"rotation":{"angle":0.0,"axis":"y","origin":[13.060483,2.2415104,8.969598]},"faces":{"east":{"uv":[6.34375,2.15625,6.9375,2.4375],"rotation":0,"texture":"#0","tintindex":0},"south":{"uv":[1.21875,7.21875,1.65625,7.5],"rotation":0,"texture":"#0","tintindex":0},"north":{"uv":[7.15625,6.9375,7.59375,7.21875],"rotation":0,"texture":"#0","tintindex":0},"west":{"uv":[6.46875,4.46875,7.0625,4.75],"rotation":0,"texture":"#0","tintindex":0},"up":{"uv":[5.0,5.21875,4.5625,4.625],"rotation":0,"texture":"#0","tintindex":0},"down":{"uv":[5.09375,3.40625,4.65625,4.0],"rotation":0,"texture":"#0","tintindex":0}}},{"from":[9.631911,-0.3299179,3.541026],"to":[18.20334,4.812939,14.3981695],"rotation":{"angle":22.5,"axis":"z","origin":[13.060483,2.2415104,8.969598]},"faces":{"east":{"uv":[6.46875,4.75,7.0625,5.03125],"rotation":0,"texture":"#0","tintindex":0},"south":{"uv":[7.09375,0.0,7.5625,0.28125],"rotation":0,"texture":"#0","tintindex":0},"north":{"uv":[4.8125,7.0625,5.28125,7.34375],"rotation":0,"texture":"#0","tintindex":0},"west":{"uv":[6.5,0.0,7.09375,0.28125],"rotation":0,"texture":"#0","tintindex":0},"up":{"uv":[4.5625,4.65625,4.09375,4.0625],"rotation":0,"texture":"#0","tintindex":0},"down":{"uv":[4.6875,0.0,4.21875,0.59375],"rotation":0,"texture":"#0","tintindex":0}}},{"from":[-2.182742,-0.3299179,3.541026],"to":[6.3886867,4.812939,14.3981695],"rotation":{"angle":-22.5,"axis":"z","origin":[2.3886862,2.2415104,8.969598]},"faces":{"east":{"uv":[6.5,0.28125,7.09375,0.5625],"rotation":0,"texture":"#0","tintindex":0},"south":{"uv":[7.09375,0.5625,7.5625,0.84375],"rotation":0,"texture":"#0","tintindex":0},"north":{"uv":[7.09375,0.28125,7.5625,0.5625],"rotation":0,"texture":"#0","tintindex":0},"west":{"uv":[6.5,0.5625,7.09375,0.84375],"rotation":0,"texture":"#0","tintindex":0},"up":{"uv":[1.5,4.8125,1.03125,4.21875],"rotation":0,"texture":"#0","tintindex":0},"down":{"uv":[3.625,4.21875,3.15625,4.8125],"rotation":0,"texture":"#0","tintindex":0}}},{"from":[7.038462,-1.8856554,2.6838837],"to":[8.7527485,0.97148705,3.8267403],"rotation":{"angle":22.5,"axis":"z","origin":[8.7527485,6.1143446,2.9695978]},"faces":{"east":{"uv":[8.96875,1.5625,9.03125,1.71875],"rotation":0,"texture":"#0","tintindex":0},"south":{"uv":[3.0625,0.4375,3.15625,0.59375],"rotation":0,"texture":"#0","tintindex":0},"north":{"uv":[1.8125,0.96875,1.90625,1.125],"rotation":0,"texture":"#0","tintindex":0},"west":{"uv":[8.875,8.96875,8.9375,9.125],"rotation":0,"texture":"#0","tintindex":0},"up":{"uv":[8.65625,7.4375,8.5625,7.375],"rotation":0,"texture":"#0","tintindex":0},"down":{"uv":[3.875,8.625,3.78125,8.6875],"rotation":0,"texture":"#0","tintindex":0}}},{"from":[-0.17785454,4.383601,2.6781693],"to":[1.5364318,7.240744,3.8210263],"rotation":{"angle":-22.5,"axis":"z","origin":[1.5364318,-19.6164,2.9638834]},"faces":{"east":{"uv":[10.0625,0.71875,10.125,0.875],"rotation":0,"texture":"#0","tintindex":0},"south":{"uv":[3.71875,9.84375,3.8125,10.0],"rotation":0,"texture":"#0","tintindex":0},"north":{"uv":[3.625,9.84375,3.71875,10.0],"rotation":0,"texture":"#0","tintindex":0},"west":{"uv":[0.875,10.0625,0.9375,10.21875],"rotation":0,"texture":"#0","tintindex":0},"up":{"uv":[9.5,2.875,9.40625,2.8125],"rotation":0,"texture":"#0","tintindex":0},"down":{"uv":[9.53125,1.375,9.4375,1.4375],"rotation":0,"texture":"#0","tintindex":0}}},{"from":[8.570299,1.9443674,2.6724548],"to":[13.164585,6.5386534,3.838169],"rotation":{"angle":-45.0,"axis":"z","origin":[8.581727,1.9557962,2.6838837]},"faces":{"east":{"uv":[9.8125,5.125,9.875,5.375],"rotation":0,"texture":"#0","tintindex":0},"south":{"uv":[6.03125,8.3125,6.28125,8.5625],"rotation":0,"texture":"#0","tintindex":0},"north":{"uv":[8.3125,5.46875,8.5625,5.71875],"rotation":0,"texture":"#0","tintindex":0},"west":{"uv":[9.8125,5.375,9.875,5.625],"rotation":0,"texture":"#0","tintindex":0},"up":{"uv":[5.875,2.0,5.625,1.9375],"rotation":0,"texture":"#0","tintindex":0},"down":{"uv":[2.90625,7.46875,2.65625,7.53125],"rotation":0,"texture":"#0","tintindex":0}}},{"from":[2.203329,-2.4773512,5.1003065],"to":[13.631901,0.9512205,14.243164],"rotation":{"angle":22.5,"axis":"x","origin":[7.91761,0.35193443,11.014593]},"faces":{"east":{"uv":[0.90625,5.34375,1.40625,5.53125],"rotation":0,"texture":"#0","tintindex":0},"south":{"uv":[7.3125,5.46875,7.9375,5.65625],"rotation":0,"texture":"#0","tintindex":0},"north":{"uv":[7.15625,5.28125,7.78125,5.46875],"rotation":0,"texture":"#0","tintindex":0},"west":{"uv":[7.59375,5.84375,8.09375,6.03125],"rotation":0,"texture":"#0","tintindex":0},"up":{"uv":[3.78125,2.0625,3.15625,1.5625],"rotation":0,"texture":"#0","tintindex":0},"down":{"uv":[3.8125,2.0625,3.1875,2.5625],"rotation":0,"texture":"#0","tintindex":0}}},{"from":[0.93029785,4.3088555,4.1353655],"to":[15.0903,12.308856,13.849651],"rotation":{"angle":0.0,"axis":"y","origin":[8.010299,11.891369,9.520134]},"faces":{"east":{"uv":[5.0,4.9375,5.53125,5.375],"rotation":0,"texture":"#0","tintindex":0},"south":{"uv":[0.5625,3.0625,1.34375,3.5],"rotation":0,"texture":"#0","tintindex":0},"north":{"uv":[3.0625,0.0,3.84375,0.4375],"rotation":0,"texture":"#0","tintindex":0},"west":{"uv":[5.03125,4.0,5.5625,4.4375],"rotation":0,"texture":"#0","tintindex":0},