{"textures":{"0":"modelengine:entity/baby_brachio"},"elements":[{"from":[2.298068,9.753617,0.39062834],"to":[12.496012,19.488018,11.9792],"rotation":{"angle":22.5,"axis":"x","origin":[7.39704,13.114304,6.184914]},"faces":{"east":{"uv":[2.75,1.25,4.0,2.3125],"rotation":0,"texture":"#0","tintindex":0},"south":{"uv":[1.625,2.875,2.75,3.9375],"rotation":0,"texture":"#0","tintindex":0},"north":{"uv":[2.875,0.0,4.0,1.0625],"rotation":0,"texture":"#0","tintindex":0},"west":{"uv":[2.75,2.3125,4.0,3.375],"rotation":0,"texture":"#0","tintindex":0},"up":{"uv":[2.75,2.875,1.625,1.625],"rotation":0,"texture":"#0","tintindex":0},"down":{"uv":[2.875,0.0,1.75,1.25],"rotation":0,"texture":"#0","tintindex":0}}},{"from":[2.8079658,10.443126,-3.803052],"to":[12.078823,19.25044,4.54072],"rotation":{"angle":-22.5,"axis":"x","origin":[7.443394,16.561892,-0.6741371]},"faces":{"east":{"uv":[4.75,4.1875,5.6875,5.125],"rotation":0,"texture":"#0","tintindex":0},"south":{"uv":[3.75,4.5,4.75,5.4375],"rotation":0,"texture":"#0","tintindex":0},"north":{"uv":[4.0,1.625,5.0,2.5625],"rotation":0,"texture":"#0","tintindex":0},"west":{"uv":[5.0,1.625,5.9375,2.5625],"rotation":0,"texture":"#0","tintindex":0},"up":{"uv":[1.0,5.5,0.0,4.5625],"rotation":0,"texture":"#0","tintindex":0},"down":{"uv":[2.875,4.5625,1.875,5.5],"rotation":0,"texture":"#0","tintindex":0}}},{"from":[3.5728111,9.632869,-6.8760405],"to":[11.45304,16.817783,3.5536737],"rotation":{"angle":45.0,"axis":"x","origin":[7.860583,11.278446,-2.1015491]},"faces":{"east":{"uv":[4.0,2.5625,5.125,3.375],"rotation":0,"texture":"#0","tintindex":0},"south":{"uv":[1.0,5.0625,1.875,5.875],"rotation":0,"texture":"#0","tintindex":0},"north":{"uv":[2.875,4.5625,3.75,5.375],"rotation":0,"texture":"#0","tintindex":0},"west":{"uv":[4.625,3.375,5.75,4.1875],"rotation":0,"texture":"#0","tintindex":0},"up":{"uv":[4.625,4.5,3.75,3.375],"rotation":0,"texture":"#0","tintindex":0},"down":{"uv":[1.875,3.9375,1.0,5.0625],"rotation":0,"texture":"#0","tintindex":0}}},{"from":[3.6886969,5.813503,0.39062834],"to":[11.105383,12.998417,16.614628],"rotation":{"angle":0.0,"axis":"y","origin":[7.39704,15.316132,0.6223998]},"faces":{"east":{"uv":[0.0,0.0,1.75,0.8125],"rotation":0,"texture":"#0","tintindex":0},"south":{"uv":[0.0,5.5,0.8125,6.3125],"rotation":0,"texture":"#0","tintindex":0},"north":{"uv":[3.5,5.4375,4.3125,6.25],"rotation":0,"texture":"#0","tintindex":0},"west":{"uv":[0.0,0.8125,1.75,1.625],"rotation":0,"texture":"#0","tintindex":0},"up":{"uv":[0.8125,3.375,0.0,1.625],"rotation":0,"texture":"#0","tintindex":0},"down":{"uv":[1.625,1.625,0.8125,3.375],"rotation":0,"texture":"#0","tintindex":0}}},{"from":[4.3840113,4.2374573,-0.04973793],"to":[10.4100685,7.7140284,8.062263],"rotation":{"angle":22.5,"axis":"x","origin":[7.39704,4.3069887,4.4466286]},"faces":{"east":{"uv":[1.75,1.25,2.625,1.625],"rotation":0,"texture":"#0","tintindex":0},"south":{"uv":[7.875,3.3125,8.5625,3.6875],"rotation":0,"texture":"#0","tintindex":0},"north":{"uv":[7.8125,6.75,8.5,7.125],"rotation":0,"texture":"#0","tintindex":0},"west":{"uv":[6.8125,2.625,7.6875,3.0],"rotation":0,"texture":"#0","tintindex":0},"up":{"uv":[1.5,6.75,0.8125,5.875],"rotation":0,"texture":"#0","tintindex":0},"down":{"uv":[6.625,0.875,5.9375,1.75],"rotation":0,"texture":"#0","tintindex":0}}},{"from":[4.6157827,4.384206,7.9844055],"to":[10.178297,7.860777,17.487034],"rotation":{"angle":-22.5,"axis":"x","origin":[7.39704,3.1789942,11.530509]},"faces":{"east":{"uv":[6.6875,1.875,7.75,2.25],"rotation":0,"texture":"#0","tintindex":0},"south":{"uv":[4.9375,8.125,5.5625,8.5],"rotation":0,"texture":"#0","tintindex":0},"north":{"uv":[8.125,4.6875,8.75,5.0625],"rotation":0,"texture":"#0","tintindex":0},"west":{"uv":[6.8125,2.25,7.875,2.625],"rotation":0,"texture":"#0","tintindex":0},"up":{"uv":[5.8125,1.0625,5.1875,0.0],"rotation":0,"texture":"#0","tintindex":0},"down":{"uv":[3.5,5.375,2.875,6.4375],"rotation":0,"texture":"#0","tintindex":0}}},{"from":[5.0793257,4.057474,14.043165],"to":[9.714754,8.692903,22.155167],"rotation":{"angle":22.5,"axis":"x","origin":[7.39704,8.577017,16.870777]},"faces":{"east":{"uv":[6.4375,5.4375,7.3125,5.9375],"rotation":0,"texture":"#0","tintindex":0},"south":{"uv":[1.625,7.9375,2.125,8.4375],"rotation":0,"texture":"#0","tintindex":0},"north":{"uv":[7.9375,1.125,8.4375,1.625],"rotation":0,"texture":"#0","tintindex":0},"west":{"uv":[6.625,0.6875,7.5,1.1875],"rotation":0,"texture":"#0","tintindex":0},"up":{"uv":[3.375,7.3125,2.875,6.4375],"rotation":0,"texture":"#0","tintindex":0},"down":{"uv":[6.875,6.625,6.375,7.5],"rotation":0,"texture":"#0","tintindex":0}}},{"from":[2.93544,8.43252,10.125029],"to":[11.974525,16.080978,21.218058],"rotation":{"angle":22.5,"axis":"x","origin":[7.4549828,12.418989,14.528687]},"faces":{"east":{"uv":[4.0,0.0,5.1875,0.8125],"rotation":0,"texture":"#0","tintindex":0},"south":{"uv":[4.75,5.125,5.75,5.9375],"rotation":0,"texture":"#0","tintindex":0},"north":{"uv":[5.125,2.5625,6.125,3.375],"rotation":0,"texture":"#0","tintindex":0},"west":{"uv":[4.0,0.8125,5.1875,1.625],"rotation":0,"texture":"#0","tintindex":0},"up":{"uv":[1.0,4.5625,0.0,3.375],"rotation":0,"texture":"#0","tintindex":0},"down":{"uv":[3.75,3.375,2.75,4.5625],"rotation":0,"texture":"#0","tintindex":0}}}],"display":{"head":{"translation":[0.0,-6.4,0.0],"scale":[4.0,4.0,4.0]}}}