{"textures":{"0":"modelengine:entity/baby_brachio"},"elements":[{"from":[6.1908445,6.798106,4.7515583],"to":[6.1908445,7.8358026,5.789254],"rotation":{"angle":-22.5,"axis":"x","origin":[6.1908445,7.3169513,5.270403]},"faces":{"east":{"uv":[7.125,8.375,7.25,8.5],"rotation":0,"texture":"#0","tintindex":0},"south":{"uv":[0.0,0.0,0.0,0.125],"rotation":0,"texture":"#0","tintindex":0},"north":{"uv":[0.0,0.0,0.0,0.125],"rotation":0,"texture":"#0","tintindex":0},"west":{"uv":[2.0,8.4375,2.125,8.5625],"rotation":0,"texture":"#0","tintindex":0},"up":{"uv":[0.0,0.125,0.0,0.0],"rotation":0,"texture":"#0","tintindex":0},"down":{"uv":[0.0,0.0,0.0,0.125],"rotation":0,"texture":"#0","tintindex":0}}},{"from":[9.846555,6.798106,4.7515583],"to":[9.846555,7.8358026,5.789254],"rotation":{"angle":-22.5,"axis":"x","origin":[7.990555,7.3169513,5.270403]},"faces":{"east":{"uv":[2.125,8.4375,2.0,8.5625],"rotation":0,"texture":"#0","tintindex":0},"south":{"uv":[0.0,0.0,0.0,0.125],"rotation":0,"texture":"#0","tintindex":0},"north":{"uv":[0.0,0.0,0.0,0.125],"rotation":0,"texture":"#0","tintindex":0},"west":{"uv":[7.25,8.375,7.125,8.5],"rotation":0,"texture":"#0","tintindex":0},"up":{"uv":[0.0,0.125,0.0,0.0],"rotation":0,"texture":"#0","tintindex":0},"down":{"uv":[0.0,0.0,0.0,0.125],"rotation":0,"texture":"#0","tintindex":0}}},{"from":[6.1943045,5.4988794,4.255794],"to":[9.8243885,8.862641,8.312943],"rotation":{"angle":-22.5,"axis":"x","origin":[8.009347,7.1807604,6.284369]},"faces":{"east":{"uv":[1.125,6.75,1.5,7.0625],"rotation":0,"texture":"#0","tintindex":0},"south":{"uv":[8.875,8.3125,9.1875,8.625],"rotation":0,"texture":"#0","tintindex":0},"north":{"uv":[8.875,6.6875,9.1875,7.0],"rotation":0,"texture":"#0","tintindex":0},"west":{"uv":[8.75,4.75,9.125,5.0625],"rotation":0,"texture":"#0","tintindex":0},"up":{"uv":[5.6875,9.125,5.375,8.75],"rotation":0,"texture":"#0","tintindex":0},"down":{"uv":[6.0,8.75,5.6875,9.125],"rotation":0,"texture":"#0","tintindex":0}}},{"from":[6.7158804,6.72789,7.4497976],"to":[9.302807,9.481093,9.770408],"rotation":{"angle":0.0,"axis":"y","origin":[8.009347,8.469593,8.7144165]},"faces":{"east":{"uv":[1.75,9.0,2.0,9.25],"rotation":0,"texture":"#0","tintindex":0},"south":{"uv":[2.625,9.0,2.875,9.25],"rotation":0,"texture":"#0","tintindex":0},"north":{"uv":[8.25,6.5,8.5,6.75],"rotation":0,"texture":"#0","tintindex":0},"west":{"uv":[3.375,9.0,3.625,9.25],"rotation":0,"texture":"#0","tintindex":0},"up":{"uv":[4.375,9.25,4.125,9.0],"rotation":0,"texture":"#0","tintindex":0},"down":{"uv":[4.625,9.0,4.375,9.25],"rotation":0,"texture":"#0","tintindex":0}}},{"from":[6.4078374,5.6559706,1.8425364],"to":[9.610849,7.3114624,4.4049435],"rotation":{"angle":-22.5,"axis":"x","origin":[8.062727,6.8843904,6.753824]},"faces":{"east":{"uv":[8.4375,1.5,8.6875,1.625],"rotation":0,"texture":"#0","tintindex":0},"south":{"uv":[0.0,9.125,0.3125,9.25],"rotation":0,"texture":"#0","tintindex":0},"north":{"uv":[9.0625,8.1875,9.375,8.3125],"rotation":0,"texture":"#0","tintindex":0},"west":{"uv":[9.125,0.5625,9.375,0.6875],"rotation":0,"texture":"#0","tintindex":0},"up":{"uv":[9.25,6.0625,8.9375,5.8125],"rotation":0,"texture":"#0","tintindex":0},"down":{"uv":[9.25,6.0625,8.9375,6.3125],"rotation":0,"texture":"#0","tintindex":0}}},{"from":[6.5679903,5.6559706,0.5613327],"to":[9.343937,6.7181125,1.8425364],"rotation":{"angle":-22.5,"axis":"x","origin":[8.062727,6.8843904,6.753824]},"faces":{"east":{"uv":[0.75,8.5,0.875,8.625],"rotation":0,"texture":"#0","tintindex":0},"south":{"uv":[9.125,4.875,9.375,5.0],"rotation":0,"texture":"#0","tintindex":0},"north":{"uv":[9.125,4.75,9.375,4.875],"rotation":0,"texture":"#0","tintindex":0},"west":{"uv":[2.0,8.5625,2.125,8.6875],"rotation":0,"texture":"#0","tintindex":0},"up":{"uv":[5.5625,9.25,5.3125,9.125],"rotation":0,"texture":"#0","tintindex":0},"down":{"uv":[5.8125,9.125,5.5625,9.25],"rotation":0,"texture":"#0","tintindex":0}}},{"from":[6.995056,4.2455626,1.4850445],"to":[8.916864,5.9065833,2.5527215],"rotation":{"angle":22.5,"axis":"x","origin":[7.9559603,4.817562,1.4850445]},"faces":{"east":{"uv":[5.8125,0.875,5.9375,1.0625],"rotation":0,"texture":"#0","tintindex":0},"south":{"uv":[7.5,0.875,7.6875,1.0625],"rotation":0,"texture":"#0","tintindex":0},"north":{"uv":[7.5,0.6875,7.6875,0.875],"rotation":0,"texture":"#0","tintindex":0},"west":{"uv":[0.6875,6.3125,0.8125,6.5],"rotation":0,"texture":"#0","tintindex":0},"up":{"uv":[7.875,2.75,7.6875,2.625],"rotation":0,"texture":"#0","tintindex":0},"down":{"uv":[7.875,2.75,7.6875,2.875],"rotation":0,"texture":"#0","tintindex":0}}},{"from":[6.4612236,5.7438383,3.4309678],"to":[9.450703,7.665647,4.712171],"rotation":{"angle":22.5,"axis":"x","origin":[7.9559603,6.5979767,4.071566]},"faces":{"east":{"uv":[3.375,6.4375,3.5,6.625],"rotation":0,"texture":"#0","tintindex":0},"south":{"uv":[8.9375,2.75,9.25,2.9375],"rotation":0,"texture":"#0","tintindex":0},"north":{"uv":[8.9375,1.9375,9.25,2.125],"rotation":0,"texture":"#0","tintindex":0},"west":{"uv":[0.6875,6.5,0.8125,6.6875],"rotation":0,"texture":"#0","tintindex":0},"up":{"uv":[9.4375,0.4375,9.125,0.3125],"rotation":0,"texture":"#0","tintindex":0},"down":{"uv":[9.4375,0.4375,9.125,0.5625],"rotation":0,"texture":"#0","tintindex":0}}},{"from":[6.6747565,4.804636,2.1357446],"to":[9.23717,6.0858397,4.0575533],"rotation":{"angle":-22.5,"axis":"x","origin":[7.9559603,5.445241,2.6695766]},"faces":{"east":{"uv":[7.6875,2.875,7.875,3.0],"rotation":0,"texture":"#0","tintindex":0},"south":{"uv":[8.25,9.125,8.5,9.25],"rotation":0,"texture":"#0","tintindex":0},"north":{"uv":[8.0,9.125,8.25,9.25],"rotation":0,"texture":"#0","tintindex":0},"west":{"uv":[7.875,3.6875,8.0625,3.8125],"rotation":0,"texture":"#0","tintindex":0},"up":{"uv":[8.4375,1.125,8.1875,0.9375],"rotation":0,"texture":"#0","tintindex":0},"down":{"uv":[9.3125,7.0,9.0625,7.1875],"rotation":0,"texture":"#0","tintindex":0}}},{"from":[7.315362,7.265374,2.4533129],"to":[8.596565,9.827787,6.7239957],"rotation":{"angle":45.0,"axis":"x","origin":[7.9559603,8.333052,5.2292595]},"faces":{"east":{"uv":[8.9375,3.625,9.3125,3.875],"rotation":0,"texture":"#0","tintindex":0},"south":{"uv":[4.1875,6.25,4.3125,6.5],"rotation":0,"texture":"#0","tintindex":0},"north":{"uv":[4.625,4.1875,4.75,4.4375],"rotation":0,"texture":"#0","tintindex":0},"west":{"uv":[3.75,8.9375,4.125,9.1875],"rotation":0,"texture":"#0","tintindex":0},"up":{"uv":[2.75,1.625,2.625,1.25],"rotation":0,"texture":"#0","tintindex":0},"down":{"uv":[0.9375,5.5,0.8125,5.875],"rotation":0,"texture":"#0","tintindex":0}}},{"from":[7.422128,7.974565,2.4692874],"to":[8.489799,9.469301,4.3910966],"rotation":{"angle":0.0,"axis":"y","origin":[7.9559603,8.593813,3.3234258]},"faces":{"east":{"uv":[8.0625,5.875,8.25,6.0],"rotation":0,"texture":"#0","tintindex":0},"south":{"uv":[2.0,8.6875,2.125,8.8125],"rotation":0,"texture":"#0","tintindex":0},"north":{"uv":[7.5,8.5625,7.625,8.6875],"rotation":0,"texture":"#0","tintindex":0},"west":{"uv":[8.0625,6.0,8.25,6.125],"rotation":0,"texture":"#0","tintindex":0},"up":{"uv":[6.625,0.875,6.5,0.6875],"rotation":0,"texture":"#0","tintindex":0},"down":{"uv":[4.3125,6.5,4.1875,6.6875],"rotation":0,"texture":"#0","tintindex":0}}},{"from":[7.315362,6.479822,2.789587],"to":[8.596565,8.188098,4.7113957],"rotation":{"angle":-22.5,"axis":"x","origin":[7.9559603,7.227194,3.430192]},"faces":{"east":{"uv":[7.625,6.125,7.8125,6.3125],"rotation":0,"texture":"#0","tintindex":0},"south":{"uv":[6.6875,2.25,6.8125,2.4375],"rotation":0,"texture":"#0","tintindex":0},"north":{"uv":[3.375,6.625,3.5,6.8125],"rotation":0,"texture":"#0","tintindex":0},"west":{"uv":[7.625,6.3125,7.8125,6.5],"rotation":0,"texture":"#0","tintindex":0},"up":{"uv":[7.75,8.0625,7.625,7.875],"rotation":0,"texture":"#0","tintindex":0},"down":{"uv":[7.25,8.1875,7.125,8.375],"rotation":0,"texture":"#0","tintindex":0}}},{"from":[7.052068,3.7457352,1.6919088],"to":[7.052068,4.90604,5.535526],"rotation":{"angle":-22.5,"axis":"x","origin":[7.1889815,4.534522,3.5094037]},