{"textures":{"0":"modelengine:entity/baby_brachio"},"elements":[{"from":[5.914057,4.4852343,4.5790224],"to":[10.085943,12.597235,10.836851],"rotation":{"angle":-22.5,"axis":"x","origin":[8.115886,9.004777,9.214452]},"faces":{"east":{"uv":[1.875,5.5,2.5625,6.375],"rotation":0,"texture":"#0","tintindex":0},"south":{"uv":[0.6875,6.75,1.125,7.625],"rotation":0,"texture":"#0","tintindex":0},"north":{"uv":[5.9375,6.6875,6.375,7.5625],"rotation":0,"texture":"#0","tintindex":0},"west":{"uv":[5.6875,4.1875,6.375,5.0625],"rotation":0,"texture":"#0","tintindex":0},"up":{"uv":[3.375,8.0,2.9375,7.3125],"rotation":0,"texture":"#0","tintindex":0},"down":{"uv":[7.75,7.1875,7.3125,7.875],"rotation":0,"texture":"#0","tintindex":0}}}],"display":{"head":{"translation":[0.0,-6.4,0.0],"scale":[4.0,4.0,4.0]}}}