{"textures":{"0":"modelengine:entity/baby_brachio"},"elements":[{"from":[6.292232,6.3043237,4.7250915],"to":[9.708776,7.986211,8.568708],"rotation":{"angle":-22.5,"axis":"x","origin":[8.000502,7.145264,6.6469]},"faces":{"east":{"uv":[6.125,3.1875,6.5,3.375],"rotation":0,"texture":"#0","tintindex":0},"south":{"uv":[9.0,5.625,9.3125,5.8125],"rotation":0,"texture":"#0","tintindex":0},"north":{"uv":[8.9375,6.3125,9.25,6.5],"rotation":0,"texture":"#0","tintindex":0},"west":{"uv":[7.3125,1.6875,7.6875,1.875],"rotation":0,"texture":"#0","tintindex":0},"up":{"uv":[8.625,9.125,8.3125,8.75],"rotation":0,"texture":"#0","tintindex":0},"down":{"uv":[8.9375,8.75,8.625,9.125],"rotation":0,"texture":"#0","tintindex":0}}},{"from":[6.579097,7.5889606,4.6280227],"to":[6.579097,9.792424,7.950057],"rotation":{"angle":-22.5,"axis":"x","origin":[6.4226227,8.690696,6.2890434]},"faces":{"east":{"uv":[1.0,9.0625,1.3125,9.25],"rotation":0,"texture":"#0","tintindex":0},"south":{"uv":[0.0,0.0,0.0,0.1875],"rotation":0,"texture":"#0","tintindex":0},"north":{"uv":[0.0,0.0,0.0,0.1875],"rotation":0,"texture":"#0","tintindex":0},"west":{"uv":[9.0625,4.125,9.375,4.3125],"rotation":0,"texture":"#0","tintindex":0},"up":{"uv":[0.0,0.3125,0.0,0.0],"rotation":0,"texture":"#0","tintindex":0},"down":{"uv":[0.0,0.0,0.0,0.3125],"rotation":0,"texture":"#0","tintindex":0}}},{"from":[9.333852,7.5889606,4.6280227],"to":[9.333852,9.792424,7.950057],"rotation":{"angle":-22.5,"axis":"x","origin":[7.6343255,8.690696,6.2890434]},"faces":{"east":{"uv":[9.375,4.125,9.0625,4.3125],"rotation":0,"texture":"#0","tintindex":0},"south":{"uv":[0.0,0.0,0.0,0.1875],"rotation":0,"texture":"#0","tintindex":0},"north":{"uv":[0.0,0.0,0.0,0.1875],"rotation":0,"texture":"#0","tintindex":0},"west":{"uv":[1.3125,9.0625,1.0,9.25],"rotation":0,"texture":"#0","tintindex":0},"up":{"uv":[0.0,0.3125,0.0,0.0],"rotation":0,"texture":"#0","tintindex":0},"down":{"uv":[0.0,0.0,0.0,0.3125],"rotation":0,"texture":"#0","tintindex":0}}},{"from":[7.126756,5.858645,1.0491371],"to":[7.126756,7.01895,4.8927546],"rotation":{"angle":-22.5,"axis":"x","origin":[7.126756,6.751739,2.9709458]},"faces":{"east":{"uv":[9.0625,7.9375,9.4375,8.0625],"rotation":0,"texture":"#0","tintindex":0},"south":{"uv":[0.0,0.0,0.0,0.125],"rotation":0,"texture":"#0","tintindex":0},"north":{"uv":[0.0,0.0,0.0,0.125],"rotation":0,"texture":"#0","tintindex":0},"west":{"uv":[9.0625,8.0625,9.4375,8.1875],"rotation":0,"texture":"#0","tintindex":0},"up":{"uv":[0.0,0.375,0.0,0.0],"rotation":0,"texture":"#0","tintindex":0},"down":{"uv":[0.0,0.0,0.0,0.375],"rotation":0,"texture":"#0","tintindex":0}}},{"from":[8.918764,5.858645,1.0491371],"to":[8.918764,7.01895,4.8927546],"rotation":{"angle":-22.5,"axis":"x","origin":[6.9301925,6.751739,2.9709458]},"faces":{"east":{"uv":[9.4375,8.0625,9.0625,8.1875],"rotation":0,"texture":"#0","tintindex":0},"south":{"uv":[0.0,0.0,0.0,0.125],"rotation":0,"texture":"#0","tintindex":0},"north":{"uv":[0.0,0.0,0.0,0.125],"rotation":0,"texture":"#0","tintindex":0},"west":{"uv":[9.4375,7.9375,9.0625,8.0625],"rotation":0,"texture":"#0","tintindex":0},"up":{"uv":[0.0,0.375,0.0,0.0],"rotation":0,"texture":"#0","tintindex":0},"down":{"uv":[0.0,0.0,0.0,0.375],"rotation":0,"texture":"#0","tintindex":0}}},{"from":[7.1608667,5.251832,1.1874628],"to":[8.918167,6.412131,1.1874628],"rotation":{"angle":0.0,"axis":"y","origin":[8.039517,5.988452,1.1874628]},"faces":{"east":{"uv":[0.0,0.0,0.0,0.125],"rotation":0,"texture":"#0","tintindex":0},"south":{"uv":[5.375,8.625,5.5625,8.75],"rotation":0,"texture":"#0","tintindex":0},"north":{"uv":[8.5,7.0,8.6875,7.125],"rotation":0,"texture":"#0","tintindex":0},"west":{"uv":[0.0,0.0,0.0,0.125],"rotation":0,"texture":"#0","tintindex":0},"up":{"uv":[0.1875,0.0,0.0,0.0],"rotation":0,"texture":"#0","tintindex":0},"down":{"uv":[0.1875,0.0,0.0,0.0],"rotation":0,"texture":"#0","tintindex":0}}},{"from":[6.719298,5.2726927,2.3575115],"to":[9.281712,6.74104,5.133458],"rotation":{"angle":-22.5,"axis":"x","origin":[8.000502,6.0068665,3.7454815]},"faces":{"east":{"uv":[8.75,9.125,9.0,9.25],"rotation":0,"texture":"#0","tintindex":0},"south":{"uv":[9.0,9.125,9.25,9.25],"rotation":0,"texture":"#0","tintindex":0},"north":{"uv":[8.5,9.125,8.75,9.25],"rotation":0,"texture":"#0","tintindex":0},"west":{"uv":[9.1875,0.875,9.4375,1.0],"rotation":0,"texture":"#0","tintindex":0},"up":{"uv":[4.875,9.25,4.625,9.0],"rotation":0,"texture":"#0","tintindex":0},"down":{"uv":[9.25,5.375,9.0,5.625],"rotation":0,"texture":"#0","tintindex":0}}},{"from":[6.9328303,5.1126127,1.1081519],"to":[9.0681715,5.9403553,2.3893552],"rotation":{"angle":-22.5,"axis":"x","origin":[8.000502,5.5264874,1.7487502]},"faces":{"east":{"uv":[2.625,4.5,2.75,4.5625],"rotation":0,"texture":"#0","tintindex":0},"south":{"uv":[7.0625,6.5625,7.25,6.625],"rotation":0,"texture":"#0","tintindex":0},"north":{"uv":[3.5,5.375,3.6875,5.4375],"rotation":0,"texture":"#0","tintindex":0},"west":{"uv":[4.625,4.4375,4.75,4.5],"rotation":0,"texture":"#0","tintindex":0},"up":{"uv":[7.5,9.125,7.3125,9.0],"rotation":0,"texture":"#0","tintindex":0},"down":{"uv":[1.5,9.0625,1.3125,9.1875],"rotation":0,"texture":"#0","tintindex":0}}},{"from":[7.14637,4.930519,1.4595656],"to":[8.854639,5.7582684,2.9543085],"rotation":{"angle":0.0,"axis":"y","origin":[8.000502,5.3443937,2.2069368]},"faces":{"east":{"uv":[0.6875,6.6875,0.8125,6.75],"rotation":0,"texture":"#0","tintindex":0},"south":{"uv":[7.625,5.0625,7.8125,5.125],"rotation":0,"texture":"#0","tintindex":0},"north":{"uv":[7.3125,5.875,7.5,5.9375],"rotation":0,"texture":"#0","tintindex":0},"west":{"uv":[4.6875,7.375,4.8125,7.4375],"rotation":0,"texture":"#0","tintindex":0},"up":{"uv":[6.0,9.25,5.8125,9.125],"rotation":0,"texture":"#0","tintindex":0},"down":{"uv":[7.5,9.125,7.3125,9.25],"rotation":0,"texture":"#0","tintindex":0}}}],"display":{"head":{"translation":[0.0,-6.4,0.0],"scale":[4.0,4.0,4.0]}}}