{"textures":{"0":"modelengine:entity/baby_brachio"},"elements":[{"from":[6.0106287,4.642188,1.4857655],"to":[9.950743,9.045846,6.8165083],"rotation":{"angle":45.0,"axis":"x","origin":[7.725737,5.8763714,9.597766]},"faces":{"east":{"uv":[7.75,7.1875,8.3125,7.6875],"rotation":0,"texture":"#0","tintindex":0},"south":{"uv":[5.5625,8.25,6.0,8.75],"rotation":0,"texture":"#0","tintindex":0},"north":{"uv":[8.25,2.625,8.6875,3.125],"rotation":0,"texture":"#0","tintindex":0},"west":{"uv":[7.75,7.6875,8.3125,8.1875],"rotation":0,"texture":"#0","tintindex":0},"up":{"uv":[3.0625,8.5625,2.625,8.0],"rotation":0,"texture":"#0","tintindex":0},"down":{"uv":[8.5,3.6875,8.0625,4.25],"rotation":0,"texture":"#0","tintindex":0}}},{"from":[7.1694856,7.375937,1.7614284],"to":[8.791885,8.766565,7.092171],"rotation":{"angle":45.0,"axis":"x","origin":[7.9806857,8.1396,4.9941254]},"faces":{"east":{"uv":[5.75,4.0625,6.3125,4.1875],"rotation":0,"texture":"#0","tintindex":0},"south":{"uv":[7.5,1.0625,7.6875,1.1875],"rotation":0,"texture":"#0","tintindex":0},"north":{"uv":[5.9375,2.4375,6.125,2.5625],"rotation":0,"texture":"#0","tintindex":0},"west":{"uv":[8.875,0.75,9.4375,0.875],"rotation":0,"texture":"#0","tintindex":0},"up":{"uv":[5.9375,1.625,5.75,1.0625],"rotation":0,"texture":"#0","tintindex":0},"down":{"uv":[0.75,8.875,0.5625,9.4375],"rotation":0,"texture":"#0","tintindex":0}}},{"from":[7.401257,3.784634,-3.3582573],"to":[8.560114,5.1752625,1.9724855],"rotation":{"angle":45.0,"axis":"x","origin":[7.725737,5.8763714,9.597766]},"faces":{"east":{"uv":[8.875,5.25,9.4375,5.375],"rotation":0,"texture":"#0","tintindex":0},"south":{"uv":[7.625,8.0625,7.75,8.1875],"rotation":0,"texture":"#0","tintindex":0},"north":{"uv":[3.375,6.8125,3.5,6.9375],"rotation":0,"texture":"#0","tintindex":0},"west":{"uv":[8.9375,0.1875,9.5,0.3125],"rotation":0,"texture":"#0","tintindex":0},"up":{"uv":[2.75,4.5,2.625,3.9375],"rotation":0,"texture":"#0","tintindex":0},"down":{"uv":[1.625,8.625,1.5,9.1875],"rotation":0,"texture":"#0","tintindex":0}}},{"from":[6.1265144,4.8739595,-3.3814344],"to":[9.834857,8.8140745,1.9493084],"rotation":{"angle":45.0,"axis":"x","origin":[7.725737,5.8763714,9.597766]},"faces":{"east":{"uv":[3.8125,8.0625,4.375,8.5],"rotation":0,"texture":"#0","tintindex":0},"south":{"uv":[0.75,8.625,1.125,9.0625],"rotation":0,"texture":"#0","tintindex":0},"north":{"uv":[7.125,8.5625,7.5,9.0],"rotation":0,"texture":"#0","tintindex":0},"west":{"uv":[8.0625,5.4375,8.625,5.875],"rotation":0,"texture":"#0","tintindex":0},"up":{"uv":[6.375,8.8125,6.0,8.25],"rotation":0,"texture":"#0","tintindex":0},"down":{"uv":[0.75,8.3125,0.375,8.875],"rotation":0,"texture":"#0","tintindex":0}}},{"from":[6.532114,14.233297,-2.7959156],"to":[9.545143,18.405184,2.5348287],"rotation":{"angle":22.5,"axis":"x","origin":[8.038629,17.431744,-1.0576286]},"faces":{"east":{"uv":[8.125,4.25,8.6875,4.6875],"rotation":0,"texture":"#0","tintindex":0},"south":{"uv":[8.0,8.6875,8.3125,9.125],"rotation":0,"texture":"#0","tintindex":0},"north":{"uv":[7.3125,5.4375,7.625,5.875],"rotation":0,"texture":"#0","tintindex":0},"west":{"uv":[4.375,8.125,4.9375,8.5625],"rotation":0,"texture":"#0","tintindex":0},"up":{"uv":[0.3125,9.125,0.0,8.5625],"rotation":0,"texture":"#0","tintindex":0},"down":{"uv":[8.875,0.3125,8.5625,0.875],"rotation":0,"texture":"#0","tintindex":0}}},{"from":[6.7638855,14.271589,-4.6646357],"to":[9.313372,18.443474,-1.1880627],"rotation":{"angle":-22.5,"axis":"x","origin":[8.038629,16.357533,-2.9263496]},"faces":{"east":{"uv":[1.125,8.625,1.5,9.0625],"rotation":0,"texture":"#0","tintindex":0},"south":{"uv":[8.875,0.3125,9.125,0.75],"rotation":0,"texture":"#0","tintindex":0},"north":{"uv":[0.3125,8.875,0.5625,9.3125],"rotation":0,"texture":"#0","tintindex":0},"west":{"uv":[8.625,5.375,9.0,5.8125],"rotation":0,"texture":"#0","tintindex":0},"up":{"uv":[2.625,9.3125,2.375,8.9375],"rotation":0,"texture":"#0","tintindex":0},"down":{"uv":[9.1875,2.375,8.9375,2.75],"rotation":0,"texture":"#0","tintindex":0}}}],"display":{"head":{"translation":[0.0,-6.4,0.0],"scale":[4.0,4.0,4.0]}}}