{"textures":{"0":"modelengine:entity/baby_brachio"},"elements":[{"from":[5.650417,7.0798173,4.097497],"to":[10.285846,12.178789,9.42824],"rotation":{"angle":45.0,"axis":"x","origin":[7.713183,8.702217,7.5740685]},"faces":{"east":{"uv":[1.0,3.375,1.5625,3.9375],"rotation":0,"texture":"#0","tintindex":0},"south":{"uv":[7.6875,0.0,8.1875,0.5625],"rotation":0,"texture":"#0","tintindex":0},"north":{"uv":[7.625,4.5,8.125,5.0625],"rotation":0,"texture":"#0","tintindex":0},"west":{"uv":[5.1875,1.0625,5.75,1.625],"rotation":0,"texture":"#0","tintindex":0},"up":{"uv":[8.1875,1.125,7.6875,0.5625],"rotation":0,"texture":"#0","tintindex":0},"down":{"uv":[8.25,1.6875,7.75,2.25],"rotation":0,"texture":"#0","tintindex":0}}},{"from":[6.809274,5.84788,4.618983],"to":[9.126988,11.642166,8.790869],"rotation":{"angle":45.0,"axis":"x","origin":[7.713183,8.702217,7.5740685]},"faces":{"east":{"uv":[3.375,7.8125,3.8125,8.4375],"rotation":0,"texture":"#0","tintindex":0},"south":{"uv":[8.6875,1.5,8.9375,2.125],"rotation":0,"texture":"#0","tintindex":0},"north":{"uv":[0.4375,7.0,0.6875,7.625],"rotation":0,"texture":"#0","tintindex":0},"west":{"uv":[7.8125,6.125,8.25,6.75],"rotation":0,"texture":"#0","tintindex":0},"up":{"uv":[7.75,9.25,7.5,8.8125],"rotation":0,"texture":"#0","tintindex":0},"down":{"uv":[8.0,8.8125,7.75,9.25],"rotation":0,"texture":"#0","tintindex":0}}}],"display":{"head":{"translation":[0.0,-6.4,0.0],"scale":[4.0,4.0,4.0]}}}