{"textures":{"0":"modelengine:entity/baby_brachio"},"elements":[{"from":[4.8073483,10.004143,3.9472055],"to":[11.065177,16.493744,10.205034],"rotation":{"angle":45.0,"axis":"x","origin":[7.87832,11.8583145,4.178977]},"faces":{"east":{"uv":[0.0,6.3125,0.6875,7.0],"rotation":0,"texture":"#0","tintindex":0},"south":{"uv":[1.5,6.375,2.1875,7.0625],"rotation":0,"texture":"#0","tintindex":0},"north":{"uv":[3.5,6.25,4.1875,6.9375],"rotation":0,"texture":"#0","tintindex":0},"west":{"uv":[2.1875,6.375,2.875,7.0625],"rotation":0,"texture":"#0","tintindex":0},"up":{"uv":[7.0625,4.75,6.375,4.0625],"rotation":0,"texture":"#0","tintindex":0},"down":{"uv":[7.0625,5.9375,6.375,6.625],"rotation":0,"texture":"#0","tintindex":0}}},{"from":[6.441337,8.117034,4.3296285],"to":[9.686137,10.202977,10.587458],"rotation":{"angle":45.0,"axis":"x","origin":[7.831966,11.8583145,4.178977]},"faces":{"east":{"uv":[8.5625,3.125,9.25,3.375],"rotation":0,"texture":"#0","tintindex":0},"south":{"uv":[2.0,8.9375,2.375,9.1875],"rotation":0,"texture":"#0","tintindex":0},"north":{"uv":[8.9375,1.6875,9.3125,1.9375],"rotation":0,"texture":"#0","tintindex":0},"west":{"uv":[8.5625,3.375,9.25,3.625],"rotation":0,"texture":"#0","tintindex":0},"up":{"uv":[1.25,8.625,0.875,7.9375],"rotation":0,"texture":"#0","tintindex":0},"down":{"uv":[1.625,7.9375,1.25,8.625],"rotation":0,"texture":"#0","tintindex":0}}},{"from":[5.3404226,14.523685,0.23886251],"to":[10.671165,20.317972,6.960234],"rotation":{"angle":45.0,"axis":"x","origin":[7.71608,16.377857,0.0070910454]},"faces":{"east":{"uv":[1.875,3.9375,2.625,4.5625],"rotation":0,"texture":"#0","tintindex":0},"south":{"uv":[7.0625,5.9375,7.625,6.5625],"rotation":0,"texture":"#0","tintindex":0},"north":{"uv":[7.0625,3.8125,7.625,4.4375],"rotation":0,"texture":"#0","tintindex":0},"west":{"uv":[6.5,3.1875,7.25,3.8125],"rotation":0,"texture":"#0","tintindex":0},"up":{"uv":[5.375,7.4375,4.8125,6.6875],"rotation":0,"texture":"#0","tintindex":0},"down":{"uv":[5.9375,6.6875,5.375,7.4375],"rotation":0,"texture":"#0","tintindex":0}}},{"from":[6.6731086,13.100121,0.9457655],"to":[9.454366,14.722521,7.4353657],"rotation":{"angle":45.0,"axis":"x","origin":[7.831966,16.377857,0.0070910454]},"faces":{"east":{"uv":[2.875,1.0625,3.5625,1.25],"rotation":0,"texture":"#0","tintindex":0},"south":{"uv":[8.25,3.125,8.5625,3.3125],"rotation":0,"texture":"#0","tintindex":0},"north":{"uv":[2.5625,6.1875,2.875,6.375],"rotation":0,"texture":"#0","tintindex":0},"west":{"uv":[8.6875,2.9375,9.375,3.125],"rotation":0,"texture":"#0","tintindex":0},"up":{"uv":[2.875,6.1875,2.5625,5.5],"rotation":0,"texture":"#0","tintindex":0},"down":{"uv":[3.375,8.0,3.0625,8.6875],"rotation":0,"texture":"#0","tintindex":0}}}],"display":{"head":{"translation":[0.0,-6.4,0.0],"scale":[4.0,4.0,4.0]}}}