{"textures":{"0":"modelengine:entity/baby_brachio"},"elements":[{"from":[5.914057,4.4852343,4.5790224],"to":[10.085943,12.597235,10.836851],"rotation":{"angle":-22.5,"axis":"x","origin":[7.8841143,9.004777,9.214452]},"faces":{"east":{"uv":[6.375,4.1875,5.6875,5.0625],"rotation":0,"texture":"#0","tintindex":0},"south":{"uv":[1.125,6.75,0.6875,7.625],"rotation":0,"texture":"#0","tintindex":0},"north":{"uv":[6.375,6.6875,5.9375,7.5625],"rotation":0,"texture":"#0","tintindex":0},"west":{"uv":[2.5625,5.5,1.875,6.375],"rotation":0,"texture":"#0","tintindex":0},"up":{"uv":[2.9375,8.0,3.375,7.3125],"rotation":0,"texture":"#0","tintindex":0},"down":{"uv":[7.3125,7.1875,7.75,7.875],"rotation":0,"texture":"#0","tintindex":0}}}],"display":{"head":{"translation":[0.0,-6.4,0.0],"scale":[4.0,4.0,4.0]}}}