{"textures":{"0":"modelengine:entity/baby_brachio"},"elements":[{"from":[6.1458282,2.0139422,6.029943],"to":[9.854172,8.271771,9.9700575],"rotation":{"angle":0.0,"axis":"y","origin":[8.0,5.142857,8.0]},"faces":{"east":{"uv":[8.0625,5.4375,7.625,6.125],"rotation":0,"texture":"#0","tintindex":0},"south":{"uv":[7.625,7.875,7.25,8.5625],"rotation":0,"texture":"#0","tintindex":0},"north":{"uv":[8.25,2.25,7.875,2.9375],"rotation":0,"texture":"#0","tintindex":0},"west":{"uv":[8.0625,3.8125,7.625,4.5],"rotation":0,"texture":"#0","tintindex":0},"up":{"uv":[4.1875,9.0,4.5625,8.5625],"rotation":0,"texture":"#0","tintindex":0},"down":{"uv":[4.5625,8.5625,4.9375,9.0],"rotation":0,"texture":"#0","tintindex":0}}},{"from":[6.029943,0.24089146,5.7402287],"to":[9.9700575,2.0950627,10.143886],"rotation":{"angle":0.0,"axis":"y","origin":[8.0,1.1679769,7.942057]},"faces":{"east":{"uv":[9.4375,1.5,8.9375,1.6875],"rotation":0,"texture":"#0","tintindex":0},"south":{"uv":[7.25,3.0,6.8125,3.1875],"rotation":0,"texture":"#0","tintindex":0},"north":{"uv":[4.0,1.0625,3.5625,1.25],"rotation":0,"texture":"#0","tintindex":0},"west":{"uv":[9.4375,0.0,8.9375,0.1875],"rotation":0,"texture":"#0","tintindex":0},"up":{"uv":[8.25,2.125,8.6875,1.625],"rotation":0,"texture":"#0","tintindex":0},"down":{"uv":[8.25,2.125,8.6875,2.625],"rotation":0,"texture":"#0","tintindex":0}}}],"display":{"head":{"translation":[0.0,-6.4,0.0],"scale":[4.0,4.0,4.0]}}}