{"textures":{"0":"modelengine:entity/baby_brachio"},"elements":[{"from":[6.1458282,2.0139422,6.029943],"to":[9.854172,8.271771,9.9700575],"rotation":{"angle":0.0,"axis":"y","origin":[8.0,4.7952,6.771611]},"faces":{"east":{"uv":[4.6875,7.375,4.25,8.0625],"rotation":0,"texture":"#0","tintindex":0},"south":{"uv":[0.375,7.875,0.0,8.5625],"rotation":0,"texture":"#0","tintindex":0},"north":{"uv":[6.375,7.5625,6.0,8.25],"rotation":0,"texture":"#0","tintindex":0},"west":{"uv":[4.25,7.375,3.8125,8.0625],"rotation":0,"texture":"#0","tintindex":0},"up":{"uv":[3.8125,7.375,4.1875,6.9375],"rotation":0,"texture":"#0","tintindex":0},"down":{"uv":[2.625,8.5625,3.0,9.0],"rotation":0,"texture":"#0","tintindex":0}}},{"from":[6.029943,0.24089146,5.7402287],"to":[9.9700575,2.3268342,10.143886],"rotation":{"angle":0.0,"axis":"y","origin":[8.0,1.1679769,7.942057]},"faces":{"east":{"uv":[9.25,4.5,8.75,4.75],"rotation":0,"texture":"#0","tintindex":0},"south":{"uv":[7.0625,8.8125,6.625,9.0625],"rotation":0,"texture":"#0","tintindex":0},"north":{"uv":[2.875,7.0625,2.4375,7.3125],"rotation":0,"texture":"#0","tintindex":0},"west":{"uv":[9.1875,7.375,8.6875,7.625],"rotation":0,"texture":"#0","tintindex":0},"up":{"uv":[4.3125,5.9375,4.75,5.4375],"rotation":0,"texture":"#0","tintindex":0},"down":{"uv":[8.0,8.1875,8.4375,8.6875],"rotation":0,"texture":"#0","tintindex":0}}}],"display":{"head":{"translation":[0.0,-6.4,0.0],"scale":[4.0,4.0,4.0]}}}