{"textures":{"0":"modelengine:entity/baby_brachio"},"elements":[{"from":[6.8411427,7.3064227,12.914618],"to":[9.158857,10.08768,22.185474],"rotation":{"angle":0.0,"axis":"y","origin":[8.0,6.147566,14.768789]},"faces":{"east":{"uv":[7.125,5.125,8.125,5.4375],"rotation":0,"texture":"#0","tintindex":0},"south":{"uv":[8.9375,7.625,9.1875,7.9375],"rotation":0,"texture":"#0","tintindex":0},"north":{"uv":[0.875,7.625,1.125,7.9375],"rotation":0,"texture":"#0","tintindex":0},"west":{"uv":[7.25,3.0,8.25,3.3125],"rotation":0,"texture":"#0","tintindex":0},"up":{"uv":[2.375,8.9375,2.125,7.9375],"rotation":0,"texture":"#0","tintindex":0},"down":{"uv":[2.625,7.9375,2.375,8.9375],"rotation":0,"texture":"#0","tintindex":0}}},{"from":[7.3046856,5.706754,12.698909],"to":[8.695314,7.5609255,17.79788],"rotation":{"angle":0.0,"axis":"y","origin":[8.0,6.147566,14.768789]},"faces":{"east":{"uv":[8.875,5.0625,9.4375,5.25],"rotation":0,"texture":"#0","tintindex":0},"south":{"uv":[8.3125,8.0,8.4375,8.1875],"rotation":0,"texture":"#0","tintindex":0},"north":{"uv":[0.75,8.3125,0.875,8.5],"rotation":0,"texture":"#0","tintindex":0},"west":{"uv":[8.875,6.5,9.4375,6.6875],"rotation":0,"texture":"#0","tintindex":0},"up":{"uv":[3.375,9.25,3.25,8.6875],"rotation":0,"texture":"#0","tintindex":0},"down":{"uv":[1.75,9.0,1.625,9.5625],"rotation":0,"texture":"#0","tintindex":0}}},{"from":[6.3775997,6.19392,7.6070514],"to":[9.6224,10.597577,13.401338],"rotation":{"angle":0.0,"axis":"y","origin":[8.0,8.163977,4.2463655]},"faces":{"east":{"uv":[7.25,3.3125,7.875,3.8125],"rotation":0,"texture":"#0","tintindex":0},"south":{"uv":[8.5,6.5,8.875,7.0],"rotation":0,"texture":"#0","tintindex":0},"north":{"uv":[1.5,5.875,1.875,6.375],"rotation":0,"texture":"#0","tintindex":0},"west":{"uv":[7.3125,1.1875,7.9375,1.6875],"rotation":0,"texture":"#0","tintindex":0},"up":{"uv":[8.5625,0.9375,8.1875,0.3125],"rotation":0,"texture":"#0","tintindex":0},"down":{"uv":[6.75,8.1875,6.375,8.8125],"rotation":0,"texture":"#0","tintindex":0}}},{"from":[6.8411427,4.872377,7.7158227],"to":[9.158857,7.190091,12.814795],"rotation":{"angle":0.0,"axis":"y","origin":[8.0,4.1775084,4.1073027]},"faces":{"east":{"uv":[6.5,3.8125,7.0625,4.0625],"rotation":0,"texture":"#0","tintindex":0},"south":{"uv":[0.75,9.0625,1.0,9.3125],"rotation":0,"texture":"#0","tintindex":0},"north":{"uv":[7.0625,9.0,7.3125,9.25],"rotation":0,"texture":"#0","tintindex":0},"west":{"uv":[8.6875,2.125,9.25,2.375],"rotation":0,"texture":"#0","tintindex":0},"up":{"uv":[8.9375,2.9375,8.6875,2.375],"rotation":0,"texture":"#0","tintindex":0},"down":{"uv":[3.25,8.6875,3.0,9.25],"rotation":0,"texture":"#0","tintindex":0}}}],"display":{"head":{"translation":[0.0,-6.4,0.0],"scale":[4.0,4.0,4.0]}}}