{"textures":{"0":"modelengine:entity/baby_brachio"},"elements":[{"from":[4.7552,5.227,8.080686],"to":[11.244801,11.7166,14.802057],"rotation":{"angle":0.0,"axis":"y","origin":[8.0,8.587686,11.441372]},"faces":{"east":{"uv":[5.75,3.375,6.5,4.0625],"rotation":0,"texture":"#0","tintindex":0},"south":{"uv":[6.5,0.0,7.1875,0.6875],"rotation":0,"texture":"#0","tintindex":0},"north":{"uv":[6.4375,4.75,7.125,5.4375],"rotation":0,"texture":"#0","tintindex":0},"west":{"uv":[5.9375,1.75,6.6875,2.4375],"rotation":0,"texture":"#0","tintindex":0},"up":{"uv":[5.0,6.6875,4.3125,5.9375],"rotation":0,"texture":"#0","tintindex":0},"down":{"uv":[5.6875,5.9375,5.0,6.6875],"rotation":0,"texture":"#0","tintindex":0}}},{"from":[4.9869714,3.0947027,7.9416227],"to":[11.013029,6.1077313,14.662994],"rotation":{"angle":0.0,"axis":"y","origin":[8.0,4.6012173,11.302309]},"faces":{"east":{"uv":[8.125,5.0625,8.875,5.375],"rotation":0,"texture":"#0","tintindex":0},"south":{"uv":[8.25,6.1875,8.9375,6.5],"rotation":0,"texture":"#0","tintindex":0},"north":{"uv":[8.25,5.875,8.9375,6.1875],"rotation":0,"texture":"#0","tintindex":0},"west":{"uv":[8.1875,0.0,8.9375,0.3125],"rotation":0,"texture":"#0","tintindex":0},"up":{"uv":[6.375,6.6875,5.6875,5.9375],"rotation":0,"texture":"#0","tintindex":0},"down":{"uv":[6.8125,2.4375,6.125,3.1875],"rotation":0,"texture":"#0","tintindex":0}}},{"from":[6.1458282,3.627777,13.040594],"to":[9.854172,6.6408057,18.83488],"rotation":{"angle":0.0,"axis":"y","origin":[8.0,4.6012173,9.679909]},"faces":{"east":{"uv":[8.3125,7.6875,8.9375,8.0],"rotation":0,"texture":"#0","tintindex":0},"south":{"uv":[8.8125,1.1875,9.1875,1.5],"rotation":0,"texture":"#0","tintindex":0},"north":{"uv":[8.8125,0.875,9.1875,1.1875],"rotation":0,"texture":"#0","tintindex":0},"west":{"uv":[8.4375,8.0,9.0625,8.3125],"rotation":0,"texture":"#0","tintindex":0},"up":{"uv":[7.125,8.8125,6.75,8.1875],"rotation":0,"texture":"#0","tintindex":0},"down":{"uv":[8.0,8.1875,7.625,8.8125],"rotation":0,"texture":"#0","tintindex":0}}},{"from":[5.6822853,5.227,13.179657],"to":[10.317715,11.484829,18.973942],"rotation":{"angle":0.0,"axis":"y","origin":[8.0,8.587686,9.818972]},"faces":{"east":{"uv":[6.6875,1.1875,7.3125,1.875],"rotation":0,"texture":"#0","tintindex":0},"south":{"uv":[7.1875,0.0,7.6875,0.6875],"rotation":0,"texture":"#0","tintindex":0},"north":{"uv":[7.125,4.4375,7.625,5.125],"rotation":0,"texture":"#0","tintindex":0},"west":{"uv":[4.1875,6.6875,4.8125,7.375],"rotation":0,"texture":"#0","tintindex":0},"up":{"uv":[2.9375,7.9375,2.4375,7.3125],"rotation":0,"texture":"#0","tintindex":0},"down":{"uv":[7.8125,6.5625,7.3125,7.1875],"rotation":0,"texture":"#0","tintindex":0}}},{"from":[6.609371,4.6471257,18.271515],"to":[9.390629,6.7330685,21.979858],"rotation":{"angle":0.0,"axis":"y","origin":[8.0,6.5712743,20.341396]},"faces":{"east":{"uv":[8.9375,3.875,9.3125,4.125],"rotation":0,"texture":"#0","tintindex":0},"south":{"uv":[8.9375,8.875,9.25,9.125],"rotation":0,"texture":"#0","tintindex":0},"north":{"uv":[8.9375,8.625,9.25,8.875],"rotation":0,"texture":"#0","tintindex":0},"west":{"uv":[4.9375,8.9375,5.3125,9.1875],"rotation":0,"texture":"#0","tintindex":0},"up":{"uv":[6.3125,9.1875,6.0,8.8125],"rotation":0,"texture":"#0","tintindex":0},"down":{"uv":[6.625,8.8125,6.3125,9.1875],"rotation":0,"texture":"#0","tintindex":0}}},{"from":[6.1458282,6.223617,18.487225],"to":[9.854172,11.090817,22.195566],"rotation":{"angle":0.0,"axis":"y","origin":[8.0,6.5712743,20.341396]},"faces":{"east":{"uv":[8.4375,0.9375,8.8125,1.5],"rotation":0,"texture":"#0","tintindex":0},"south":{"uv":[1.625,8.4375,2.0,9.0],"rotation":0,"texture":"#0","tintindex":0},"north":{"uv":[8.3125,7.125,8.6875,7.6875],"rotation":0,"texture":"#0","tintindex":0},"west":{"uv":[3.375,8.4375,3.75,9.0],"rotation":0,"texture":"#0","tintindex":0},"up":{"uv":[9.0625,4.5,8.6875,4.125],"rotation":0,"texture":"#0","tintindex":0},"down":{"uv":[9.0625,7.0,8.6875,7.375],"rotation":0,"texture":"#0","tintindex":0}}}],"display":{"head":{"translation":[0.0,-6.4,0.0],"scale":[4.0,4.0,4.0]}}}