{"textures":{"0":"modelengine:entity/baby_parasaur"},"elements":[{"from":[5.883336,5.2137938,1.8177748],"to":[10.116664,9.880478,6.761571],"rotation":{"angle":-22.5,"axis":"x","origin":[8.0,7.6945357,3.8474731]},"faces":{"east":{"uv":[3.625,2.625,4.75,3.625],"rotation":0,"texture":"#0","tintindex":0},"south":{"uv":[0.875,5.25,1.75,6.25],"rotation":0,"texture":"#0","tintindex":0},"north":{"uv":[2.0,5.125,2.875,6.125],"rotation":0,"texture":"#0","tintindex":0},"west":{"uv":[3.25,3.625,4.375,4.625],"rotation":0,"texture":"#0","tintindex":0},"up":{"uv":[0.875,6.125,0.0,5.0],"rotation":0,"texture":"#0","tintindex":0},"down":{"uv":[5.875,4.625,5.0,5.75],"rotation":0,"texture":"#0","tintindex":0}}},{"from":[6.854702,3.680244,2.2688189],"to":[9.145298,8.641728,5.877171],"rotation":{"angle":0.0,"axis":"y","origin":[8.0,7.73964,-0.43744564]},"faces":{"east":{"uv":[5.75,2.0,6.5,3.125],"rotation":0,"texture":"#0","tintindex":0},"south":{"uv":[7.5,0.5,8.0,1.625],"rotation":0,"texture":"#0","tintindex":0},"north":{"uv":[6.375,7.25,6.875,8.375],"rotation":0,"texture":"#0","tintindex":0},"west":{"uv":[5.0,5.75,5.75,6.875],"rotation":0,"texture":"#0","tintindex":0},"up":{"uv":[8.75,5.5,8.25,4.75],"rotation":0,"texture":"#0","tintindex":0},"down":{"uv":[5.75,8.25,5.25,9.0],"rotation":0,"texture":"#0","tintindex":0}}},{"from":[7.279953,6.318999,1.29421],"to":[8.945573,10.864815,5.786962],"rotation":{"angle":-22.5,"axis":"x","origin":[8.112763,10.243082,3.9827862]},"faces":{"east":{"uv":[4.75,2.125,5.75,3.125],"rotation":0,"texture":"#0","tintindex":0},"south":{"uv":[1.0,8.25,1.375,9.25],"rotation":0,"texture":"#0","tintindex":0},"north":{"uv":[2.0,4.125,2.375,5.125],"rotation":0,"texture":"#0","tintindex":0},"west":{"uv":[4.875,0.0,5.875,1.0],"rotation":0,"texture":"#0","tintindex":0},"up":{"uv":[4.375,9.25,4.0,8.25],"rotation":0,"texture":"#0","tintindex":0},"down":{"uv":[4.75,8.25,4.375,9.25],"rotation":0,"texture":"#0","tintindex":0}}},{"from":[7.054431,9.1138,5.2649508],"to":[9.171095,11.976308,11.128523],"rotation":{"angle":0.0,"axis":"y","origin":[8.112763,10.5450535,8.491537]},"faces":{"east":{"uv":[5.875,0.0,7.125,0.625],"rotation":0,"texture":"#0","tintindex":0},"south":{"uv":[7.875,8.625,8.375,9.25],"rotation":0,"texture":"#0","tintindex":0},"north":{"uv":[1.25,6.25,1.75,6.875],"rotation":0,"texture":"#0","tintindex":0},"west":{"uv":[0.0,6.25,1.25,6.875],"rotation":0,"texture":"#0","tintindex":0},"up":{"uv":[4.75,8.25,4.25,7.0],"rotation":0,"texture":"#0","tintindex":0},"down":{"uv":[4.0,7.125,3.5,8.375],"rotation":0,"texture":"#0","tintindex":0}}},{"from":[6.490624,3.898396,5.847691],"to":[9.509377,6.327548,11.555019],"rotation":{"angle":-22.5,"axis":"x","origin":[8.0,4.308168,8.042477]},"faces":{"east":{"uv":[2.25,7.0,3.5,7.5],"rotation":0,"texture":"#0","tintindex":0},"south":{"uv":[0.0,8.625,0.625,9.125],"rotation":0,"texture":"#0","tintindex":0},"north":{"uv":[4.75,3.125,5.375,3.625],"rotation":0,"texture":"#0","tintindex":0},"west":{"uv":[7.125,0.0,8.375,0.5],"rotation":0,"texture":"#0","tintindex":0},"up":{"uv":[4.25,7.125,3.625,5.875],"rotation":0,"texture":"#0","tintindex":0},"down":{"uv":[6.5,4.125,5.875,5.375],"rotation":0,"texture":"#0","tintindex":0}}},{"from":[5.432292,5.2102556,5.110691],"to":[10.567708,10.917584,11.425307],"rotation":{"angle":0.0,"axis":"y","origin":[8.0,7.91652,8.267999]},"faces":{"east":{"uv":[0.0,0.0,1.375,1.25],"rotation":0,"texture":"#0","tintindex":0},"south":{"uv":[2.5,2.375,3.625,3.625],"rotation":0,"texture":"#0","tintindex":0},"north":{"uv":[2.5,1.125,3.625,2.375],"rotation":0,"texture":"#0","tintindex":0},"west":{"uv":[0.0,1.25,1.375,2.5],"rotation":0,"texture":"#0","tintindex":0},"up":{"uv":[2.5,1.375,1.375,0.0],"rotation":0,"texture":"#0","tintindex":0},"down":{"uv":[2.5,1.375,1.375,2.75],"rotation":0,"texture":"#0","tintindex":0}}}],"display":{"head":{"translation":[0.0,-6.4,0.0],"scale":[4.0,4.0,4.0]}}}