{"textures":{"0":"modelengine:entity/baby_parasaur"},"elements":[{"from":[7.2262826,10.375858,5.4394455],"to":[8.785506,11.4002,10.587446],"rotation":{"angle":-22.5,"axis":"x","origin":[8.027439,10.161336,11.005705]},"faces":{"east":{"uv":[8.75,0.625,9.875,0.875],"rotation":0,"texture":"#0","tintindex":0},"south":{"uv":[6.875,9.75,7.25,10.0],"rotation":0,"texture":"#0","tintindex":0},"north":{"uv":[4.375,9.75,4.75,10.0],"rotation":0,"texture":"#0","tintindex":0},"west":{"uv":[8.75,4.125,9.875,4.375],"rotation":0,"texture":"#0","tintindex":0},"up":{"uv":[8.375,1.625,8.0,0.5],"rotation":0,"texture":"#0","tintindex":0},"down":{"uv":[8.375,2.125,8.0,3.25],"rotation":0,"texture":"#0","tintindex":0}}},{"from":[7.4739146,10.4253845,3.9536533],"to":[8.537874,11.202094,5.6348057],"rotation":{"angle":-22.5,"axis":"x","origin":[8.027439,10.161336,11.005705]},"faces":{"east":{"uv":[6.5,3.0,6.875,3.125],"rotation":0,"texture":"#0","tintindex":0},"south":{"uv":[6.125,8.25,6.375,8.375],"rotation":0,"texture":"#0","tintindex":0},"north":{"uv":[0.625,6.125,0.875,6.25],"rotation":0,"texture":"#0","tintindex":0},"west":{"uv":[2.25,6.875,2.625,7.0],"rotation":0,"texture":"#0","tintindex":0},"up":{"uv":[7.5,10.125,7.25,9.75],"rotation":0,"texture":"#0","tintindex":0},"down":{"uv":[8.125,9.75,7.875,10.125],"rotation":0,"texture":"#0","tintindex":0}}},{"from":[7.3500986,7.437098,3.8382325],"to":[8.66169,8.46144,5.024125],"rotation":{"angle":22.5,"axis":"x","origin":[8.005897,7.996439,4.3073606]},"faces":{"east":{"uv":[3.625,10.0,3.875,10.25],"rotation":0,"texture":"#0","tintindex":0},"south":{"uv":[4.375,10.0,4.625,10.25],"rotation":0,"texture":"#0","tintindex":0},"north":{"uv":[10.0,3.5,10.25,3.75],"rotation":0,"texture":"#0","tintindex":0},"west":{"uv":[4.625,10.0,4.875,10.25],"rotation":0,"texture":"#0","tintindex":0},"up":{"uv":[10.25,5.0,10.0,4.75],"rotation":0,"texture":"#0","tintindex":0},"down":{"uv":[5.125,10.0,4.875,10.25],"rotation":0,"texture":"#0","tintindex":0}}},{"from":[7.382289,7.4077806,4.748804],"to":[8.629499,8.432127,5.7935443],"rotation":{"angle":0.0,"axis":"y","origin":[8.005897,7.9310946,4.8907833]},"faces":{"east":{"uv":[5.75,10.0,6.0,10.25],"rotation":0,"texture":"#0","tintindex":0},"south":{"uv":[6.0,10.0,6.25,10.25],"rotation":0,"texture":"#0","tintindex":0},"north":{"uv":[5.25,10.0,5.5,10.25],"rotation":0,"texture":"#0","tintindex":0},"west":{"uv":[6.25,10.0,6.5,10.25],"rotation":0,"texture":"#0","tintindex":0},"up":{"uv":[6.75,10.25,6.5,10.0],"rotation":0,"texture":"#0","tintindex":0},"down":{"uv":[7.125,10.0,6.875,10.25],"rotation":0,"texture":"#0","tintindex":0}}},{"from":[7.533345,8.284397,7.488697],"to":[8.446249,9.878882,8.815152],"rotation":{"angle":22.5,"axis":"x","origin":[8.113618,8.608778,8.399559]},"faces":{"east":{"uv":[8.875,9.75,9.125,10.125],"rotation":0,"texture":"#0","tintindex":0},"south":{"uv":[9.75,9.0,10.0,9.375],"rotation":0,"texture":"#0","tintindex":0},"north":{"uv":[9.75,8.625,10.0,9.0],"rotation":0,"texture":"#0","tintindex":0},"west":{"uv":[9.875,0.25,10.125,0.625],"rotation":0,"texture":"#0","tintindex":0},"up":{"uv":[7.75,10.25,7.5,10.0],"rotation":0,"texture":"#0","tintindex":0},"down":{"uv":[10.25,8.625,10.0,8.875],"rotation":0,"texture":"#0","tintindex":0}}},{"from":[7.038081,7.394906,6.227798],"to":[8.941513,8.989391,8.297149],"rotation":{"angle":0.0,"axis":"y","origin":[8.113618,8.37044,8.766316]},"faces":{"east":{"uv":[9.25,0.0,9.75,0.375],"rotation":0,"texture":"#0","tintindex":0},"south":{"uv":[9.5,1.75,9.875,2.125],"rotation":0,"texture":"#0","tintindex":0},"north":{"uv":[9.5,1.375,9.875,1.75],"rotation":0,"texture":"#0","tintindex":0},"west":{"uv":[9.25,2.125,9.75,2.5],"rotation":0,"texture":"#0","tintindex":0},"up":{"uv":[1.375,4.125,1.0,3.625],"rotation":0,"texture":"#0","tintindex":0},"down":{"uv":[5.875,4.125,5.5,4.625],"rotation":0,"texture":"#0","tintindex":0}}},{"from":[7.1618977,7.469196,5.23727],"to":[8.817697,8.568417,6.3160925],"rotation":{"angle":0.0,"axis":"y","origin":[8.113618,8.37044,8.766316]},"faces":{"east":{"uv":[10.0,8.875,10.25,9.125],"rotation":0,"texture":"#0","tintindex":0},"south":{"uv":[0.625,9.875,1.0,10.125],"rotation":0,"texture":"#0","tintindex":0},"north":{"uv":[9.75,9.375,10.125,9.625],"rotation":0,"texture":"#0","tintindex":0},"west":{"uv":[10.0,9.125,10.25,9.375],"rotation":0,"texture":"#0","tintindex":0},"up":{"uv":[10.25,0.875,9.875,0.625],"rotation":0,"texture":"#0","tintindex":0},"down":{"uv":[10.25,1.375,9.875,1.625],"rotation":0,"texture":"#0","tintindex":0}}},{"from":[7.355546,10.284659,10.004842],"to":[8.699327,11.093564,12.622049],"rotation":{"angle":0.0,"axis":"y","origin":[8.027439,10.161336,11.005705]},"faces":{"east":{"uv":[4.875,1.0,5.5,1.125],"rotation":0,"texture":"#0","tintindex":0},"south":{"uv":[10.0,1.25,10.25,1.375],"rotation":0,"texture":"#0","tintindex":0},"north":{"uv":[9.0,0.875,9.25,1.0],"rotation":0,"texture":"#0","tintindex":0},"west":{"uv":[0.0,6.125,0.625,6.25],"rotation":0,"texture":"#0","tintindex":0},"up":{"uv":[6.25,10.0,6.0,9.375],"rotation":0,"texture":"#0","tintindex":0},"down":{"uv":[6.5,9.375,6.25,10.0],"rotation":0,"texture":"#0","tintindex":0}}},{"from":[7.4095297,7.7295394,8.444219],"to":[8.570065,8.581129,10.018306],"rotation":{"angle":-22.5,"axis":"x","origin":[7.9898014,7.916293,9.487485]},"faces":{"east":{"uv":[8.0,3.625,8.375,3.75],"rotation":0,"texture":"#0","tintindex":0},"south":{"uv":[8.75,0.875,9.0,1.0],"rotation":0,"texture":"#0","tintindex":0},"north":{"uv":[8.375,3.625,8.625,3.75],"rotation":0,"texture":"#0","tintindex":0},"west":{"uv":[8.375,3.125,8.75,3.25],"rotation":0,"texture":"#0","tintindex":0},"up":{"uv":[10.125,2.0,9.875,1.625],"rotation":0,"texture":"#0","tintindex":0},"down":{"uv":[2.125,9.875,1.875,10.25],"rotation":0,"texture":"#0","tintindex":0}}},{"from":[7.1618977,8.198351,8.376697],"to":[8.817697,9.04994,9.950788],"rotation":{"angle":-45.0,"axis":"x","origin":[7.9898014,8.196454,9.207319]},"faces":{"east":{"uv":[7.125,0.5,7.5,0.625],"rotation":0,"texture":"#0","tintindex":0},"south":{"uv":[7.375,3.75,7.75,3.875],"rotation":0,"texture":"#0","tintindex":0},"north":{"uv":[6.875,3.0,7.25,3.125],"rotation":0,"texture":"#0","tintindex":0},"west":{"uv":[7.75,5.75,8.125,5.875],"rotation":0,"texture":"#0","tintindex":0},"up":{"uv":[3.25,9.875,2.875,9.5],"rotation":0,"texture":"#0","tintindex":0},"down":{"uv":[9.875,3.25,9.5,3.625],"rotation":0,"texture":"#0","tintindex":0}}}],"display":{"head":{"translation":[0.0,-6.4,0.0],"scale":[4.0,4.0,4.0]}}}