{"textures":{"0":"modelengine:entity/baby_parasaur"},"elements":[{"from":[7.7194915,7.3846407,7.2190447],"to":[8.309092,7.974241,8.103444],"rotation":{"angle":0.0,"axis":"y","origin":[8.014292,7.738401,7.6612444]},"faces":{"east":{"uv":[10.0,2.375,10.25,2.5],"rotation":0,"texture":"#0","tintindex":0},"south":{"uv":[5.625,2.0,5.75,2.125],"rotation":0,"texture":"#0","tintindex":0},"north":{"uv":[5.5,1.0,5.625,1.125],"rotation":0,"texture":"#0","tintindex":0},"west":{"uv":[10.0,3.75,10.25,3.875],"rotation":0,"texture":"#0","tintindex":0},"up":{"uv":[4.875,10.0,4.75,9.75],"rotation":0,"texture":"#0","tintindex":0},"down":{"uv":[7.625,9.75,7.5,10.0],"rotation":0,"texture":"#0","tintindex":0}}},{"from":[7.2772913,6.638669,7.1723123],"to":[8.751291,7.5230694,8.646312],"rotation":{"angle":-22.5,"axis":"x","origin":[8.014292,7.080869,7.614512]},"faces":{"east":{"uv":[9.875,7.5,10.25,7.75],"rotation":0,"texture":"#0","tintindex":0},"south":{"uv":[9.875,7.75,10.25,8.0],"rotation":0,"texture":"#0","tintindex":0},"north":{"uv":[9.875,4.5,10.25,4.75],"rotation":0,"texture":"#0","tintindex":0},"west":{"uv":[9.875,8.0,10.25,8.25],"rotation":0,"texture":"#0","tintindex":0},"up":{"uv":[9.875,8.25,9.5,7.875],"rotation":0,"texture":"#0","tintindex":0},"down":{"uv":[9.875,8.25,9.5,8.625],"rotation":0,"texture":"#0","tintindex":0}}},{"from":[9.001871,6.3053293,8.736076],"to":[9.886271,7.1897297,9.915277],"rotation":{"angle":-22.5,"axis":"y","origin":[14.824171,6.6738296,7.0409765]},"faces":{"east":{"uv":[10.125,5.0,10.375,5.25],"rotation":0,"texture":"#0","tintindex":0},"south":{"uv":[10.125,5.25,10.375,5.5],"rotation":0,"texture":"#0","tintindex":0},"north":{"uv":[10.125,4.125,10.375,4.375],"rotation":0,"texture":"#0","tintindex":0},"west":{"uv":[10.125,5.5,10.375,5.75],"rotation":0,"texture":"#0","tintindex":0},"up":{"uv":[10.375,6.0,10.125,5.75],"rotation":0,"texture":"#0","tintindex":0},"down":{"uv":[10.375,6.0,10.125,6.25],"rotation":0,"texture":"#0","tintindex":0}}},{"from":[7.5573516,6.2758493,6.3776765],"to":[8.4417515,7.1602497,7.5568767],"rotation":{"angle":0.0,"axis":"y","origin":[8.014292,6.6296096,6.5250764]},"faces":{"east":{"uv":[10.125,6.5,10.375,6.75],"rotation":0,"texture":"#0","tintindex":0},"south":{"uv":[10.125,6.75,10.375,7.0],"rotation":0,"texture":"#0","tintindex":0},"north":{"uv":[10.125,6.25,10.375,6.5],"rotation":0,"texture":"#0","tintindex":0},"west":{"uv":[10.125,7.0,10.375,7.25],"rotation":0,"texture":"#0","tintindex":0},"up":{"uv":[7.375,10.375,7.125,10.125],"rotation":0,"texture":"#0","tintindex":0},"down":{"uv":[10.375,7.25,10.125,7.5],"rotation":0,"texture":"#0","tintindex":0}}},{"from":[6.3781514,6.3053293,6.3776765],"to":[7.2625513,7.1897297,7.5568767],"rotation":{"angle":22.5,"axis":"y","origin":[7.1004114,6.6738296,6.4513764]},"faces":{"east":{"uv":[8.0,10.125,8.25,10.375],"rotation":0,"texture":"#0","tintindex":0},"south":{"uv":[8.25,10.125,8.5,10.375],"rotation":0,"texture":"#0","tintindex":0},"north":{"uv":[7.75,10.125,8.0,10.375],"rotation":0,"texture":"#0","tintindex":0},"west":{"uv":[10.125,8.25,10.375,8.5],"rotation":0,"texture":"#0","tintindex":0},"up":{"uv":[8.75,10.375,8.5,10.125],"rotation":0,"texture":"#0","tintindex":0},"down":{"uv":[9.0,10.125,8.75,10.375],"rotation":0,"texture":"#0","tintindex":0}}},{"from":[6.4960713,6.3053293,5.4932766],"to":[7.0856714,6.8949294,6.3776765],"rotation":{"angle":22.5,"axis":"y","origin":[7.1004114,6.6738296,6.4513764]},"faces":{"east":{"uv":[10.125,0.5,10.375,0.625],"rotation":0,"texture":"#0","tintindex":0},"south":{"uv":[3.5,7.0,3.625,7.125],"rotation":0,"texture":"#0","tintindex":0},"north":{"uv":[2.625,6.875,2.75,7.0],"rotation":0,"texture":"#0","tintindex":0},"west":{"uv":[10.125,1.875,10.375,2.0],"rotation":0,"texture":"#0","tintindex":0},"up":{"uv":[8.25,10.0,8.125,9.75],"rotation":0,"texture":"#0","tintindex":0},"down":{"uv":[7.5,10.125,7.375,10.375],"rotation":0,"texture":"#0","tintindex":0}}},{"from":[7.6752715,6.2758493,5.4932766],"to":[8.264872,6.8654494,6.3776765],"rotation":{"angle":0.0,"axis":"y","origin":[8.014292,6.6296096,6.5250764]},"faces":{"east":{"uv":[10.125,4.375,10.375,4.5],"rotation":0,"texture":"#0","tintindex":0},"south":{"uv":[3.875,9.125,4.0,9.25],"rotation":0,"texture":"#0","tintindex":0},"north":{"uv":[8.625,3.625,8.75,3.75],"rotation":0,"texture":"#0","tintindex":0},"west":{"uv":[10.125,8.5,10.375,8.625],"rotation":0,"texture":"#0","tintindex":0},"up":{"uv":[10.25,9.625,10.125,9.375],"rotation":0,"texture":"#0","tintindex":0},"down":{"uv":[9.625,10.125,9.5,10.375],"rotation":0,"texture":"#0","tintindex":0}}},{"from":[9.385112,6.3053293,7.8516765],"to":[9.974711,6.8949294,8.736076],"rotation":{"angle":-22.5,"axis":"y","origin":[14.824171,6.6738296,6.4513764]},"faces":{"east":{"uv":[9.625,10.125,9.875,10.25],"rotation":0,"texture":"#0","tintindex":0},"south":{"uv":[9.25,0.875,9.375,1.0],"rotation":0,"texture":"#0","tintindex":0},"north":{"uv":[9.125,5.0,9.25,5.125],"rotation":0,"texture":"#0","tintindex":0},"west":{"uv":[10.125,9.625,10.375,9.75],"rotation":0,"texture":"#0","tintindex":0},"up":{"uv":[10.25,10.0,10.125,9.75],"rotation":0,"texture":"#0","tintindex":0},"down":{"uv":[10.25,10.0,10.125,10.25],"rotation":0,"texture":"#0","tintindex":0}}}],"display":{"head":{"translation":[0.0,-6.4,0.0],"scale":[4.0,4.0,4.0]}}}