{"textures":{"0":"modelengine:entity/baby_parasaur"},"elements":[{"from":[7.6244164,7.589756,4.2671094],"to":[8.474325,8.491184,5.4341125],"rotation":{"angle":0.0,"axis":"y","origin":[8.049373,8.154649,4.870543]},"faces":{"east":{"uv":[9.875,10.0,10.125,10.25],"rotation":0,"texture":"#0","tintindex":0},"south":{"uv":[3.375,9.0,3.5,9.25],"rotation":0,"texture":"#0","tintindex":0},"north":{"uv":[2.125,8.75,2.25,9.0],"rotation":0,"texture":"#0","tintindex":0},"west":{"uv":[10.125,0.0,10.375,0.25],"rotation":0,"texture":"#0","tintindex":0},"up":{"uv":[1.375,9.5,1.25,9.25],"rotation":0,"texture":"#0","tintindex":0},"down":{"uv":[9.375,2.5,9.25,2.75],"rotation":0,"texture":"#0","tintindex":0}}},{"from":[7.3834195,7.5561695,5.1876774],"to":[8.563174,8.493771,6.7907953],"rotation":{"angle":0.0,"axis":"y","origin":[7.834626,8.047592,8.059562]},"faces":{"east":{"uv":[9.875,2.5,10.25,2.75],"rotation":0,"texture":"#0","tintindex":0},"south":{"uv":[0.5,10.125,0.75,10.375],"rotation":0,"texture":"#0","tintindex":0},"north":{"uv":[10.125,0.25,10.375,0.5],"rotation":0,"texture":"#0","tintindex":0},"west":{"uv":[9.875,2.75,10.25,3.0],"rotation":0,"texture":"#0","tintindex":0},"up":{"uv":[3.125,10.25,2.875,9.875],"rotation":0,"texture":"#0","tintindex":0},"down":{"uv":[3.375,9.875,3.125,10.25],"rotation":0,"texture":"#0","tintindex":0}}},{"from":[7.6487393,6.96657,6.0720773],"to":[8.533694,7.90417,7.6751957],"rotation":{"angle":0.0,"axis":"y","origin":[7.834626,8.047592,8.059562]},"faces":{"east":{"uv":[9.875,3.25,10.25,3.5],"rotation":0,"texture":"#0","tintindex":0},"south":{"uv":[1.0,10.125,1.25,10.375],"rotation":0,"texture":"#0","tintindex":0},"north":{"uv":[0.75,10.125,1.0,10.375],"rotation":0,"texture":"#0","tintindex":0},"west":{"uv":[9.875,3.875,10.25,4.125],"rotation":0,"texture":"#0","tintindex":0},"up":{"uv":[10.125,4.5,9.875,4.125],"rotation":0,"texture":"#0","tintindex":0},"down":{"uv":[10.125,5.0,9.875,5.375],"rotation":0,"texture":"#0","tintindex":0}}},{"from":[7.4329457,8.249539,5.4353094],"to":[7.4329457,9.1871395,6.7907953],"rotation":{"angle":0.0,"axis":"y","origin":[7.834626,8.047592,8.059562]},"faces":{"east":{"uv":[1.25,10.125,1.5,10.375],"rotation":0,"texture":"#0","tintindex":0},"south":{"uv":[0.0,0.0,0.0,0.25],"rotation":0,"texture":"#0","tintindex":0},"north":{"uv":[0.0,0.0,0.0,0.25],"rotation":0,"texture":"#0","tintindex":0},"west":{"uv":[10.125,1.625,10.375,1.875],"rotation":0,"texture":"#0","tintindex":0},"up":{"uv":[0.0,0.25,0.0,0.0],"rotation":0,"texture":"#0","tintindex":0},"down":{"uv":[0.0,0.0,0.0,0.25],"rotation":0,"texture":"#0","tintindex":0}}},{"from":[8.536487,8.249539,5.4353094],"to":[8.536487,9.1871395,6.7907953],"rotation":{"angle":0.0,"axis":"y","origin":[8.452453,8.047592,8.059562]},"faces":{"east":{"uv":[1.25,10.125,1.5,10.375],"rotation":0,"texture":"#0","tintindex":0},"south":{"uv":[0.0,0.0,0.0,0.25],"rotation":0,"texture":"#0","tintindex":0},"north":{"uv":[0.0,0.0,0.0,0.25],"rotation":0,"texture":"#0","tintindex":0},"west":{"uv":[10.125,1.625,10.375,1.875],"rotation":0,"texture":"#0","tintindex":0},"up":{"uv":[0.0,0.25,0.0,0.0],"rotation":0,"texture":"#0","tintindex":0},"down":{"uv":[0.0,0.0,0.0,0.25],"rotation":0,"texture":"#0","tintindex":0}}},{"from":[7.15566,6.88957,5.6172614],"to":[8.790937,8.855746,7.852163],"rotation":{"angle":22.5,"axis":"x","origin":[7.683567,6.7803707,6.932977]},"faces":{"east":{"uv":[9.5,4.375,9.875,4.75],"rotation":0,"texture":"#0","tintindex":0},"south":{"uv":[5.5,9.875,5.75,10.25],"rotation":0,"texture":"#0","tintindex":0},"north":{"uv":[9.875,5.375,10.125,5.75],"rotation":0,"texture":"#0","tintindex":0},"west":{"uv":[9.5,5.5,9.875,5.875],"rotation":0,"texture":"#0","tintindex":0},"up":{"uv":[10.125,6.125,9.875,5.75],"rotation":0,"texture":"#0","tintindex":0},"down":{"uv":[10.125,6.125,9.875,6.5],"rotation":0,"texture":"#0","tintindex":0}}},{"from":[7.7102957,7.7276773,7.3194995],"to":[8.236302,9.101111,8.704699],"rotation":{"angle":-22.5,"axis":"x","origin":[7.7256646,8.322443,8.134041]},"faces":{"east":{"uv":[10.125,3.0,10.375,3.25],"rotation":0,"texture":"#0","tintindex":0},"south":{"uv":[9.375,7.5,9.5,7.75],"rotation":0,"texture":"#0","tintindex":0},"north":{"uv":[8.25,9.25,8.375,9.5],"rotation":0,"texture":"#0","tintindex":0},"west":{"uv":[3.375,10.125,3.625,10.375],"rotation":0,"texture":"#0","tintindex":0},"up":{"uv":[3.375,9.75,3.25,9.5],"rotation":0,"texture":"#0","tintindex":0},"down":{"uv":[0.375,9.75,0.25,10.0],"rotation":0,"texture":"#0","tintindex":0}}}],"display":{"head":{"translation":[0.0,-6.4,0.0],"scale":[4.0,4.0,4.0]}}}