{"textures":{"0":"modelengine:entity/baby_parasaur"},"elements":[{"from":[6.403764,6.0634284,5.8330317],"to":[9.581285,10.219982,9.041447],"rotation":{"angle":22.5,"axis":"x","origin":[7.9925246,8.436674,7.780498]},"faces":{"east":{"uv":[0.0,6.875,0.75,7.75],"rotation":0,"texture":"#0","tintindex":0},"south":{"uv":[0.75,6.875,1.5,7.75],"rotation":0,"texture":"#0","tintindex":0},"north":{"uv":[6.5,2.125,7.25,3.0],"rotation":0,"texture":"#0","tintindex":0},"west":{"uv":[1.5,6.875,2.25,7.75],"rotation":0,"texture":"#0","tintindex":0},"up":{"uv":[7.875,7.875,7.125,7.125],"rotation":0,"texture":"#0","tintindex":0},"down":{"uv":[8.0,2.125,7.25,2.875],"rotation":0,"texture":"#0","tintindex":0}}},{"from":[7.2636337,5.806218,5.2749877],"to":[8.72142,6.923632,8.0939665],"rotation":{"angle":22.5,"axis":"x","origin":[7.9925246,6.0842977,7.2389765]},"faces":{"east":{"uv":[9.25,0.375,9.875,0.625],"rotation":0,"texture":"#0","tintindex":0},"south":{"uv":[9.75,0.0,10.125,0.25],"rotation":0,"texture":"#0","tintindex":0},"north":{"uv":[8.125,6.875,8.5,7.125],"rotation":0,"texture":"#0","tintindex":0},"west":{"uv":[9.375,3.625,10.0,3.875],"rotation":0,"texture":"#0","tintindex":0},"up":{"uv":[8.75,9.625,8.375,9.0],"rotation":0,"texture":"#0","tintindex":0},"down":{"uv":[0.375,9.125,0.0,9.75],"rotation":0,"texture":"#0","tintindex":0}}},{"from":[7.400214,8.403925,5.2049494],"to":[8.665967,10.7566,7.420015],"rotation":{"angle":22.5,"axis":"x","origin":[8.033089,10.034314,5.647963]},"faces":{"east":{"uv":[4.75,8.75,5.25,9.25],"rotation":0,"texture":"#0","tintindex":0},"south":{"uv":[9.5,8.625,9.75,9.125],"rotation":0,"texture":"#0","tintindex":0},"north":{"uv":[4.5,2.125,4.75,2.625],"rotation":0,"texture":"#0","tintindex":0},"west":{"uv":[8.875,6.25,9.375,6.75],"rotation":0,"texture":"#0","tintindex":0},"up":{"uv":[9.75,9.625,9.5,9.125],"rotation":0,"texture":"#0","tintindex":0},"down":{"uv":[9.875,2.5,9.625,3.0],"rotation":0,"texture":"#0","tintindex":0}}},{"from":[6.922673,8.181122,3.95754],"to":[8.985284,10.124461,6.515414],"rotation":{"angle":45.0,"axis":"x","origin":[7.9939413,9.157667,4.8645296]},"faces":{"east":{"uv":[5.875,5.375,6.375,5.75],"rotation":0,"texture":"#0","tintindex":0},"south":{"uv":[8.75,5.125,9.25,5.5],"rotation":0,"texture":"#0","tintindex":0},"north":{"uv":[5.875,0.625,6.375,1.0],"rotation":0,"texture":"#0","tintindex":0},"west":{"uv":[9.0,3.25,9.5,3.625],"rotation":0,"texture":"#0","tintindex":0},"up":{"uv":[9.375,7.25,8.875,6.75],"rotation":0,"texture":"#0","tintindex":0},"down":{"uv":[9.375,7.25,8.875,7.75],"rotation":0,"texture":"#0","tintindex":0}}},{"from":[7.5614653,7.854418,4.0245476],"to":[8.464412,8.838557,6.3347898],"rotation":{"angle":45.0,"axis":"x","origin":[7.9939413,9.157667,4.8645296]},"faces":{"east":{"uv":[9.375,3.875,9.875,4.125],"rotation":0,"texture":"#0","tintindex":0},"south":{"uv":[2.125,10.0,2.375,10.25],"rotation":0,"texture":"#0","tintindex":0},"north":{"uv":[8.25,5.5,8.5,5.75],"rotation":0,"texture":"#0","tintindex":0},"west":{"uv":[9.5,4.75,10.0,5.0],"rotation":0,"texture":"#0","tintindex":0},"up":{"uv":[9.875,5.5,9.625,5.0],"rotation":0,"texture":"#0","tintindex":0},"down":{"uv":[9.875,6.25,9.625,6.75],"rotation":0,"texture":"#0","tintindex":0}}},{"from":[7.554311,9.5262985,3.9751139],"to":[8.513511,10.557606,6.213253],"rotation":{"angle":45.0,"axis":"x","origin":[7.9939413,9.157667,4.8645296]},"faces":{"east":{"uv":[9.625,3.0,10.125,3.25],"rotation":0,"texture":"#0","tintindex":0},"south":{"uv":[2.625,10.0,2.875,10.25],"rotation":0,"texture":"#0","tintindex":0},"north":{"uv":[2.375,10.0,2.625,10.25],"rotation":0,"texture":"#0","tintindex":0},"west":{"uv":[9.625,7.25,10.125,7.5],"rotation":0,"texture":"#0","tintindex":0},"up":{"uv":[9.625,10.125,9.375,9.625],"rotation":0,"texture":"#0","tintindex":0},"down":{"uv":[9.875,9.625,9.625,10.125],"rotation":0,"texture":"#0","tintindex":0}}}],"display":{"head":{"translation":[0.0,-6.4,0.0],"scale":[4.0,4.0,4.0]}}}