{"textures":{"0":"modelengine:entity/baby_parasaur"},"elements":[{"from":[7.6909084,7.3846407,7.2190447],"to":[8.280509,7.974241,8.103444],"rotation":{"angle":0.0,"axis":"y","origin":[7.9857087,7.738401,7.6612444]},"faces":{"east":{"uv":[10.25,3.75,10.0,3.875],"rotation":0,"texture":"#0","tintindex":0},"south":{"uv":[5.75,2.0,5.625,2.125],"rotation":0,"texture":"#0","tintindex":0},"north":{"uv":[5.625,1.0,5.5,1.125],"rotation":0,"texture":"#0","tintindex":0},"west":{"uv":[10.25,2.375,10.0,2.5],"rotation":0,"texture":"#0","tintindex":0},"up":{"uv":[4.75,10.0,4.875,9.75],"rotation":0,"texture":"#0","tintindex":0},"down":{"uv":[7.5,9.75,7.625,10.0],"rotation":0,"texture":"#0","tintindex":0}}},{"from":[7.2487087,6.638669,7.1723123],"to":[8.722709,7.5230694,8.646312],"rotation":{"angle":-22.5,"axis":"x","origin":[7.9857087,7.080869,7.614512]},"faces":{"east":{"uv":[10.25,8.0,9.875,8.25],"rotation":0,"texture":"#0","tintindex":0},"south":{"uv":[10.25,7.75,9.875,8.0],"rotation":0,"texture":"#0","tintindex":0},"north":{"uv":[10.25,4.5,9.875,4.75],"rotation":0,"texture":"#0","tintindex":0},"west":{"uv":[10.25,7.5,9.875,7.75],"rotation":0,"texture":"#0","tintindex":0},"up":{"uv":[9.5,8.25,9.875,7.875],"rotation":0,"texture":"#0","tintindex":0},"down":{"uv":[9.5,8.25,9.875,8.625],"rotation":0,"texture":"#0","tintindex":0}}},{"from":[6.1137285,6.3053293,8.736076],"to":[6.9981284,7.1897297,9.915277],"rotation":{"angle":22.5,"axis":"y","origin":[1.1758285,6.6738296,7.0409765]},"faces":{"east":{"uv":[10.375,5.5,10.125,5.75],"rotation":0,"texture":"#0","tintindex":0},"south":{"uv":[10.375,5.25,10.125,5.5],"rotation":0,"texture":"#0","tintindex":0},"north":{"uv":[10.375,4.125,10.125,4.375],"rotation":0,"texture":"#0","tintindex":0},"west":{"uv":[10.375,5.0,10.125,5.25],"rotation":0,"texture":"#0","tintindex":0},"up":{"uv":[10.125,6.0,10.375,5.75],"rotation":0,"texture":"#0","tintindex":0},"down":{"uv":[10.125,6.0,10.375,6.25],"rotation":0,"texture":"#0","tintindex":0}}},{"from":[7.5582485,6.2758493,6.3776765],"to":[8.442649,7.1602497,7.5568767],"rotation":{"angle":0.0,"axis":"y","origin":[7.9857087,6.6296096,6.5250764]},"faces":{"east":{"uv":[10.375,7.0,10.125,7.25],"rotation":0,"texture":"#0","tintindex":0},"south":{"uv":[10.375,6.75,10.125,7.0],"rotation":0,"texture":"#0","tintindex":0},"north":{"uv":[10.375,6.25,10.125,6.5],"rotation":0,"texture":"#0","tintindex":0},"west":{"uv":[10.375,6.5,10.125,6.75],"rotation":0,"texture":"#0","tintindex":0},"up":{"uv":[7.125,10.375,7.375,10.125],"rotation":0,"texture":"#0","tintindex":0},"down":{"uv":[10.125,7.25,10.375,7.5],"rotation":0,"texture":"#0","tintindex":0}}},{"from":[8.737449,6.3053293,6.3776765],"to":[9.621849,7.1897297,7.5568767],"rotation":{"angle":-22.5,"axis":"y","origin":[8.899589,6.6738296,6.4513764]},"faces":{"east":{"uv":[10.375,8.25,10.125,8.5],"rotation":0,"texture":"#0","tintindex":0},"south":{"uv":[8.5,10.125,8.25,10.375],"rotation":0,"texture":"#0","tintindex":0},"north":{"uv":[8.0,10.125,7.75,10.375],"rotation":0,"texture":"#0","tintindex":0},"west":{"uv":[8.25,10.125,8.0,10.375],"rotation":0,"texture":"#0","tintindex":0},"up":{"uv":[8.5,10.375,8.75,10.125],"rotation":0,"texture":"#0","tintindex":0},"down":{"uv":[8.75,10.125,9.0,10.375],"rotation":0,"texture":"#0","tintindex":0}}},{"from":[8.914329,6.3053293,5.4932766],"to":[9.503929,6.8949294,6.3776765],"rotation":{"angle":-22.5,"axis":"y","origin":[8.899589,6.6738296,6.4513764]},"faces":{"east":{"uv":[10.375,1.875,10.125,2.0],"rotation":0,"texture":"#0","tintindex":0},"south":{"uv":[3.625,7.0,3.5,7.125],"rotation":0,"texture":"#0","tintindex":0},"north":{"uv":[2.75,6.875,2.625,7.0],"rotation":0,"texture":"#0","tintindex":0},"west":{"uv":[10.375,0.5,10.125,0.625],"rotation":0,"texture":"#0","tintindex":0},"up":{"uv":[8.125,10.0,8.25,9.75],"rotation":0,"texture":"#0","tintindex":0},"down":{"uv":[7.375,10.125,7.5,10.375],"rotation":0,"texture":"#0","tintindex":0}}},{"from":[7.7351284,6.2758493,5.4932766],"to":[8.324729,6.8654494,6.3776765],"rotation":{"angle":0.0,"axis":"y","origin":[7.9857087,6.6296096,6.5250764]},"faces":{"east":{"uv":[10.375,8.5,10.125,8.625],"rotation":0,"texture":"#0","tintindex":0},"south":{"uv":[4.0,9.125,3.875,9.25],"rotation":0,"texture":"#0","tintindex":0},"north":{"uv":[8.75,3.625,8.625,3.75],"rotation":0,"texture":"#0","tintindex":0},"west":{"uv":[10.375,4.375,10.125,4.5],"rotation":0,"texture":"#0","tintindex":0},"up":{"uv":[10.125,9.625,10.25,9.375],"rotation":0,"texture":"#0","tintindex":0},"down":{"uv":[9.5,10.125,9.625,10.375],"rotation":0,"texture":"#0","tintindex":0}}},{"from":[6.0252886,6.3053293,7.8516765],"to":[6.6148887,6.8949294,8.736076],"rotation":{"angle":22.5,"axis":"y","origin":[1.1758285,6.6738296,6.4513764]},"faces":{"east":{"uv":[10.375,9.625,10.125,9.75],"rotation":0,"texture":"#0","tintindex":0},"south":{"uv":[9.375,0.875,9.25,1.0],"rotation":0,"texture":"#0","tintindex":0},"north":{"uv":[9.25,5.0,9.125,5.125],"rotation":0,"texture":"#0","tintindex":0},"west":{"uv":[9.875,10.125,9.625,10.25],"rotation":0,"texture":"#0","tintindex":0},"up":{"uv":[10.125,10.0,10.25,9.75],"rotation":0,"texture":"#0","tintindex":0},"down":{"uv":[10.125,10.0,10.25,10.25],"rotation":0,"texture":"#0","tintindex":0}}}],"display":{"head":{"translation":[0.0,-6.4,0.0],"scale":[4.0,4.0,4.0]}}}