{"textures":{"0":"modelengine:entity/baby_parasaur"},"elements":[{"from":[6.492098,5.6010647,7.1541514],"to":[9.507902,10.261853,12.363268],"rotation":{"angle":0.0,"axis":"y","origin":[8.137082,8.068541,8.250808]},"faces":{"east":{"uv":[4.375,3.625,5.5,4.625],"rotation":0,"texture":"#0","tintindex":0},"south":{"uv":[7.125,4.875,7.75,5.875],"rotation":0,"texture":"#0","tintindex":0},"north":{"uv":[7.125,3.875,7.75,4.875],"rotation":0,"texture":"#0","tintindex":0},"west":{"uv":[4.5,1.125,5.625,2.125],"rotation":0,"texture":"#0","tintindex":0},"up":{"uv":[7.125,6.125,6.5,5.0],"rotation":0,"texture":"#0","tintindex":0},"down":{"uv":[7.125,6.125,6.5,7.25],"rotation":0,"texture":"#0","tintindex":0}}},{"from":[6.62918,5.957478,12.363268],"to":[9.37082,10.069939,15.9274],"rotation":{"angle":0.0,"axis":"y","origin":[8.137082,8.068541,8.250808]},"faces":{"east":{"uv":[4.875,6.875,5.625,7.75],"rotation":0,"texture":"#0","tintindex":0},"south":{"uv":[0.0,7.75,0.625,8.625],"rotation":0,"texture":"#0","tintindex":0},"north":{"uv":[7.375,2.875,8.0,3.75],"rotation":0,"texture":"#0","tintindex":0},"west":{"uv":[5.625,6.875,6.375,7.75],"rotation":0,"texture":"#0","tintindex":0},"up":{"uv":[8.5,7.875,7.875,7.125],"rotation":0,"texture":"#0","tintindex":0},"down":{"uv":[8.5,7.875,7.875,8.625],"rotation":0,"texture":"#0","tintindex":0}}},{"from":[7.31459,5.217235,7.976643],"to":[8.6854105,10.97468,12.089104],"rotation":{"angle":0.0,"axis":"y","origin":[8.0,5.244652,8.936217]},"faces":{"east":{"uv":[3.25,4.625,4.125,5.875],"rotation":0,"texture":"#0","tintindex":0},"south":{"uv":[1.625,8.75,1.875,10.0],"rotation":0,"texture":"#0","tintindex":0},"north":{"uv":[1.375,8.25,1.625,9.5],"rotation":0,"texture":"#0","tintindex":0},"west":{"uv":[4.125,4.625,5.0,5.875],"rotation":0,"texture":"#0","tintindex":0},"up":{"uv":[1.25,10.125,1.0,9.25],"rotation":0,"texture":"#0","tintindex":0},"down":{"uv":[4.125,9.25,3.875,10.125],"rotation":0,"texture":"#0","tintindex":0}}},{"from":[7.451672,5.3543177,12.281018],"to":[8.548328,10.563434,15.84515],"rotation":{"angle":0.0,"axis":"y","origin":[8.0,5.244652,8.936217]},"faces":{"east":{"uv":[5.75,5.75,6.5,6.875],"rotation":0,"texture":"#0","tintindex":0},"south":{"uv":[1.875,8.75,2.125,9.875],"rotation":0,"texture":"#0","tintindex":0},"north":{"uv":[4.0,7.125,4.25,8.25],"rotation":0,"texture":"#0","tintindex":0},"west":{"uv":[2.875,5.875,3.625,7.0],"rotation":0,"texture":"#0","tintindex":0},"up":{"uv":[5.125,10.0,4.875,9.25],"rotation":0,"texture":"#0","tintindex":0},"down":{"uv":[6.0,9.25,5.75,10.0],"rotation":0,"texture":"#0","tintindex":0}}}],"display":{"head":{"translation":[0.0,-6.4,0.0],"scale":[4.0,4.0,4.0]}}}