{"textures":{"0":"modelengine:entity/baby_parasaur"},"elements":[{"from":[6.766262,6.4167027,7.965473],"to":[9.233738,9.706671,12.626262],"rotation":{"angle":0.0,"axis":"y","origin":[8.137082,8.143936,8.513802]},"faces":{"east":{"uv":[1.75,6.125,2.75,6.875],"rotation":0,"texture":"#0","tintindex":0},"south":{"uv":[7.375,8.375,7.875,9.125],"rotation":0,"texture":"#0","tintindex":0},"north":{"uv":[6.875,8.375,7.375,9.125],"rotation":0,"texture":"#0","tintindex":0},"west":{"uv":[6.375,3.125,7.375,3.875],"rotation":0,"texture":"#0","tintindex":0},"up":{"uv":[3.5,8.5,3.0,7.5],"rotation":0,"texture":"#0","tintindex":0},"down":{"uv":[2.125,7.75,1.625,8.75],"rotation":0,"texture":"#0","tintindex":0}}},{"from":[7.588754,5.758709,8.239637],"to":[8.411246,10.145333,12.3520975],"rotation":{"angle":0.0,"axis":"y","origin":[8.0,5.3200464,9.199211]},"faces":{"east":{"uv":[5.5,3.125,6.375,4.125],"rotation":0,"texture":"#0","tintindex":0},"south":{"uv":[2.125,7.75,2.25,8.75],"rotation":0,"texture":"#0","tintindex":0},"north":{"uv":[4.875,5.875,5.0,6.875],"rotation":0,"texture":"#0","tintindex":0},"west":{"uv":[5.625,1.0,6.5,2.0],"rotation":0,"texture":"#0","tintindex":0},"up":{"uv":[2.5,3.625,2.375,2.75],"rotation":0,"texture":"#0","tintindex":0},"down":{"uv":[2.875,6.125,2.75,7.0],"rotation":0,"texture":"#0","tintindex":0}}},{"from":[7.725836,6.2522044,12.544012],"to":[8.274164,9.816337,16.930637],"rotation":{"angle":0.0,"axis":"y","origin":[8.0,5.3200464,9.199211]},"faces":{"east":{"uv":[6.5,0.625,7.5,1.375],"rotation":0,"texture":"#0","tintindex":0},"south":{"uv":[3.875,8.375,4.0,9.125],"rotation":0,"texture":"#0","tintindex":0},"north":{"uv":[4.75,7.0,4.875,7.75],"rotation":0,"texture":"#0","tintindex":0},"west":{"uv":[6.5,1.375,7.5,2.125],"rotation":0,"texture":"#0","tintindex":0},"up":{"uv":[8.875,10.0,8.75,9.0],"rotation":0,"texture":"#0","tintindex":0},"down":{"uv":[5.25,9.25,5.125,10.25],"rotation":0,"texture":"#0","tintindex":0}}},{"from":[6.903344,6.581201,12.626262],"to":[9.096656,9.322842,17.28705],"rotation":{"angle":0.0,"axis":"y","origin":[8.137082,8.143936,8.513802]},"faces":{"east":{"uv":[7.125,5.875,8.125,6.5],"rotation":0,"texture":"#0","tintindex":0},"south":{"uv":[8.75,2.125,9.25,2.75],"rotation":0,"texture":"#0","tintindex":0},"north":{"uv":[8.75,0.0,9.25,0.625],"rotation":0,"texture":"#0","tintindex":0},"west":{"uv":[7.125,6.5,8.125,7.125],"rotation":0,"texture":"#0","tintindex":0},"up":{"uv":[5.25,8.75,4.75,7.75],"rotation":0,"texture":"#0","tintindex":0},"down":{"uv":[8.25,4.75,7.75,5.75],"rotation":0,"texture":"#0","tintindex":0}}}],"display":{"head":{"translation":[0.0,-6.4,0.0],"scale":[4.0,4.0,4.0]}}}