{"textures":{"0":"modelengine:entity/trex"},"elements":[{"from":[0.5639677,1.0593448,3.887857],"to":[15.227968,15.723346,15.802358],"rotation":{"angle":0.0,"axis":"y","origin":[3.374568,3.3416214,10.761607]},"faces":{"east":{"uv":[3.0,0.0,4.3125,1.625],"rotation":0,"texture":"#0","tintindex":0},"south":{"uv":[0.0,1.625,1.625,3.25],"rotation":0,"texture":"#0","tintindex":0},"north":{"uv":[0.0,0.0,1.625,1.625],"rotation":0,"texture":"#0","tintindex":0},"west":{"uv":[3.0,1.625,4.3125,3.25],"rotation":0,"texture":"#0","tintindex":0},"up":{"uv":[1.625,4.5625,0.0,3.25],"rotation":0,"texture":"#0","tintindex":0},"down":{"uv":[3.25,3.25,1.625,4.5625],"rotation":0,"texture":"#0","tintindex":0}}},{"from":[3.007968,-2.2689533,3.7218614],"to":[12.783968,4.085447,14.658762],"rotation":{"angle":-22.5,"axis":"x","origin":[7.8959684,0.908247,9.190311]},"faces":{"east":{"uv":[1.8125,8.6875,3.0,9.375],"rotation":0,"texture":"#0","tintindex":0},"south":{"uv":[10.0625,0.875,11.125,1.5625],"rotation":0,"texture":"#0","tintindex":0},"north":{"uv":[9.9375,8.625,11.0,9.3125],"rotation":0,"texture":"#0","tintindex":0},"west":{"uv":[8.875,0.9375,10.0625,1.625],"rotation":0,"texture":"#0","tintindex":0},"up":{"uv":[4.25,8.25,3.1875,7.0625],"rotation":0,"texture":"#0","tintindex":0},"down":{"uv":[7.4375,7.1875,6.375,8.375],"rotation":0,"texture":"#0","tintindex":0}}},{"from":[3.007968,2.2172952,-9.983259],"to":[12.906168,14.070696,1.3202405],"rotation":{"angle":-22.5,"axis":"x","origin":[7.9570684,5.064555,-3.0117502]},"faces":{"east":{"uv":[4.6875,3.0625,5.9375,4.375],"rotation":0,"texture":"#0","tintindex":0},"south":{"uv":[1.0625,6.3125,2.125,7.625],"rotation":0,"texture":"#0","tintindex":0},"north":{"uv":[0.0,6.3125,1.0625,7.625],"rotation":0,"texture":"#0","tintindex":0},"west":{"uv":[5.375,1.3125,6.625,2.625],"rotation":0,"texture":"#0","tintindex":0},"up":{"uv":[3.1875,7.5625,2.125,6.3125],"rotation":0,"texture":"#0","tintindex":0},"down":{"uv":[7.4375,4.875,6.375,6.125],"rotation":0,"texture":"#0","tintindex":0}}},{"from":[5.451968,-0.27558517,-8.223579],"to":[10.462169,5.7122154,-1.3192797],"rotation":{"angle":22.5,"axis":"x","origin":[7.9570684,2.1317549,-5.015829]},"faces":{"east":{"uv":[11.6875,3.4375,12.4375,4.0625],"rotation":0,"texture":"#0","tintindex":0},"south":{"uv":[11.4375,12.375,12.0,13.0],"rotation":0,"texture":"#0","tintindex":0},"north":{"uv":[1.1875,12.375,1.75,13.0],"rotation":0,"texture":"#0","tintindex":0},"west":{"uv":[5.0,11.6875,5.75,12.3125],"rotation":0,"texture":"#0","tintindex":0},"up":{"uv":[12.6875,11.375,12.125,10.625],"rotation":0,"texture":"#0","tintindex":0},"down":{"uv":[12.6875,11.375,12.125,12.125],"rotation":0,"texture":"#0","tintindex":0}}},{"from":[1.5415678,0.76210546,-2.9044228],"to":[14.372568,15.059506,5.4662776],"rotation":{"angle":0.0,"axis":"y","origin":[7.9570684,8.057446,4.2137275]},"faces":{"east":{"uv":[4.5,5.8125,5.4375,7.375],"rotation":0,"texture":"#0","tintindex":0},"south":{"uv":[1.625,1.5625,3.0,3.125],"rotation":0,"texture":"#0","tintindex":0},"north":{"uv":[1.625,0.0,3.0,1.5625],"rotation":0,"texture":"#0","tintindex":0},"west":{"uv":[5.4375,5.8125,6.375,7.375],"rotation":0,"texture":"#0","tintindex":0},"up":{"uv":[8.4375,0.9375,7.0625,0.0],"rotation":0,"texture":"#0","tintindex":0},"down":{"uv":[8.5625,2.3125,7.1875,3.25],"rotation":0,"texture":"#0","tintindex":0}}},{"from":[4.963168,-2.5701962,-2.1313553],"to":[10.950969,4.884004,6.239344],"rotation":{"angle":22.5,"axis":"x","origin":[7.9570684,-0.6027756,0.58759403]},"faces":{"east":{"uv":[9.5625,1.625,10.5,2.4375],"rotation":0,"texture":"#0","tintindex":0},"south":{"uv":[7.625,11.5,8.25,12.3125],"rotation":0,"texture":"#0","tintindex":0},"north":{"uv":[11.5,6.0,12.125,6.8125],"rotation":0,"texture":"#0","tintindex":0},"west":{"uv":[9.25,9.8125,10.1875,10.625],"rotation":0,"texture":"#0","tintindex":0},"up":{"uv":[10.4375,11.875,9.8125,10.9375],"rotation":0,"texture":"#0","tintindex":0},"down":{"uv":[9.125,11.0,8.5,11.9375],"rotation":0,"texture":"#0","tintindex":0}}},{"from":[5.777254,-5.001775,13.175057],"to":[10.665255,-1.5801744,22.156757],"rotation":{"angle":-22.5,"axis":"x","origin":[3.374568,3.3416214,10.761607]},"faces":{"east":{"uv":[12.125,6.25,13.125,6.625],"rotation":0,"texture":"#0","tintindex":0},"south":{"uv":[12.5,13.125,13.0625,13.5],"rotation":0,"texture":"#0","tintindex":0},"north":{"uv":[13.125,11.625,13.6875,12.0],"rotation":0,"texture":"#0","tintindex":0},"west":{"uv":[12.1875,10.25,13.1875,10.625],"rotation":0,"texture":"#0","tintindex":0},"up":{"uv":[11.0,12.0,10.4375,11.0],"rotation":0,"texture":"#0","tintindex":0},"down":{"uv":[11.5625,11.0,11.0,12.0],"rotation":0,"texture":"#0","tintindex":0}}},{"from":[1.2971678,3.7477455,12.930657],"to":[14.616968,15.112346,25.211758],"rotation":{"angle":0.0,"axis":"y","origin":[8.201468,9.430046,19.071209]},"faces":{"east":{"uv":[5.75,0.0,7.0625,1.25],"rotation":0,"texture":"#0","tintindex":0},"south":{"uv":[4.625,4.5625,6.0625,5.8125],"rotation":0,"texture":"#0","tintindex":0},"north":{"uv":[3.1875,4.5625,4.625,5.8125],"rotation":0,"texture":"#0","tintindex":0},"west":{"uv":[3.1875,5.8125,4.5,7.0625],"rotation":0,"texture":"#0","tintindex":0},"up":{"uv":[4.6875,4.5625,3.25,3.25],"rotation":0,"texture":"#0","tintindex":0},"down":{"uv":[5.75,0.0,4.3125,1.3125],"rotation":0,"texture":"#0","tintindex":0}}},{"from":[3.496768,-0.016015053,15.863458],"to":[12.906168,8.415786,24.722958],"rotation":{"angle":0.0,"axis":"y","origin":[3.374568,9.332286,23.714808]},"faces":{"east":{"uv":[8.4375,0.0,9.4375,0.9375],"rotation":0,"texture":"#0","tintindex":0},"south":{"uv":[5.25,8.4375,6.25,9.375],"rotation":0,"texture":"#0","tintindex":0},"north":{"uv":[0.0,8.4375,1.0,9.375],"rotation":0,"texture":"#0","tintindex":0},"west":{"uv":[8.5625,1.9375,9.5625,2.875],"rotation":0,"texture":"#0","tintindex":0},"up":{"uv":[8.875,1.9375,7.875,0.9375],"rotation":0,"texture":"#0","tintindex":0},"down":{"uv":[4.0625,8.25,3.0625,9.25],"rotation":0,"texture":"#0","tintindex":0}}}],"display":{"head":{"translation":[0.0,-6.4,0.0],"scale":[4.0,4.0,4.0]}}}