{"textures":{"0":"modelengine:entity/trex"},"elements":[{"from":[7.1614027,4.8796997,10.263769],"to":[8.872203,8.0569,12.341169],"rotation":{"angle":-45.0,"axis":"x","origin":[8.994403,3.2910995,9.102869]},"faces":{"east":{"uv":[6.0625,5.375,6.3125,5.75],"rotation":0,"texture":"#0","tintindex":0},"south":{"uv":[3.0625,12.4375,3.25,12.8125],"rotation":0,"texture":"#0","tintindex":0},"north":{"uv":[4.0625,8.25,4.25,8.625],"rotation":0,"texture":"#0","tintindex":0},"west":{"uv":[1.0,8.9375,1.25,9.3125],"rotation":0,"texture":"#0","tintindex":0},"up":{"uv":[8.5625,8.25,8.375,8.0],"rotation":0,"texture":"#0","tintindex":0},"down":{"uv":[9.375,4.0625,9.1875,4.3125],"rotation":0,"texture":"#0","tintindex":0}}},{"from":[7.2713823,2.4357,6.3533688],"to":[8.7377825,5.6129,7.9419684],"rotation":{"angle":45.0,"axis":"x","origin":[8.994403,3.2910995,9.102869]},"faces":{"east":{"uv":[13.75,0.375,13.9375,0.75],"rotation":0,"texture":"#0","tintindex":0},"south":{"uv":[0.75,13.75,0.9375,14.125],"rotation":0,"texture":"#0","tintindex":0},"north":{"uv":[12.25,13.6875,12.4375,14.0625],"rotation":0,"texture":"#0","tintindex":0},"west":{"uv":[0.9375,13.75,1.125,14.125],"rotation":0,"texture":"#0","tintindex":0},"up":{"uv":[14.125,1.5,13.9375,1.3125],"rotation":0,"texture":"#0","tintindex":0},"down":{"uv":[14.125,1.5,13.9375,1.6875],"rotation":0,"texture":"#0","tintindex":0}}},{"from":[8.139003,3.9020996,7.8197684],"to":[8.872203,5.6129,8.919569],"rotation":{"angle":-45.0,"axis":"x","origin":[9.483203,3.2910995,9.102869]},"faces":{"east":{"uv":[6.125,13.9375,6.25,14.125],"rotation":0,"texture":"#0","tintindex":0},"south":{"uv":[6.3125,5.5625,6.375,5.75],"rotation":0,"texture":"#0","tintindex":0},"north":{"uv":[6.3125,5.375,6.375,5.5625],"rotation":0,"texture":"#0","tintindex":0},"west":{"uv":[6.25,13.9375,6.375,14.125],"rotation":0,"texture":"#0","tintindex":0},"up":{"uv":[7.4375,8.6875,7.375,8.5625],"rotation":0,"texture":"#0","tintindex":0},"down":{"uv":[3.0625,8.6875,3.0,8.8125],"rotation":0,"texture":"#0","tintindex":0}}},{"from":[8.139003,2.4968,8.171068],"to":[8.872203,3.2299995,9.441948],"rotation":{"angle":22.5,"axis":"x","origin":[9.483203,3.2910995,9.102869]},"faces":{"east":{"uv":[5.75,1.25,5.875,1.3125],"rotation":0,"texture":"#0","tintindex":0},"south":{"uv":[6.5,1.25,6.5625,1.3125],"rotation":0,"texture":"#0","tintindex":0},"north":{"uv":[6.3125,5.75,6.375,5.8125],"rotation":0,"texture":"#0","tintindex":0},"west":{"uv":[5.875,1.25,6.0,1.3125],"rotation":0,"texture":"#0","tintindex":0},"up":{"uv":[7.4375,8.8125,7.375,8.6875],"rotation":0,"texture":"#0","tintindex":0},"down":{"uv":[3.0625,8.8125,3.0,8.9375],"rotation":0,"texture":"#0","tintindex":0}}},{"from":[8.444503,2.4275022,9.112172],"to":[8.444503,3.6495018,10.383052],"rotation":{"angle":0.0,"axis":"y","origin":[9.483203,2.7941022,9.747612]},"faces":{"east":{"uv":[8.0,13.1875,8.125,13.3125],"rotation":0,"texture":"#0","tintindex":0},"south":{"uv":[0.0,0.0,0.0,0.125],"rotation":0,"texture":"#0","tintindex":0},"north":{"uv":[0.0,0.0,0.0,0.125],"rotation":0,"texture":"#0","tintindex":0},"west":{"uv":[4.6875,13.25,4.8125,13.375],"rotation":0,"texture":"#0","tintindex":0},"up":{"uv":[0.0,0.125,0.0,0.0],"rotation":0,"texture":"#0","tintindex":0},"down":{"uv":[0.0,0.0,0.0,0.125],"rotation":0,"texture":"#0","tintindex":0}}},{"from":[7.1614027,2.4968,8.171068],"to":[7.8946023,3.2299995,9.441948],"rotation":{"angle":22.5,"axis":"x","origin":[8.505603,3.2910995,9.102869]},"faces":{"east":{"uv":[6.0,1.25,6.125,1.3125],"rotation":0,"texture":"#0","tintindex":0},"south":{"uv":[4.25,7.3125,4.3125,7.375],"rotation":0,"texture":"#0","tintindex":0},"north":{"uv":[6.5625,1.25,6.625,1.3125],"rotation":0,"texture":"#0","tintindex":0},"west":{"uv":[6.0625,5.75,6.1875,5.8125],"rotation":0,"texture":"#0","tintindex":0},"up":{"uv":[7.4375,8.9375,7.375,8.8125],"rotation":0,"texture":"#0","tintindex":0},"down":{"uv":[3.0625,8.9375,3.0,9.0625],"rotation":0,"texture":"#0","tintindex":0}}},{"from":[7.1614027,3.9020996,7.8197684],"to":[7.8946023,5.6129,8.919569],"rotation":{"angle":-45.0,"axis":"x","origin":[8.505603,3.2910995,9.102869]},"faces":{"east":{"uv":[6.375,13.9375,6.5,14.125],"rotation":0,"texture":"#0","tintindex":0},"south":{"uv":[2.0625,8.3125,2.125,8.5],"rotation":0,"texture":"#0","tintindex":0},"north":{"uv":[2.0625,8.125,2.125,8.3125],"rotation":0,"texture":"#0","tintindex":0},"west":{"uv":[13.9375,6.625,14.0625,6.8125],"rotation":0,"texture":"#0","tintindex":0},"up":{"uv":[7.4375,9.0625,7.375,8.9375],"rotation":0,"texture":"#0","tintindex":0},"down":{"uv":[3.0625,9.0625,3.0,9.1875],"rotation":0,"texture":"#0","tintindex":0}}},{"from":[7.4669027,2.4275022,9.112172],"to":[7.4669027,3.6495018,10.383052],"rotation":{"angle":0.0,"axis":"y","origin":[8.505603,2.7941022,9.747612]},"faces":{"east":{"uv":[4.8125,13.25,4.9375,13.375],"rotation":0,"texture":"#0","tintindex":0},"south":{"uv":[0.0,0.0,0.0,0.125],"rotation":0,"texture":"#0","tintindex":0},"north":{"uv":[0.0,0.0,0.0,0.125],"rotation":0,"texture":"#0","tintindex":0},"west":{"uv":[7.0,13.5625,7.125,13.6875],"rotation":0,"texture":"#0","tintindex":0},"up":{"uv":[0.0,0.125,0.0,0.0],"rotation":0,"texture":"#0","tintindex":0},"down":{"uv":[0.0,0.0,0.0,0.125],"rotation":0,"texture":"#0","tintindex":0}}}],"display":{"head":{"translation":[0.0,-6.4,0.0],"scale":[4.0,4.0,4.0]}}}