{"textures":{"0":"modelengine:entity/trex"},"elements":[{"from":[5.4419465,-1.5797243,1.6947637],"to":[10.574347,14.550676,11.409664],"rotation":{"angle":22.5,"axis":"x","origin":[8.741346,3.0027757,2.9744558]},"faces":{"east":{"uv":[4.3125,1.3125,5.375,3.0625],"rotation":0,"texture":"#0","tintindex":0},"south":{"uv":[7.4375,8.3125,8.0,10.0625],"rotation":0,"texture":"#0","tintindex":0},"north":{"uv":[1.25,7.625,1.8125,9.375],"rotation":0,"texture":"#0","tintindex":0},"west":{"uv":[0.0,4.5625,1.0625,6.3125],"rotation":0,"texture":"#0","tintindex":0},"up":{"uv":[3.875,11.9375,3.3125,10.875],"rotation":0,"texture":"#0","tintindex":0},"down":{"uv":[4.4375,10.875,3.875,11.9375],"rotation":0,"texture":"#0","tintindex":0}}},{"from":[5.478606,2.2334332,11.265095],"to":[10.513247,10.115334,15.847595],"rotation":{"angle":0.0,"axis":"y","origin":[8.741346,5.899433,13.556345]},"faces":{"east":{"uv":[3.3125,11.9375,3.8125,12.8125],"rotation":0,"texture":"#0","tintindex":0},"south":{"uv":[11.5625,10.625,12.125,11.5],"rotation":0,"texture":"#0","tintindex":0},"north":{"uv":[2.75,11.5625,3.3125,12.4375],"rotation":0,"texture":"#0","tintindex":0},"west":{"uv":[3.8125,11.9375,4.3125,12.8125],"rotation":0,"texture":"#0","tintindex":0},"up":{"uv":[13.3125,7.8125,12.75,7.3125],"rotation":0,"texture":"#0","tintindex":0},"down":{"uv":[13.3125,8.8125,12.75,9.3125],"rotation":0,"texture":"#0","tintindex":0}}},{"from":[5.4541664,0.8585987,9.597401],"to":[10.537687,5.441098,17.479301],"rotation":{"angle":-45.0,"axis":"x","origin":[8.741346,-0.5161514,15.0964]},"faces":{"east":{"uv":[11.75,8.5,12.625,9.0],"rotation":0,"texture":"#0","tintindex":0},"south":{"uv":[3.625,12.8125,4.1875,13.3125],"rotation":0,"texture":"#0","tintindex":0},"north":{"uv":[3.0625,12.8125,3.625,13.3125],"rotation":0,"texture":"#0","tintindex":0},"west":{"uv":[11.875,4.0625,12.75,4.5625],"rotation":0,"texture":"#0","tintindex":0},"up":{"uv":[12.125,12.375,11.5625,11.5],"rotation":0,"texture":"#0","tintindex":0},"down":{"uv":[0.5625,11.625,0.0,12.5],"rotation":0,"texture":"#0","tintindex":0}}}],"display":{"head":{"translation":[0.0,-6.4,0.0],"scale":[4.0,4.0,4.0]}}}