{"textures":{"0":"modelengine:entity/trex"},"elements":[{"from":[4.2499237,-1.9418087,2.1198444],"to":[11.089007,3.7574277,8.622214],"rotation":{"angle":-22.5,"axis":"x","origin":[7.643877,3.6682634,-4.0325212]},"faces":{"east":{"uv":[10.75,12.0,11.4375,12.625],"rotation":0,"texture":"#0","tintindex":0},"south":{"uv":[11.75,1.375,12.5,2.0],"rotation":0,"texture":"#0","tintindex":0},"north":{"uv":[6.75,11.6875,7.5,12.3125],"rotation":0,"texture":"#0","tintindex":0},"west":{"uv":[12.0625,7.3125,12.75,7.9375],"rotation":0,"texture":"#0","tintindex":0},"up":{"uv":[12.0625,9.9375,11.3125,9.25],"rotation":0,"texture":"#0","tintindex":0},"down":{"uv":[12.1875,9.9375,11.4375,10.625],"rotation":0,"texture":"#0","tintindex":0}}},{"from":[4.7151675,3.7326698,7.442719],"to":[10.623763,8.524975,10.199582],"rotation":{"angle":0.0,"axis":"y","origin":[7.6694655,7.0483637,3.816185]},"faces":{"east":{"uv":[6.0625,4.875,6.375,5.375],"rotation":0,"texture":"#0","tintindex":0},"south":{"uv":[12.6875,0.0,13.3125,0.5],"rotation":0,"texture":"#0","tintindex":0},"north":{"uv":[12.5625,12.625,13.1875,13.125],"rotation":0,"texture":"#0","tintindex":0},"west":{"uv":[1.8125,7.625,2.125,8.125],"rotation":0,"texture":"#0","tintindex":0},"up":{"uv":[9.5,1.9375,8.875,1.625],"rotation":0,"texture":"#0","tintindex":0},"down":{"uv":[13.8125,7.8125,13.1875,8.125],"rotation":0,"texture":"#0","tintindex":0}}},{"from":[5.2153044,-1.4575768,-4.6819773],"to":[10.100365,0.9616909,2.5060396],"rotation":{"angle":-45.0,"axis":"x","origin":[7.6578345,2.2960153,-4.5645437]},"faces":{"east":{"uv":[13.1875,5.0625,14.0,5.3125],"rotation":0,"texture":"#0","tintindex":0},"south":{"uv":[13.3125,7.3125,13.875,7.5625],"rotation":0,"texture":"#0","tintindex":0},"north":{"uv":[13.3125,4.75,13.875,5.0],"rotation":0,"texture":"#0","tintindex":0},"west":{"uv":[13.1875,5.3125,14.0,5.5625],"rotation":0,"texture":"#0","tintindex":0},"up":{"uv":[12.3125,5.625,11.75,4.8125],"rotation":0,"texture":"#0","tintindex":0},"down":{"uv":[10.25,11.875,9.6875,12.6875],"rotation":0,"texture":"#0","tintindex":0}}},{"from":[9.821218,0.86864233,-4.6819773],"to":[9.821218,2.8226662,2.5060396],"rotation":{"angle":-45.0,"axis":"x","origin":[7.6578345,2.2960153,-4.5645437]},"faces":{"east":{"uv":[12.125,6.625,12.9375,6.8125],"rotation":0,"texture":"#0","tintindex":0},"south":{"uv":[0.0,0.0,0.0,0.1875],"rotation":0,"texture":"#0","tintindex":0},"north":{"uv":[0.0,0.0,0.0,0.1875],"rotation":0,"texture":"#0","tintindex":0},"west":{"uv":[13.3125,4.5625,14.125,4.75],"rotation":0,"texture":"#0","tintindex":0},"up":{"uv":[0.0,0.8125,0.0,0.0],"rotation":0,"texture":"#0","tintindex":0},"down":{"uv":[0.0,0.0,0.0,0.8125],"rotation":0,"texture":"#0","tintindex":0}}},{"from":[9.402498,0.59442234,-6.724148],"to":[9.402498,2.5484457,-4.18857],"rotation":{"angle":0.0,"axis":"y","origin":[9.402498,1.5722661,-9.564995]},"faces":{"east":{"uv":[13.75,8.75,14.0,8.9375],"rotation":0,"texture":"#0","tintindex":0},"south":{"uv":[0.0,0.0,0.0,0.1875],"rotation":0,"texture":"#0","tintindex":0},"north":{"uv":[0.0,0.0,0.0,0.1875],"rotation":0,"texture":"#0","tintindex":0},"west":{"uv":[13.75,12.3125,14.0,12.5],"rotation":0,"texture":"#0","tintindex":0},"up":{"uv":[0.0,0.25,0.0,0.0],"rotation":0,"texture":"#0","tintindex":0},"down":{"uv":[0.0,0.0,0.0,0.25],"rotation":0,"texture":"#0","tintindex":0}}},{"from":[5.7968593,0.59442234,-6.724148],"to":[5.7968593,2.5484457,-4.18857],"rotation":{"angle":0.0,"axis":"y","origin":[5.7968593,1.5722661,-9.564995]},"faces":{"east":{"uv":[14.0,12.3125,13.75,12.5],"rotation":0,"texture":"#0","tintindex":0},"south":{"uv":[0.0,0.0,0.0,0.1875],"rotation":0,"texture":"#0","tintindex":0},"north":{"uv":[0.0,0.0,0.0,0.1875],"rotation":0,"texture":"#0","tintindex":0},"west":{"uv":[14.0,8.75,13.75,8.9375],"rotation":0,"texture":"#0","tintindex":0},"up":{"uv":[0.0,0.25,0.0,0.0],"rotation":0,"texture":"#0","tintindex":0},"down":{"uv":[0.0,0.0,0.0,0.25],"rotation":0,"texture":"#0","tintindex":0}}},{"from":[5.37814,0.86864233,-4.6819773],"to":[5.37814,2.8226662,2.5060396],"rotation":{"angle":-45.0,"axis":"x","origin":[7.5415235,2.2960153,-4.5645437]},"faces":{"east":{"uv":[14.125,4.5625,13.3125,4.75],"rotation":0,"texture":"#0","tintindex":0},"south":{"uv":[0.0,0.0,0.0,0.1875],"rotation":0,"texture":"#0","tintindex":0},"north":{"uv":[0.0,0.0,0.0,0.1875],"rotation":0,"texture":"#0","tintindex":0},"west":{"uv":[12.9375,6.625,12.125,6.8125],"rotation":0,"texture":"#0","tintindex":0},"up":{"uv":[0.0,0.8125,0.0,0.0],"rotation":0,"texture":"#0","tintindex":0},"down":{"uv":[0.0,0.0,0.0,0.8125],"rotation":0,"texture":"#0","tintindex":0}}},{"from":[5.8084903,-0.42346096,-7.0548897],"to":[9.274556,1.5305638,-7.0548897],"rotation":{"angle":-22.5,"axis":"x","origin":[7.5415235,1.339644,-9.285849]},"faces":{"east":{"uv":[0.0,0.0,0.0,0.1875],"rotation":0,"texture":"#0","tintindex":0},"south":{"uv":[12.8125,10.0625,13.1875,10.25],"rotation":0,"texture":"#0","tintindex":0},"north":{"uv":[4.3125,3.0625,4.6875,3.25],"rotation":0,"texture":"#0","tintindex":0},"west":{"uv":[0.0,0.0,0.0,0.1875],"rotation":0,"texture":"#0","tintindex":0},"up":{"uv":[0.375,0.0,0.0,0.0],"rotation":0,"texture":"#0","tintindex":0},"down":{"uv":[0.375,0.0,0.0,0.0],"rotation":0,"texture":"#0","tintindex":0}}},{"from":[5.4479265,-3.0701847,-1.5041628],"to":[9.867743,0.27957058,3.8228784],"rotation":{"angle":-22.5,"axis":"x","origin":[7.6380615,1.4611197,-7.4919643]},"faces":{"east":{"uv":[13.0625,13.125,13.625,13.5],"rotation":0,"texture":"#0","tintindex":0},"south":{"uv":[13.25,3.875,13.75,4.25],"rotation":0,"texture":"#0","tintindex":0},"north":{"uv":[2.1875,13.25,2.6875,13.625],"rotation":0,"texture":"#0","tintindex":0},"west":{"uv":[13.1875,1.375,13.75,1.75],"rotation":0,"texture":"#0","tintindex":0},"up":{"uv":[13.1875,5.625,12.6875,5.0625],"rotation":0,"texture":"#0","tintindex":0},"down":{"uv":[13.25,3.9375,12.75,4.5],"rotation":0,"texture":"#0","tintindex":0}}},{"from":[5.91317,-3.0236607,-6.156601],"to":[9.402498,-1.0696363,-0.36431503],"rotation":{"angle":-22.5,"axis":"x","origin":[7.6380615,1.4611197,-7.4919643]},"faces":{"east":{"uv":[11.125,1.375,11.75,1.5625],"rotation":0,"texture":"#0","tintindex":0},"south":{"uv":[13.75,0.0,14.125,0.1875],"rotation":0,"texture":"#0","tintindex":0},"north":{"uv":[0.0,13.75,0.375,13.9375],"rotation":0,"texture":"#0","tintindex":0},"west":{"uv":[11.875,13.5,12.5,13.6875],"rotation":0,"texture":"#0","tintindex":0},"up":{"uv":[9.25,6.125,8.875,5.5],"rotation":0,"texture":"#0","tintindex":0},"down":{"uv":[4.0625,9.25,3.6875,9.875],"rotation":0,"texture":"#0","tintindex":0}}},{"from":[5.6921797,-1.8694019,-5.709385],"to":[9.600227,0.08462286,-2.3363676],"rotation":{"angle":-22.5,"axis":"x","origin":[7.6380615,-0.6324768,-7.026721]},"faces":{"east":{"uv":[13.75,0.1875,14.125,0.375],"rotation":0,"texture":"#0","tintindex":0},"south":{"uv":[11.375,13.6875,11.8125,13.875],"rotation":0,"texture":"#0","tintindex":0},"north":{"uv":[7.1875,13.6875,7.625,13.875],"rotation":0,"texture":"#0","tintindex":0},"west":{"uv":[0.375,13.75,0.75,13.9375],"rotation":0,"texture":"#0","tintindex":0},"up":{"uv":[13.75,0.375,13.3125,0.0],"rotation":0,"texture":"#0","tintindex":0},"down":{"uv":[13.75,0.375,13.3125,0.75],"rotation":0,"texture":"#0","tintindex":0}}},{"from":[6.145792,-1.1029491,-6.5542297],"to":[9.169876,-0.056150436,-4.134962],"rotation":{"angle":22.5,"axis":"x","origin":[7.6380615,-0.53942776,-7.026721]},"faces":{"east":{"uv":[2.75,3.125,3.0,3.25],"rotation":0,"texture":"#0","tintindex":0},"south":{"uv":[12.8125,6.125,13.125,6.25],"rotation":0,"texture":"#0","tintindex":0},"north":{"uv":[12.4375,3.9375,12.75,4.0625],"rotation":0,"texture":"#0","tintindex":0},"west":{"uv":[8.3125,4.375,8.5625,4.5],"rotation":0,"texture":"#0","tintindex":0},"up":{"uv":[10.8125,2.3125,10.5,2.0625],"rotation":0,"texture":"#0","tintindex":0},"down":{"uv":[12.0625,9.0,11.75,9.25],"rotation":0,"texture":"#0","tintindex":0}}},{"from":[5.6875267,-1.1683388,-6.977337],