{"textures":{"0":"modelengine:entity/trex"},"elements":[{"from":[3.8452,9.854688,5.64707],"to":[12.1548,19.997288,13.022127],"rotation":{"angle":45.0,"axis":"x","origin":[3.2342,14.437188,3.9973698]},"faces":{"east":{"uv":[8.5625,4.375,9.375,5.5],"rotation":0,"texture":"#0","tintindex":0},"south":{"uv":[2.125,7.5625,3.0625,8.6875],"rotation":0,"texture":"#0","tintindex":0},"north":{"uv":[7.4375,7.1875,8.375,8.3125],"rotation":0,"texture":"#0","tintindex":0},"west":{"uv":[8.5625,7.5,9.375,8.625],"rotation":0,"texture":"#0","tintindex":0},"up":{"uv":[10.8125,3.25,9.875,2.4375],"rotation":0,"texture":"#0","tintindex":0},"down":{"uv":[10.8125,3.25,9.875,4.0625],"rotation":0,"texture":"#0","tintindex":0}}},{"from":[4.8227997,8.046128,6.13587],"to":[11.1772,9.8791275,14.082356],"rotation":{"angle":45.0,"axis":"x","origin":[3.2342,14.437188,3.9973698]},"faces":{"east":{"uv":[4.6875,4.375,5.5625,4.5625],"rotation":0,"texture":"#0","tintindex":0},"south":{"uv":[13.3125,9.0625,14.0,9.25],"rotation":0,"texture":"#0","tintindex":0},"north":{"uv":[13.3125,7.5625,14.0,7.75],"rotation":0,"texture":"#0","tintindex":0},"west":{"uv":[12.9375,7.125,13.8125,7.3125],"rotation":0,"texture":"#0","tintindex":0},"up":{"uv":[5.875,11.6875,5.1875,10.8125],"rotation":0,"texture":"#0","tintindex":0},"down":{"uv":[7.625,10.8125,6.9375,11.6875],"rotation":0,"texture":"#0","tintindex":0}}}],"display":{"head":{"translation":[0.0,-6.4,0.0],"scale":[4.0,4.0,4.0]}}}