{"textures":{"0":"modelengine:entity/trex"},"elements":[{"from":[5.04276,10.777701,1.2083502],"to":[10.95724,20.187101,6.7073507],"rotation":{"angle":22.5,"axis":"x","origin":[8.0,18.659603,-0.93015003]},"faces":{"east":{"uv":[9.1875,10.625,9.8125,11.625],"rotation":0,"texture":"#0","tintindex":0},"south":{"uv":[10.6875,5.0625,11.3125,6.0625],"rotation":0,"texture":"#0","tintindex":0},"north":{"uv":[10.5,4.0625,11.125,5.0625],"rotation":0,"texture":"#0","tintindex":0},"west":{"uv":[10.6875,7.5,11.3125,8.5],"rotation":0,"texture":"#0","tintindex":0},"up":{"uv":[12.8125,10.25,12.1875,9.625],"rotation":0,"texture":"#0","tintindex":0},"down":{"uv":[12.875,2.5,12.25,3.125],"rotation":0,"texture":"#0","tintindex":0}}},{"from":[4.5783997,11.551035,2.7381735],"to":[11.4216,20.960436,8.897054],"rotation":{"angle":45.0,"axis":"x","origin":[8.15886,14.464914,0.03442335]},"faces":{"east":{"uv":[10.1875,9.9375,10.875,10.9375],"rotation":0,"texture":"#0","tintindex":0},"south":{"uv":[9.9375,5.5,10.6875,6.5],"rotation":0,"texture":"#0","tintindex":0},"north":{"uv":[3.6875,9.875,4.4375,10.875],"rotation":0,"texture":"#0","tintindex":0},"west":{"uv":[10.25,6.5,10.9375,7.5],"rotation":0,"texture":"#0","tintindex":0},"up":{"uv":[12.0625,7.8125,11.3125,7.125],"rotation":0,"texture":"#0","tintindex":0},"down":{"uv":[12.0625,7.8125,11.3125,8.5],"rotation":0,"texture":"#0","tintindex":0}}},{"from":[6.0448,4.0682077,-0.60781956],"to":[9.9552,11.033608,7.9950604],"rotation":{"angle":0.0,"axis":"y","origin":[8.0,11.503053,-1.2703438]},"faces":{"east":{"uv":[4.4375,10.0625,5.375,10.8125],"rotation":0,"texture":"#0","tintindex":0},"south":{"uv":[1.75,12.5,2.1875,13.25],"rotation":0,"texture":"#0","tintindex":0},"north":{"uv":[0.0,12.5,0.4375,13.25],"rotation":0,"texture":"#0","tintindex":0},"west":{"uv":[7.375,10.0625,8.3125,10.8125],"rotation":0,"texture":"#0","tintindex":0},"up":{"uv":[2.75,12.625,2.3125,11.6875],"rotation":0,"texture":"#0","tintindex":0},"down":{"uv":[12.5625,12.125,12.125,13.0625],"rotation":0,"texture":"#0","tintindex":0}}},{"from":[5.83706,4.8477745,2.7106037],"to":[10.23626,6.680774,8.942804],"rotation":{"angle":45.0,"axis":"x","origin":[3.2708597,10.798915,5.6556234]},"faces":{"east":{"uv":[13.375,5.875,14.0625,6.0625],"rotation":0,"texture":"#0","tintindex":0},"south":{"uv":[13.5625,10.8125,14.0625,11.0],"rotation":0,"texture":"#0","tintindex":0},"north":{"uv":[13.5625,10.625,14.0625,10.8125],"rotation":0,"texture":"#0","tintindex":0},"west":{"uv":[6.4375,13.375,7.125,13.5625],"rotation":0,"texture":"#0","tintindex":0},"up":{"uv":[5.25,9.3125,4.75,8.625],"rotation":0,"texture":"#0","tintindex":0},"down":{"uv":[5.875,10.0625,5.375,10.75],"rotation":0,"texture":"#0","tintindex":0}}}],"display":{"head":{"translation":[0.0,-6.4,0.0],"scale":[4.0,4.0,4.0]}}}