{"textures":{"0":"modelengine:entity/trex"},"elements":[{"from":[5.9226,-1.7591858,6.0639973],"to":[10.0774,9.361014,12.112898],"rotation":{"angle":-22.5,"axis":"x","origin":[8.0,7.1088433,7.9357486]},"faces":{"east":{"uv":[3.6875,9.25,3.0,10.4375],"rotation":0,"texture":"#0","tintindex":0},"south":{"uv":[6.3125,11.125,5.875,12.3125],"rotation":0,"texture":"#0","tintindex":0},"north":{"uv":[2.75,10.5,2.3125,11.6875],"rotation":0,"texture":"#0","tintindex":0},"west":{"uv":[9.875,2.875,9.1875,4.0625],"rotation":0,"texture":"#0","tintindex":0},"up":{"uv":[6.9375,10.8125,7.375,10.125],"rotation":0,"texture":"#0","tintindex":0},"down":{"uv":[9.625,12.6875,10.0625,13.375],"rotation":0,"texture":"#0","tintindex":0}}}],"display":{"head":{"translation":[0.0,-6.4,0.0],"scale":[4.0,4.0,4.0]}}}