{"textures":{"0":"modelengine:entity/trex"},"elements":[{"from":[5.3402452,5.831315,5.2096443],"to":[10.472646,8.455704,9.364445],"rotation":{"angle":0.0,"axis":"y","origin":[8.150846,6.5963945,3.8043442]},"faces":{"east":{"uv":[5.5625,13.375,5.125,13.6875],"rotation":0,"texture":"#0","tintindex":0},"south":{"uv":[12.0625,6.8125,11.5,7.125],"rotation":0,"texture":"#0","tintindex":0},"north":{"uv":[7.1875,2.3125,6.625,2.625],"rotation":0,"texture":"#0","tintindex":0},"west":{"uv":[5.125,13.375,4.6875,13.6875],"rotation":0,"texture":"#0","tintindex":0},"up":{"uv":[5.375,3.0625,5.9375,2.625],"rotation":0,"texture":"#0","tintindex":0},"down":{"uv":[11.375,13.0,11.9375,13.4375],"rotation":0,"texture":"#0","tintindex":0}}},{"from":[7.063266,5.8884573,2.3379436],"to":[8.896266,7.8436575,6.981544],"rotation":{"angle":0.0,"axis":"y","origin":[8.150846,6.5963945,3.8043442]},"faces":{"east":{"uv":[14.0625,11.1875,13.5625,11.375],"rotation":0,"texture":"#0","tintindex":0},"south":{"uv":[2.25,13.8125,2.0625,14.0],"rotation":0,"texture":"#0","tintindex":0},"north":{"uv":[14.0,1.125,13.8125,1.3125],"rotation":0,"texture":"#0","tintindex":0},"west":{"uv":[14.0625,11.0,13.5625,11.1875],"rotation":0,"texture":"#0","tintindex":0},"up":{"uv":[0.5625,12.125,0.75,11.625],"rotation":0,"texture":"#0","tintindex":0},"down":{"uv":[6.4375,12.4375,6.625,12.9375],"rotation":0,"texture":"#0","tintindex":0}}},{"from":[7.1610255,5.8884573,0.6112733],"to":[8.847385,7.7214575,2.4442735],"rotation":{"angle":0.0,"axis":"y","origin":[8.150846,6.666159,4.1550736]},"faces":{"east":{"uv":[3.25,13.8125,3.0625,14.0],"rotation":0,"texture":"#0","tintindex":0},"south":{"uv":[3.0625,13.8125,2.875,14.0],"rotation":0,"texture":"#0","tintindex":0},"north":{"uv":[2.4375,13.8125,2.25,14.0],"rotation":0,"texture":"#0","tintindex":0},"west":{"uv":[2.625,13.8125,2.4375,14.0],"rotation":0,"texture":"#0","tintindex":0},"up":{"uv":[13.8125,3.3125,14.0,3.125],"rotation":0,"texture":"#0","tintindex":0},"down":{"uv":[3.25,13.8125,3.4375,14.0],"rotation":0,"texture":"#0","tintindex":0}}},{"from":[8.0286455,5.8884573,-1.2217274],"to":[8.0286455,7.7214575,0.6112733],"rotation":{"angle":0.0,"axis":"y","origin":[8.150846,6.666159,4.1550736]},"faces":{"east":{"uv":[3.8125,13.8125,3.625,14.0],"rotation":0,"texture":"#0","tintindex":0},"south":{"uv":[0.0,0.0,0.0,0.1875],"rotation":0,"texture":"#0","tintindex":0},"north":{"uv":[0.0,0.0,0.0,0.1875],"rotation":0,"texture":"#0","tintindex":0},"west":{"uv":[3.625,13.8125,3.4375,14.0],"rotation":0,"texture":"#0","tintindex":0},"up":{"uv":[0.0,0.1875,0.0,0.0],"rotation":0,"texture":"#0","tintindex":0},"down":{"uv":[0.0,0.0,0.0,0.1875],"rotation":0,"texture":"#0","tintindex":0}}},{"from":[9.507266,5.8884573,2.826744],"to":[11.340265,7.8436575,7.470344],"rotation":{"angle":-22.5,"axis":"y","origin":[8.150846,6.5963945,3.8043442]},"faces":{"east":{"uv":[2.6875,13.625,2.1875,13.8125],"rotation":0,"texture":"#0","tintindex":0},"south":{"uv":[14.0,5.5625,13.8125,5.75],"rotation":0,"texture":"#0","tintindex":0},"north":{"uv":[14.0,4.25,13.8125,4.4375],"rotation":0,"texture":"#0","tintindex":0},"west":{"uv":[14.0625,11.375,13.5625,11.5625],"rotation":0,"texture":"#0","tintindex":0},"up":{"uv":[8.9375,14.0,9.125,13.5],"rotation":0,"texture":"#0","tintindex":0},"down":{"uv":[2.6875,13.5625,2.875,14.0625],"rotation":0,"texture":"#0","tintindex":0}}},{"from":[9.458385,5.8884573,1.1159015],"to":[11.144746,7.7214575,2.9489021],"rotation":{"angle":-22.5,"axis":"y","origin":[8.150846,6.666159,4.1550736]},"faces":{"east":{"uv":[14.0,8.125,13.8125,8.3125],"rotation":0,"texture":"#0","tintindex":0},"south":{"uv":[14.0,7.9375,13.8125,8.125],"rotation":0,"texture":"#0","tintindex":0},"north":{"uv":[14.0,7.125,13.8125,7.3125],"rotation":0,"texture":"#0","tintindex":0},"west":{"uv":[14.0,7.75,13.8125,7.9375],"rotation":0,"texture":"#0","tintindex":0},"up":{"uv":[13.8125,8.5,14.0,8.3125],"rotation":0,"texture":"#0","tintindex":0},"down":{"uv":[13.8125,8.5,14.0,8.6875],"rotation":0,"texture":"#0","tintindex":0}}},{"from":[10.326006,5.8884573,-0.4885273],"to":[10.326006,7.7214575,1.3444734],"rotation":{"angle":-22.5,"axis":"y","origin":[8.150846,6.666159,4.1550736]},"faces":{"east":{"uv":[9.5,13.8125,9.3125,14.0],"rotation":0,"texture":"#0","tintindex":0},"south":{"uv":[0.0,0.0,0.0,0.1875],"rotation":0,"texture":"#0","tintindex":0},"north":{"uv":[0.0,0.0,0.0,0.1875],"rotation":0,"texture":"#0","tintindex":0},"west":{"uv":[9.3125,13.8125,9.125,14.0],"rotation":0,"texture":"#0","tintindex":0},"up":{"uv":[0.0,0.1875,0.0,0.0],"rotation":0,"texture":"#0","tintindex":0},"down":{"uv":[0.0,0.0,0.0,0.1875],"rotation":0,"texture":"#0","tintindex":0}}},{"from":[3.6172256,5.8884573,8.203545],"to":[5.4502254,7.8436575,12.847144],"rotation":{"angle":22.5,"axis":"y","origin":[-5.902155,6.5963945,3.8043442]},"faces":{"east":{"uv":[3.875,13.625,3.375,13.8125],"rotation":0,"texture":"#0","tintindex":0},"south":{"uv":[9.875,13.8125,9.6875,14.0],"rotation":0,"texture":"#0","tintindex":0},"north":{"uv":[9.6875,13.8125,9.5,14.0],"rotation":0,"texture":"#0","tintindex":0},"west":{"uv":[3.375,13.625,2.875,13.8125],"rotation":0,"texture":"#0","tintindex":0},"up":{"uv":[3.875,14.125,4.0625,13.625],"rotation":0,"texture":"#0","tintindex":0},"down":{"uv":[8.0,13.625,8.1875,14.125],"rotation":0,"texture":"#0","tintindex":0}}},{"from":[3.8127456,5.8884573,6.5257535],"to":[5.4991055,7.7214575,8.358753],"rotation":{"angle":22.5,"axis":"y","origin":[-5.902155,6.666159,4.1550736]},"faces":{"east":{"uv":[14.0,11.9375,13.8125,12.125],"rotation":0,"texture":"#0","tintindex":0},"south":{"uv":[11.0625,13.8125,10.875,14.0],"rotation":0,"texture":"#0","tintindex":0},"north":{"uv":[10.0625,13.8125,9.875,14.0],"rotation":0,"texture":"#0","tintindex":0},"west":{"uv":[10.875,13.8125,10.6875,14.0],"rotation":0,"texture":"#0","tintindex":0},"up":{"uv":[13.8125,12.3125,14.0,12.125],"rotation":0,"texture":"#0","tintindex":0},"down":{"uv":[13.8125,12.8125,14.0,13.0],"rotation":0,"texture":"#0","tintindex":0}}},{"from":[4.6314855,5.8884573,4.692754],"to":[4.6314855,7.7214575,6.5257535],"rotation":{"angle":22.5,"axis":"y","origin":[-5.902155,6.666159,4.1550736]},"faces":{"east":{"uv":[14.0,13.5,13.8125,13.6875],"rotation":0,"texture":"#0","tintindex":0},"south":{"uv":[0.0,0.0,0.0,0.1875],"rotation":0,"texture":"#0","tintindex":0},"north":{"uv":[0.0,0.0,0.0,0.1875],"rotation":0,"texture":"#0","tintindex":0},"west":{"uv":[14.0,13.0,13.8125,13.1875],"rotation":0,"texture":"#0","tintindex":0},"up":{"uv":[0.0,0.1875,0.0,0.0],"rotation":0,"texture":"#0","tintindex":0},"down":{"uv":[0.0,0.0,0.0,0.1875],"rotation":0,"texture":"#0","tintindex":0}}}],"display":{"head":{"translation":[0.0,-6.4,0.0],"scale":[4.0,4.0,4.0]}}}