{"textures":{"0":"modelengine:entity/trex"},"elements":[{"from":[5.4256535,-1.5797243,1.6947637],"to":[10.558054,14.550676,11.409664],"rotation":{"angle":22.5,"axis":"x","origin":[7.258653,3.0027757,2.9744558]},"faces":{"east":{"uv":[1.0625,4.5625,0.0,6.3125],"rotation":0,"texture":"#0","tintindex":0},"south":{"uv":[8.0,8.3125,7.4375,10.0625],"rotation":0,"texture":"#0","tintindex":0},"north":{"uv":[1.8125,7.625,1.25,9.375],"rotation":0,"texture":"#0","tintindex":0},"west":{"uv":[5.375,1.3125,4.3125,3.0625],"rotation":0,"texture":"#0","tintindex":0},"up":{"uv":[3.3125,11.9375,3.875,10.875],"rotation":0,"texture":"#0","tintindex":0},"down":{"uv":[3.875,10.875,4.4375,11.9375],"rotation":0,"texture":"#0","tintindex":0}}},{"from":[5.4867535,2.2334332,11.265095],"to":[10.521394,10.115334,15.847595],"rotation":{"angle":0.0,"axis":"y","origin":[7.258653,5.899433,13.556345]},"faces":{"east":{"uv":[4.3125,11.9375,3.8125,12.8125],"rotation":0,"texture":"#0","tintindex":0},"south":{"uv":[12.125,10.625,11.5625,11.5],"rotation":0,"texture":"#0","tintindex":0},"north":{"uv":[3.3125,11.5625,2.75,12.4375],"rotation":0,"texture":"#0","tintindex":0},"west":{"uv":[3.8125,11.9375,3.3125,12.8125],"rotation":0,"texture":"#0","tintindex":0},"up":{"uv":[12.75,7.8125,13.3125,7.3125],"rotation":0,"texture":"#0","tintindex":0},"down":{"uv":[12.75,8.8125,13.3125,9.3125],"rotation":0,"texture":"#0","tintindex":0}}},{"from":[5.462313,0.8585987,9.597401],"to":[10.545834,5.441098,17.479301],"rotation":{"angle":-45.0,"axis":"x","origin":[7.258653,-0.5161514,15.0964]},"faces":{"east":{"uv":[12.75,4.0625,11.875,4.5625],"rotation":0,"texture":"#0","tintindex":0},"south":{"uv":[4.1875,12.8125,3.625,13.3125],"rotation":0,"texture":"#0","tintindex":0},"north":{"uv":[3.625,12.8125,3.0625,13.3125],"rotation":0,"texture":"#0","tintindex":0},"west":{"uv":[12.625,8.5,11.75,9.0],"rotation":0,"texture":"#0","tintindex":0},"up":{"uv":[11.5625,12.375,12.125,11.5],"rotation":0,"texture":"#0","tintindex":0},"down":{"uv":[0.0,11.625,0.5625,12.5],"rotation":0,"texture":"#0","tintindex":0}}}],"display":{"head":{"translation":[0.0,-6.4,0.0],"scale":[4.0,4.0,4.0]}}}