{"textures":{"0":"modelengine:entity/trex"},"elements":[{"from":[6.4114,0.92480755,3.1970763],"to":[9.5886,10.866065,6.8630767],"rotation":{"angle":22.5,"axis":"x","origin":[8.2444,0.23466492,1.7091479]},"faces":{"east":{"uv":[5.375,12.3125,5.0,13.375],"rotation":0,"texture":"#0","tintindex":0},"south":{"uv":[12.6875,4.5625,12.3125,5.625],"rotation":0,"texture":"#0","tintindex":0},"north":{"uv":[9.125,11.9375,8.75,13.0],"rotation":0,"texture":"#0","tintindex":0},"west":{"uv":[12.6875,0.0,12.3125,1.0625],"rotation":0,"texture":"#0","tintindex":0},"up":{"uv":[3.3125,10.8125,3.6875,10.4375],"rotation":0,"texture":"#0","tintindex":0},"down":{"uv":[0.75,10.8125,1.125,11.1875],"rotation":0,"texture":"#0","tintindex":0}}}],"display":{"head":{"translation":[0.0,-6.4,0.0],"scale":[4.0,4.0,4.0]}}}