{"textures":{"0":"modelengine:entity/trex"},"elements":[{"from":[6.979343,4.5403833,10.6619625],"to":[8.690143,7.7175837,12.739363],"rotation":{"angle":-45.0,"axis":"x","origin":[6.857143,2.9517837,9.501062]},"faces":{"east":{"uv":[1.25,8.9375,1.0,9.3125],"rotation":0,"texture":"#0","tintindex":0},"south":{"uv":[3.25,12.4375,3.0625,12.8125],"rotation":0,"texture":"#0","tintindex":0},"north":{"uv":[4.25,8.25,4.0625,8.625],"rotation":0,"texture":"#0","tintindex":0},"west":{"uv":[6.3125,5.375,6.0625,5.75],"rotation":0,"texture":"#0","tintindex":0},"up":{"uv":[8.375,8.25,8.5625,8.0],"rotation":0,"texture":"#0","tintindex":0},"down":{"uv":[9.1875,4.0625,9.375,4.3125],"rotation":0,"texture":"#0","tintindex":0}}},{"from":[7.113763,2.0963836,6.7515626],"to":[8.580163,5.2735834,8.340162],"rotation":{"angle":45.0,"axis":"x","origin":[6.857143,2.9517837,9.501062]},"faces":{"east":{"uv":[1.125,13.75,0.9375,14.125],"rotation":0,"texture":"#0","tintindex":0},"south":{"uv":[0.9375,13.75,0.75,14.125],"rotation":0,"texture":"#0","tintindex":0},"north":{"uv":[12.4375,13.6875,12.25,14.0625],"rotation":0,"texture":"#0","tintindex":0},"west":{"uv":[13.9375,0.375,13.75,0.75],"rotation":0,"texture":"#0","tintindex":0},"up":{"uv":[13.9375,1.5,14.125,1.3125],"rotation":0,"texture":"#0","tintindex":0},"down":{"uv":[13.9375,1.5,14.125,1.6875],"rotation":0,"texture":"#0","tintindex":0}}},{"from":[6.979343,3.5627832,8.217962],"to":[7.712543,5.2735834,9.317762],"rotation":{"angle":-45.0,"axis":"x","origin":[6.368343,2.9517837,9.501062]},"faces":{"east":{"uv":[6.375,13.9375,6.25,14.125],"rotation":0,"texture":"#0","tintindex":0},"south":{"uv":[6.375,5.5625,6.3125,5.75],"rotation":0,"texture":"#0","tintindex":0},"north":{"uv":[6.375,5.375,6.3125,5.5625],"rotation":0,"texture":"#0","tintindex":0},"west":{"uv":[6.25,13.9375,6.125,14.125],"rotation":0,"texture":"#0","tintindex":0},"up":{"uv":[7.375,8.6875,7.4375,8.5625],"rotation":0,"texture":"#0","tintindex":0},"down":{"uv":[3.0,8.6875,3.0625,8.8125],"rotation":0,"texture":"#0","tintindex":0}}},{"from":[6.979343,2.1574836,8.5692625],"to":[7.712543,2.8906837,9.840142],"rotation":{"angle":22.5,"axis":"x","origin":[6.368343,2.9517837,9.501062]},"faces":{"east":{"uv":[6.0,1.25,5.875,1.3125],"rotation":0,"texture":"#0","tintindex":0},"south":{"uv":[6.5625,1.25,6.5,1.3125],"rotation":0,"texture":"#0","tintindex":0},"north":{"uv":[6.375,5.75,6.3125,5.8125],"rotation":0,"texture":"#0","tintindex":0},"west":{"uv":[5.875,1.25,5.75,1.3125],"rotation":0,"texture":"#0","tintindex":0},"up":{"uv":[7.375,8.8125,7.4375,8.6875],"rotation":0,"texture":"#0","tintindex":0},"down":{"uv":[3.0,8.8125,3.0625,8.9375],"rotation":0,"texture":"#0","tintindex":0}}},{"from":[7.407043,2.0881858,9.5103655],"to":[7.407043,3.310186,10.781246],"rotation":{"angle":0.0,"axis":"y","origin":[6.368343,2.4547858,10.145805]},"faces":{"east":{"uv":[4.8125,13.25,4.6875,13.375],"rotation":0,"texture":"#0","tintindex":0},"south":{"uv":[0.0,0.0,0.0,0.125],"rotation":0,"texture":"#0","tintindex":0},"north":{"uv":[0.0,0.0,0.0,0.125],"rotation":0,"texture":"#0","tintindex":0},"west":{"uv":[8.125,13.1875,8.0,13.3125],"rotation":0,"texture":"#0","tintindex":0},"up":{"uv":[0.0,0.125,0.0,0.0],"rotation":0,"texture":"#0","tintindex":0},"down":{"uv":[0.0,0.0,0.0,0.125],"rotation":0,"texture":"#0","tintindex":0}}},{"from":[7.956943,2.1574836,8.5692625],"to":[8.690143,2.8906837,9.840142],"rotation":{"angle":22.5,"axis":"x","origin":[7.345943,2.9517837,9.501062]},"faces":{"east":{"uv":[6.1875,5.75,6.0625,5.8125],"rotation":0,"texture":"#0","tintindex":0},"south":{"uv":[4.3125,7.3125,4.25,7.375],"rotation":0,"texture":"#0","tintindex":0},"north":{"uv":[6.625,1.25,6.5625,1.3125],"rotation":0,"texture":"#0","tintindex":0},"west":{"uv":[6.125,1.25,6.0,1.3125],"rotation":0,"texture":"#0","tintindex":0},"up":{"uv":[7.375,8.9375,7.4375,8.8125],"rotation":0,"texture":"#0","tintindex":0},"down":{"uv":[3.0,8.9375,3.0625,9.0625],"rotation":0,"texture":"#0","tintindex":0}}},{"from":[7.956943,3.5627832,8.217962],"to":[8.690143,5.2735834,9.317762],"rotation":{"angle":-45.0,"axis":"x","origin":[7.345943,2.9517837,9.501062]},"faces":{"east":{"uv":[14.0625,6.625,13.9375,6.8125],"rotation":0,"texture":"#0","tintindex":0},"south":{"uv":[2.125,8.3125,2.0625,8.5],"rotation":0,"texture":"#0","tintindex":0},"north":{"uv":[2.125,8.125,2.0625,8.3125],"rotation":0,"texture":"#0","tintindex":0},"west":{"uv":[6.5,13.9375,6.375,14.125],"rotation":0,"texture":"#0","tintindex":0},"up":{"uv":[7.375,9.0625,7.4375,8.9375],"rotation":0,"texture":"#0","tintindex":0},"down":{"uv":[3.0,9.0625,3.0625,9.1875],"rotation":0,"texture":"#0","tintindex":0}}},{"from":[8.384643,2.0881858,9.5103655],"to":[8.384643,3.310186,10.781246],"rotation":{"angle":0.0,"axis":"y","origin":[7.345943,2.4547858,10.145805]},"faces":{"east":{"uv":[7.125,13.5625,7.0,13.6875],"rotation":0,"texture":"#0","tintindex":0},"south":{"uv":[0.0,0.0,0.0,0.125],"rotation":0,"texture":"#0","tintindex":0},"north":{"uv":[0.0,0.0,0.0,0.125],"rotation":0,"texture":"#0","tintindex":0},"west":{"uv":[4.9375,13.25,4.8125,13.375],"rotation":0,"texture":"#0","tintindex":0},"up":{"uv":[0.0,0.125,0.0,0.0],"rotation":0,"texture":"#0","tintindex":0},"down":{"uv":[0.0,0.0,0.0,0.125],"rotation":0,"texture":"#0","tintindex":0}}}],"display":{"head":{"translation":[0.0,-6.4,0.0],"scale":[4.0,4.0,4.0]}}}