{"textures":{"0":"modelengine:entity/trex"},"elements":[{"from":[2.971757,4.237143,6.33257],"to":[14.336357,14.135344,16.65847],"rotation":{"angle":0.0,"axis":"y","origin":[3.827157,9.186243,6.7824345]},"faces":{"east":{"uv":[5.25,7.375,6.375,8.4375],"rotation":0,"texture":"#0","tintindex":0},"south":{"uv":[6.625,1.25,7.875,2.3125],"rotation":0,"texture":"#0","tintindex":0},"north":{"uv":[6.375,6.125,7.625,7.1875],"rotation":0,"texture":"#0","tintindex":0},"west":{"uv":[7.4375,4.5,8.5625,5.5625],"rotation":0,"texture":"#0","tintindex":0},"up":{"uv":[7.1875,3.75,5.9375,2.625],"rotation":0,"texture":"#0","tintindex":0},"down":{"uv":[7.3125,3.75,6.0625,4.875],"rotation":0,"texture":"#0","tintindex":0}}},{"from":[5.415757,1.450983,5.30609],"to":[11.892357,5.972383,16.60959],"rotation":{"angle":0.0,"axis":"y","origin":[8.6540575,3.076243,13.136835]},"faces":{"east":{"uv":[10.5,1.5625,11.75,2.0625],"rotation":0,"texture":"#0","tintindex":0},"south":{"uv":[12.5625,12.125,13.25,12.625],"rotation":0,"texture":"#0","tintindex":0},"north":{"uv":[4.3125,12.5,5.0,13.0],"rotation":0,"texture":"#0","tintindex":0},"west":{"uv":[10.8125,2.0625,12.0625,2.5625],"rotation":0,"texture":"#0","tintindex":0},"up":{"uv":[4.75,9.875,4.0625,8.625],"rotation":0,"texture":"#0","tintindex":0},"down":{"uv":[9.25,8.625,8.5625,9.875],"rotation":0,"texture":"#0","tintindex":0}}},{"from":[3.949357,5.605783,13.505485],"to":[13.358757,13.059984,24.808985],"rotation":{"angle":0.0,"axis":"y","origin":[3.827157,9.186243,6.7824345]},"faces":{"east":{"uv":[0.0,7.625,1.25,8.4375],"rotation":0,"texture":"#0","tintindex":0},"south":{"uv":[0.0,9.375,1.0,10.1875],"rotation":0,"texture":"#0","tintindex":0},"north":{"uv":[9.25,6.6875,10.25,7.5],"rotation":0,"texture":"#0","tintindex":0},"west":{"uv":[7.625,5.5625,8.875,6.375],"rotation":0,"texture":"#0","tintindex":0},"up":{"uv":[8.3125,4.5,7.3125,3.25],"rotation":0,"texture":"#0","tintindex":0},"down":{"uv":[5.25,7.375,4.25,8.625],"rotation":0,"texture":"#0","tintindex":0}}},{"from":[5.904557,2.9662633,14.483084],"to":[11.403557,6.510063,24.808985],"rotation":{"angle":0.0,"axis":"y","origin":[3.827157,9.186243,6.7824345]},"faces":{"east":{"uv":[11.1875,0.5,12.3125,0.875],"rotation":0,"texture":"#0","tintindex":0},"south":{"uv":[8.5625,2.875,9.1875,3.25],"rotation":0,"texture":"#0","tintindex":0},"north":{"uv":[7.875,1.9375,8.5,2.3125],"rotation":0,"texture":"#0","tintindex":0},"west":{"uv":[12.0625,7.9375,13.1875,8.3125],"rotation":0,"texture":"#0","tintindex":0},"up":{"uv":[9.1875,11.0,8.5625,9.875],"rotation":0,"texture":"#0","tintindex":0},"down":{"uv":[10.6875,7.5,10.0625,8.625],"rotation":0,"texture":"#0","tintindex":0}}}],"display":{"head":{"translation":[0.0,-6.4,0.0],"scale":[4.0,4.0,4.0]}}}