{"textures":{"0":"modelengine:entity/trex"},"elements":[{"from":[3.9673996,5.9269886,5.116741],"to":[11.9104,12.403589,15.442642],"rotation":{"angle":0.0,"axis":"y","origin":[3.112,9.311929,-9.991568]},"faces":{"east":{"uv":[4.75,9.375,5.875,10.0625],"rotation":0,"texture":"#0","tintindex":0},"south":{"uv":[7.625,10.8125,8.5,11.5],"rotation":0,"texture":"#0","tintindex":0},"north":{"uv":[10.8125,3.375,11.6875,4.0625],"rotation":0,"texture":"#0","tintindex":0},"west":{"uv":[9.375,4.8125,10.5,5.5],"rotation":0,"texture":"#0","tintindex":0},"up":{"uv":[9.1875,4.375,8.3125,3.25],"rotation":0,"texture":"#0","tintindex":0},"down":{"uv":[9.25,6.375,8.375,7.5],"rotation":0,"texture":"#0","tintindex":0}}},{"from":[5.4337997,3.6688519,4.9453125],"to":[10.444,6.7238517,15.271214],"rotation":{"angle":0.0,"axis":"y","origin":[3.112,9.311929,-9.991568]},"faces":{"east":{"uv":[12.25,1.0625,13.375,1.375],"rotation":0,"texture":"#0","tintindex":0},"south":{"uv":[13.25,12.0,13.8125,12.3125],"rotation":0,"texture":"#0","tintindex":0},"north":{"uv":[13.25,8.4375,13.8125,8.75],"rotation":0,"texture":"#0","tintindex":0},"west":{"uv":[12.25,3.125,13.375,3.4375],"rotation":0,"texture":"#0","tintindex":0},"up":{"uv":[3.3125,11.5625,2.75,10.4375],"rotation":0,"texture":"#0","tintindex":0},"down":{"uv":[2.3125,10.5,1.75,11.625],"rotation":0,"texture":"#0","tintindex":0}}},{"from":[4.7005997,5.9758687,13.178456],"to":[11.1772,11.963669,23.504356],"rotation":{"angle":0.0,"axis":"y","origin":[3.112,9.311929,1.4778051]},"faces":{"east":{"uv":[0.0,10.1875,1.125,10.8125],"rotation":0,"texture":"#0","tintindex":0},"south":{"uv":[12.125,5.625,12.8125,6.25],"rotation":0,"texture":"#0","tintindex":0},"north":{"uv":[12.0625,9.0,12.75,9.625],"rotation":0,"texture":"#0","tintindex":0},"west":{"uv":[10.1875,9.3125,11.3125,9.9375],"rotation":0,"texture":"#0","tintindex":0},"up":{"uv":[2.75,10.5,2.0625,9.375],"rotation":0,"texture":"#0","tintindex":0},"down":{"uv":[10.0625,7.5,9.375,8.625],"rotation":0,"texture":"#0","tintindex":0}}},{"from":[5.6782,4.8027487,13.178456],"to":[10.1996,5.902549,23.504356],"rotation":{"angle":0.0,"axis":"y","origin":[3.112,9.311929,1.4778051]},"faces":{"east":{"uv":[1.625,3.125,2.75,3.25],"rotation":0,"texture":"#0","tintindex":0},"south":{"uv":[13.75,3.8125,14.25,3.9375],"rotation":0,"texture":"#0","tintindex":0},"north":{"uv":[13.75,2.25,14.25,2.375],"rotation":0,"texture":"#0","tintindex":0},"west":{"uv":[12.875,3.0,14.0,3.125],"rotation":0,"texture":"#0","tintindex":0},"up":{"uv":[1.25,12.375,0.75,11.25],"rotation":0,"texture":"#0","tintindex":0},"down":{"uv":[1.75,11.25,1.25,12.375],"rotation":0,"texture":"#0","tintindex":0}}}],"display":{"head":{"translation":[0.0,-6.4,0.0],"scale":[4.0,4.0,4.0]}}}