{"textures":{"0":"modelengine:entity/trex"},"elements":[{"from":[4.9449997,6.1376405,6.521299],"to":[10.9328,10.65904,16.847198],"rotation":{"angle":0.0,"axis":"y","origin":[3.112,8.7405,-15.444153]},"faces":{"east":{"uv":[11.125,0.875,12.25,1.375],"rotation":0,"texture":"#0","tintindex":0},"south":{"uv":[12.6875,4.5625,13.3125,5.0625],"rotation":0,"texture":"#0","tintindex":0},"north":{"uv":[12.6875,0.5,13.3125,1.0],"rotation":0,"texture":"#0","tintindex":0},"west":{"uv":[11.1875,0.0,12.3125,0.5],"rotation":0,"texture":"#0","tintindex":0},"up":{"uv":[1.75,11.25,1.125,10.125],"rotation":0,"texture":"#0","tintindex":0},"down":{"uv":[6.9375,10.125,6.3125,11.25],"rotation":0,"texture":"#0","tintindex":0}}},{"from":[6.4114,4.62236,6.0324993],"to":[9.4664,6.6997604,16.358398],"rotation":{"angle":0.0,"axis":"y","origin":[3.112,8.7405,-15.444153]},"faces":{"east":{"uv":[12.8125,9.8125,13.9375,10.0625],"rotation":0,"texture":"#0","tintindex":0},"south":{"uv":[4.6875,13.0,5.0,13.25],"rotation":0,"texture":"#0","tintindex":0},"north":{"uv":[1.4375,13.0,1.75,13.25],"rotation":0,"texture":"#0","tintindex":0},"west":{"uv":[12.9375,1.875,14.0625,2.125],"rotation":0,"texture":"#0","tintindex":0},"up":{"uv":[3.0625,13.5625,2.75,12.4375],"rotation":0,"texture":"#0","tintindex":0},"down":{"uv":[6.4375,12.4375,6.125,13.5625],"rotation":0,"texture":"#0","tintindex":0}}},{"from":[5.9226,6.43092,15.808499],"to":[9.9552,10.46352,32.0],"rotation":{"angle":0.0,"axis":"y","origin":[7.9389,7.5673804,17.061049]},"faces":{"east":{"uv":[9.4375,0.0,11.1875,0.4375],"rotation":0,"texture":"#0","tintindex":0},"south":{"uv":[13.1875,12.625,13.625,13.0625],"rotation":0,"texture":"#0","tintindex":0},"north":{"uv":[13.1875,10.0625,13.625,10.5],"rotation":0,"texture":"#0","tintindex":0},"west":{"uv":[9.4375,0.4375,11.1875,0.875],"rotation":0,"texture":"#0","tintindex":0},"up":{"uv":[7.375,10.125,6.9375,8.375],"rotation":0,"texture":"#0","tintindex":0},"down":{"uv":[6.3125,9.375,5.875,11.125],"rotation":0,"texture":"#0","tintindex":0}}}],"display":{"head":{"translation":[0.0,-6.4,5.810341],"scale":[4.0,4.0,4.0]}}}