{"textures":{"0":"modelengine:entity/pet_skill"},"elements":[{"from":[6.285714,7.8319726,6.1396465],"to":[9.714286,11.260544,9.568218],"rotation":{"angle":0.0,"axis":"y","origin":[8.0,-4.739457,8.99679]},"faces":{"east":{"uv":[3.875,0.0,4.625,0.75],"rotation":0,"texture":"#0","tintindex":0},"south":{"uv":[3.875,0.875,4.625,1.625],"rotation":0,"texture":"#0","tintindex":0},"north":{"uv":[3.75,3.25,4.5,4.0],"rotation":0,"texture":"#0","tintindex":0},"west":{"uv":[1.5,3.875,2.25,4.625],"rotation":0,"texture":"#0","tintindex":0},"up":{"uv":[3.125,4.625,2.375,3.875],"rotation":0,"texture":"#0","tintindex":0},"down":{"uv":[4.0,4.125,3.25,4.875],"rotation":0,"texture":"#0","tintindex":0}}},{"from":[8.556604,8.855149,5.889326],"to":[10.128034,8.855149,6.4893265],"rotation":{"angle":45.0,"axis":"x","origin":[8.0,9.140863,6.375041]},"faces":{"east":{"uv":[1.375,5.875,1.375,6.125],"rotation":270,"texture":"#0","tintindex":0},"south":{"uv":[0.75,3.625,0.875,3.625],"rotation":0,"texture":"#0","tintindex":0},"north":{"uv":[1.5,3.75,1.625,3.75],"rotation":180,"texture":"#0","tintindex":0},"west":{"uv":[4.5,2.625,4.5,2.875],"rotation":90,"texture":"#0","tintindex":0},"up":{"uv":[9.875,8.25,10.125,8.125],"rotation":0,"texture":"#0","tintindex":0},"down":{"uv":[9.875,8.125,10.125,8.25],"rotation":0,"texture":"#0","tintindex":0}}},{"from":[5.8719664,8.855149,5.889326],"to":[7.443395,8.855149,6.4893265],"rotation":{"angle":45.0,"axis":"x","origin":[8.0,9.140863,6.375041]},"faces":{"east":{"uv":[4.5,2.875,4.5,2.625],"rotation":90,"texture":"#0","tintindex":0},"south":{"uv":[0.875,3.625,0.75,3.625],"rotation":0,"texture":"#0","tintindex":0},"north":{"uv":[1.625,3.75,1.5,3.75],"rotation":180,"texture":"#0","tintindex":0},"west":{"uv":[1.375,6.125,1.375,5.875],"rotation":270,"texture":"#0","tintindex":0},"up":{"uv":[10.125,8.25,9.875,8.125],"rotation":0,"texture":"#0","tintindex":0},"down":{"uv":[10.125,8.125,9.875,8.25],"rotation":0,"texture":"#0","tintindex":0}}},{"from":[8.599582,8.707194,6.1110754],"to":[8.828153,8.935766,6.1110754],"rotation":{"angle":0.0,"axis":"y","origin":[8.856724,8.850052,6.1110754]},"faces":{"east":{"uv":[0.5,8.125,0.5,8.25],"rotation":0,"texture":"#0","tintindex":0},"south":{"uv":[8.125,8.625,8.25,8.75],"rotation":0,"texture":"#0","tintindex":0},"north":{"uv":[8.625,7.875,8.75,8.0],"rotation":0,"texture":"#0","tintindex":0},"west":{"uv":[5.125,8.125,5.125,8.25],"rotation":0,"texture":"#0","tintindex":0},"up":{"uv":[8.875,2.25,8.75,2.25],"rotation":0,"texture":"#0","tintindex":0},"down":{"uv":[8.875,5.875,8.75,5.875],"rotation":0,"texture":"#0","tintindex":0}}},{"from":[6.943276,8.707194,6.1110754],"to":[7.1718473,8.935766,6.1110754],"rotation":{"angle":0.0,"axis":"y","origin":[6.9147043,8.850052,6.1110754]},"faces":{"east":{"uv":[5.125,8.125,5.125,8.25],"rotation":0,"texture":"#0","tintindex":0},"south":{"uv":[8.25,8.625,8.125,8.75],"rotation":0,"texture":"#0","tintindex":0},"north":{"uv":[8.75,7.875,8.625,8.0],"rotation":0,"texture":"#0","tintindex":0},"west":{"uv":[0.5,8.125,0.5,8.25],"rotation":0,"texture":"#0","tintindex":0},"up":{"uv":[8.75,2.25,8.875,2.25],"rotation":0,"texture":"#0","tintindex":0},"down":{"uv":[8.75,5.875,8.875,5.875],"rotation":0,"texture":"#0","tintindex":0}}},{"from":[7.729453,7.824397,5.5682178],"to":[11.158025,8.395825,8.99679],"rotation":{"angle":22.5,"axis":"z","origin":[10.5865965,7.2529683,6.1396465]},"faces":{"east":{"uv":[7.5,0.375,8.25,0.5],"rotation":0,"texture":"#0","tintindex":0},"south":{"uv":[7.5,0.625,8.25,0.75],"rotation":0,"texture":"#0","tintindex":0},"north":{"uv":[6.875,2.375,7.625,2.5],"rotation":0,"texture":"#0","tintindex":0},"west":{"uv":[7.5,0.875,8.25,1.0],"rotation":0,"texture":"#0","tintindex":0},"up":{"uv":[4.875,4.875,4.125,4.125],"rotation":0,"texture":"#0","tintindex":0},"down":{"uv":[5.25,1.75,4.5,2.5],"rotation":0,"texture":"#0","tintindex":0}}},{"from":[6.6009474,10.655604,8.99679],"to":[8.8866625,11.798462,10.111075],"rotation":{"angle":-22.5,"axis":"z","origin":[7.743805,8.36989,6.1396465]},"faces":{"east":{"uv":[5.75,7.875,6.0,8.125],"rotation":0,"texture":"#0","tintindex":0},"south":{"uv":[1.125,7.25,1.625,7.5],"rotation":0,"texture":"#0","tintindex":0},"north":{"uv":[3.875,1.75,4.375,2.0],"rotation":0,"texture":"#0","tintindex":0},"west":{"uv":[6.125,7.875,6.375,8.125],"rotation":0,"texture":"#0","tintindex":0},"up":{"uv":[7.75,1.875,7.25,1.625],"rotation":0,"texture":"#0","tintindex":0},"down":{"uv":[2.25,7.25,1.75,7.5],"rotation":0,"texture":"#0","tintindex":0}}},{"from":[6.6009474,11.512748,5.5682178],"to":[8.8866625,12.084176,8.99679],"rotation":{"angle":-22.5,"axis":"z","origin":[7.743805,8.655604,6.1396465]},"faces":{"east":{"uv":[7.5,1.125,8.25,1.25],"rotation":0,"texture":"#0","tintindex":0},"south":{"uv":[7.875,7.75,8.375,7.875],"rotation":0,"texture":"#0","tintindex":0},"north":{"uv":[7.875,7.5,8.375,7.625],"rotation":0,"texture":"#0","tintindex":0},"west":{"uv":[7.5,1.375,8.25,1.5],"rotation":0,"texture":"#0","tintindex":0},"up":{"uv":[6.125,1.25,5.625,0.5],"rotation":0,"texture":"#0","tintindex":0},"down":{"uv":[2.0,5.625,1.5,6.375],"rotation":0,"texture":"#0","tintindex":0}}},{"from":[10.939348,7.7808995,5.5682178],"to":[11.510777,11.209471,8.99679],"rotation":{"angle":22.5,"axis":"z","origin":[10.36792,7.7808995,6.1396465]},"faces":{"east":{"uv":[4.625,2.625,5.375,3.375],"rotation":0,"texture":"#0","tintindex":0},"south":{"uv":[7.5,2.625,7.625,3.375],"rotation":0,"texture":"#0","tintindex":0},"north":{"uv":[0.875,7.375,1.0,8.125],"rotation":0,"texture":"#0","tintindex":0},"west":{"uv":[4.75,0.0,5.5,0.75],"rotation":0,"texture":"#0","tintindex":0},"up":{"uv":[7.625,4.25,7.5,3.5],"rotation":0,"texture":"#0","tintindex":0},"down":{"uv":[7.5,7.5,7.375,8.25],"rotation":0,"texture":"#0","tintindex":0}}},{"from":[8.125703,7.8479376,8.99679],"to":[10.411417,11.847938,10.139647],"rotation":{"angle":22.5,"axis":"z","origin":[9.839989,7.276509,7.2825036]},"faces":{"east":{"uv":[2.625,6.625,2.875,7.5],"rotation":0,"texture":"#0","tintindex":0},"south":{"uv":[4.75,5.25,5.25,6.125],"rotation":0,"texture":"#0","tintindex":0},"north":{"uv":[0.875,4.875,1.375,5.75],"rotation":0,"texture":"#0","tintindex":0},"west":{"uv":[6.75,3.625,7.0,4.5],"rotation":0,"texture":"#0","tintindex":0},"up":{"uv":[7.75,2.25,7.25,2.0],"rotation":0,"texture":"#0","tintindex":0},"down":{"uv":[0.5,7.375,0.0,7.625],"rotation":0,"texture":"#0","tintindex":0}}},{"from":[10.36792,8.066614,8.99679],"to":[11.510777,10.923757,10.139647],"rotation":{"angle":22.5,"axis":"z","origin":[10.36792,7.4951854,7.2825036]},"faces":{"east":{"uv":[4.25,6.875,4.5,7.5],"rotation":0,"texture":"#0","tintindex":0},"south":{"uv":[7.125,3.625,7.375,4.25],"rotation":0,"texture":"#0","tintindex":0},"north":{"uv":[6.875,1.625,7.125,2.25],"rotation":0,"texture":"#0","tintindex":0},"west":{"uv":[3.75,7.125,4.0,7.75],"rotation":0,"texture":"#0","tintindex":0},"up":{"uv":[8.25,2.625,8.0,2.375],"rotation":0,"texture":"#0","tintindex":0},"down":{"uv":[8.25,2.75,8.0,3.0],"rotation":0,"texture":"#0","tintindex":0}}},{"from":[4.841975,7.824397,5.5682178],"to":[8.270547,8.395825,8.99679],"rotation":{"angle":-22.5,"axis":"z","origin":[5.4134035,7.2529683,6.1396465]},"faces":{"east":{"uv":[7.5,5.375,8.25,5.5],"rotation":0,"texture":"#0","tintindex":0},"south":{"uv":[7.5,5.625,8.25,5.75],"rotation":0,"texture":"#0","tintindex":0},"north":{"uv":[7.5,5.125,8.25,5.25],"rotation":0,"texture":"#0","tintindex":0},"west":{"uv":[1.125,7.625,1.875,7.75],"rotation":0,"texture":"#0","tintindex":0},"up":{"uv":[5.5,1.625,4.75,0.875],"rotation":0,"texture":"#0","tintindex":0},"down":{"uv":[2.25,4.75,1.5,5.5],"rotation":0,"texture":"#0","tintindex":0}}},{"from":[7.113338,10.655604,8.99679],"to":[9.399053,11.798462,10.082504],"rotation":{"angle":22.5,"axis":"z","origin":[8.256195,8.36989,6.1396465]},"faces":{"east":{"uv":[8.0,3.125,8.25,3.375],"rotation":0,"texture":"#0","tintindex":0},"south":{"uv":[7.375,4.75,7.875,5.0],"rotation":0,"texture":"#0",