{"textures":{"0":"modelengine:entity/pet_skill"},"elements":[{"from":[7.0,5.428571,7.0],"to":[8.714286,8.285714,8.714286],"rotation":{"angle":0.0,"axis":"y","origin":[6.714286,2.5714283,7.142857]},"faces":{"east":{"uv":[3.75,6.375,4.125,7.0],"rotation":0,"texture":"#0","tintindex":0},"south":{"uv":[5.75,6.375,6.125,7.0],"rotation":0,"texture":"#0","tintindex":0},"north":{"uv":[3.125,2.125,3.5,2.75],"rotation":0,"texture":"#0","tintindex":0},"west":{"uv":[6.25,6.375,6.625,7.0],"rotation":0,"texture":"#0","tintindex":0},"up":{"uv":[7.375,0.875,7.0,0.5],"rotation":0,"texture":"#0","tintindex":0},"down":{"uv":[6.125,7.125,5.75,7.5],"rotation":0,"texture":"#0","tintindex":0}}},{"from":[7.5714283,4.5714283,7.428571],"to":[8.142858,5.714286,8.571428],"rotation":{"angle":0.0,"axis":"y","origin":[6.714286,1.1428566,7.5714283]},"faces":{"east":{"uv":[4.625,3.5,4.875,3.75],"rotation":0,"texture":"#0","tintindex":0},"south":{"uv":[5.625,8.5,5.75,8.75],"rotation":0,"texture":"#0","tintindex":0},"north":{"uv":[8.375,1.25,8.5,1.5],"rotation":0,"texture":"#0","tintindex":0},"west":{"uv":[5.625,1.375,5.875,1.625],"rotation":0,"texture":"#0","tintindex":0},"up":{"uv":[8.625,5.875,8.5,5.625],"rotation":0,"texture":"#0","tintindex":0},"down":{"uv":[6.0,8.5,5.875,8.75],"rotation":0,"texture":"#0","tintindex":0}}},{"from":[7.5714283,4.285714,6.285714],"to":[8.142858,4.8571424,8.571428],"rotation":{"angle":0.0,"axis":"y","origin":[6.714286,0.28571415,6.428571]},"faces":{"east":{"uv":[6.25,1.125,6.75,1.25],"rotation":0,"texture":"#0","tintindex":0},"south":{"uv":[4.75,5.0,4.875,5.125],"rotation":0,"texture":"#0","tintindex":0},"north":{"uv":[4.625,3.875,4.75,4.0],"rotation":0,"texture":"#0","tintindex":0},"west":{"uv":[7.875,1.875,8.375,2.0],"rotation":0,"texture":"#0","tintindex":0},"up":{"uv":[1.25,6.375,1.125,5.875],"rotation":0,"texture":"#0","tintindex":0},"down":{"uv":[1.75,7.875,1.625,8.375],"rotation":0,"texture":"#0","tintindex":0}}},{"from":[8.285714,4.285714,6.857143],"to":[8.857143,4.8571424,8.571428],"rotation":{"angle":-22.5,"axis":"y","origin":[9.0,4.285714,7.428571]},"faces":{"east":{"uv":[3.25,3.875,3.625,4.0],"rotation":0,"texture":"#0","tintindex":0},"south":{"uv":[7.125,4.375,7.25,4.5],"rotation":0,"texture":"#0","tintindex":0},"north":{"uv":[5.5,3.25,5.625,3.375],"rotation":0,"texture":"#0","tintindex":0},"west":{"uv":[8.0,4.875,8.375,5.0],"rotation":0,"texture":"#0","tintindex":0},"up":{"uv":[1.0,8.625,0.875,8.25],"rotation":0,"texture":"#0","tintindex":0},"down":{"uv":[2.375,8.25,2.25,8.625],"rotation":0,"texture":"#0","tintindex":0}}},{"from":[7.0,4.285714,6.857143],"to":[7.5714283,4.8571424,8.571428],"rotation":{"angle":22.5,"axis":"y","origin":[6.714286,4.285714,7.428571]},"faces":{"east":{"uv":[8.0,7.125,8.375,7.25],"rotation":0,"texture":"#0","tintindex":0},"south":{"uv":[8.625,0.0,8.75,0.125],"rotation":0,"texture":"#0","tintindex":0},"north":{"uv":[8.5,4.875,8.625,5.0],"rotation":0,"texture":"#0","tintindex":0},"west":{"uv":[8.125,0.0,8.5,0.125],"rotation":0,"texture":"#0","tintindex":0},"up":{"uv":[3.0,8.625,2.875,8.25],"rotation":0,"texture":"#0","tintindex":0},"down":{"uv":[3.25,8.25,3.125,8.625],"rotation":0,"texture":"#0","tintindex":0}}}],"display":{"head":{"translation":[0.0,-6.4,0.0],"scale":[4.0,4.0,4.0]}}}