{"textures":{"0":"modelengine:entity/pet_skill"},"elements":[{"from":[7.285714,5.428571,7.0],"to":[9.0,8.285714,8.714286],"rotation":{"angle":0.0,"axis":"y","origin":[9.285714,2.5714283,7.142857]},"faces":{"east":{"uv":[1.625,6.5,2.0,7.125],"rotation":0,"texture":"#0","tintindex":0},"south":{"uv":[2.125,6.5,2.5,7.125],"rotation":0,"texture":"#0","tintindex":0},"north":{"uv":[1.125,6.5,1.5,7.125],"rotation":0,"texture":"#0","tintindex":0},"west":{"uv":[0.0,6.625,0.375,7.25],"rotation":0,"texture":"#0","tintindex":0},"up":{"uv":[7.5,6.25,7.125,5.875],"rotation":0,"texture":"#0","tintindex":0},"down":{"uv":[6.625,7.125,6.25,7.5],"rotation":0,"texture":"#0","tintindex":0}}},{"from":[7.857143,4.5714283,7.428571],"to":[8.428572,5.714286,8.571428],"rotation":{"angle":0.0,"axis":"y","origin":[9.285714,1.1428566,7.5714283]},"faces":{"east":{"uv":[2.875,7.875,3.125,8.125],"rotation":0,"texture":"#0","tintindex":0},"south":{"uv":[6.75,8.5,6.875,8.75],"rotation":0,"texture":"#0","tintindex":0},"north":{"uv":[6.5,8.5,6.625,8.75],"rotation":0,"texture":"#0","tintindex":0},"west":{"uv":[3.75,7.875,4.0,8.125],"rotation":0,"texture":"#0","tintindex":0},"up":{"uv":[7.125,8.75,7.0,8.5],"rotation":0,"texture":"#0","tintindex":0},"down":{"uv":[8.625,7.125,8.5,7.375],"rotation":0,"texture":"#0","tintindex":0}}},{"from":[7.857143,4.285714,6.285714],"to":[8.428572,4.8571424,8.571428],"rotation":{"angle":0.0,"axis":"y","origin":[9.285714,0.28571415,6.428571]},"faces":{"east":{"uv":[7.875,2.125,8.375,2.25],"rotation":0,"texture":"#0","tintindex":0},"south":{"uv":[8.625,2.375,8.75,2.5],"rotation":0,"texture":"#0","tintindex":0},"north":{"uv":[8.625,1.5,8.75,1.625],"rotation":0,"texture":"#0","tintindex":0},"west":{"uv":[4.625,7.875,5.125,8.0],"rotation":0,"texture":"#0","tintindex":0},"up":{"uv":[5.375,8.375,5.25,7.875],"rotation":0,"texture":"#0","tintindex":0},"down":{"uv":[5.625,7.875,5.5,8.375],"rotation":0,"texture":"#0","tintindex":0}}},{"from":[7.142857,4.285714,6.857143],"to":[7.714286,4.8571424,8.571428],"rotation":{"angle":22.5,"axis":"y","origin":[7.0,4.285714,7.428571]},"faces":{"east":{"uv":[3.375,8.25,3.75,8.375],"rotation":0,"texture":"#0","tintindex":0},"south":{"uv":[8.625,2.875,8.75,3.0],"rotation":0,"texture":"#0","tintindex":0},"north":{"uv":[8.625,2.625,8.75,2.75],"rotation":0,"texture":"#0","tintindex":0},"west":{"uv":[5.75,8.25,6.125,8.375],"rotation":0,"texture":"#0","tintindex":0},"up":{"uv":[4.0,8.625,3.875,8.25],"rotation":0,"texture":"#0","tintindex":0},"down":{"uv":[6.375,8.25,6.25,8.625],"rotation":0,"texture":"#0","tintindex":0}}},{"from":[8.428572,4.285714,6.857143],"to":[9.0,4.8571424,8.571428],"rotation":{"angle":-22.5,"axis":"y","origin":[9.285714,4.285714,7.428571]},"faces":{"east":{"uv":[8.375,0.25,8.75,0.375],"rotation":0,"texture":"#0","tintindex":0},"south":{"uv":[8.625,3.375,8.75,3.5],"rotation":0,"texture":"#0","tintindex":0},"north":{"uv":[8.625,3.125,8.75,3.25],"rotation":0,"texture":"#0","tintindex":0},"west":{"uv":[8.375,0.5,8.75,0.625],"rotation":0,"texture":"#0","tintindex":0},"up":{"uv":[0.625,8.75,0.5,8.375],"rotation":0,"texture":"#0","tintindex":0},"down":{"uv":[8.5,0.75,8.375,1.125],"rotation":0,"texture":"#0","tintindex":0}}}],"display":{"head":{"translation":[0.0,-6.4,0.0],"scale":[4.0,4.0,4.0]}}}