{"textures":{"0":"modelengine:entity/tupandactylus"},"elements":[{"from":[6.5714283,6.4246225,4.744914],"to":[9.428572,8.710338,7.602057],"rotation":{"angle":0.0,"axis":"y","origin":[7.714286,0.99605083,17.316343]},"faces":{"east":{"uv":[8.375,7.625,9.0,8.125],"rotation":0,"texture":"#0","tintindex":0},"south":{"uv":[1.875,8.5,2.5,9.0],"rotation":0,"texture":"#0","tintindex":0},"north":{"uv":[8.375,1.75,9.0,2.25],"rotation":0,"texture":"#0","tintindex":0},"west":{"uv":[2.5,8.5,3.125,9.0],"rotation":0,"texture":"#0","tintindex":0},"up":{"uv":[2.875,8.5,2.25,7.875],"rotation":0,"texture":"#0","tintindex":0},"down":{"uv":[3.5,7.875,2.875,8.5],"rotation":0,"texture":"#0","tintindex":0}}},{"from":[6.5571427,6.9960513,4.744914],"to":[6.5571427,8.138908,5.8877716],"rotation":{"angle":0.0,"axis":"y","origin":[7.714286,0.99605083,17.316343]},"faces":{"east":{"uv":[2.125,11.125,2.375,11.375],"rotation":0,"texture":"#0","tintindex":0},"south":{"uv":[1.875,8.5,2.5,9.0],"rotation":0,"texture":"#0","tintindex":0},"north":{"uv":[8.375,1.75,9.0,2.25],"rotation":0,"texture":"#0","tintindex":0},"west":{"uv":[2.125,10.375,2.375,10.625],"rotation":0,"texture":"#0","tintindex":0},"up":{"uv":[2.875,8.5,2.25,7.875],"rotation":0,"texture":"#0","tintindex":0},"down":{"uv":[3.5,7.875,2.875,8.5],"rotation":0,"texture":"#0","tintindex":0}}},{"from":[6.542857,7.26748,5.030628],"to":[6.542857,7.8389087,5.602057],"rotation":{"angle":0.0,"axis":"y","origin":[7.714286,0.99605083,17.316343]},"faces":{"east":{"uv":[1.875,10.75,2.0,10.875],"rotation":0,"texture":"#0","tintindex":0},"south":{"uv":[1.875,8.5,2.5,9.0],"rotation":0,"texture":"#0","tintindex":0},"north":{"uv":[8.375,1.75,9.0,2.25],"rotation":0,"texture":"#0","tintindex":0},"west":{"uv":[1.875,10.625,2.0,10.75],"rotation":0,"texture":"#0","tintindex":0},"up":{"uv":[2.875,8.5,2.25,7.875],"rotation":0,"texture":"#0","tintindex":0},"down":{"uv":[3.5,7.875,2.875,8.5],"rotation":0,"texture":"#0","tintindex":0}}},{"from":[9.457143,7.26748,5.030628],"to":[9.457143,7.8389087,5.602057],"rotation":{"angle":0.0,"axis":"y","origin":[8.285714,0.99605083,17.316343]},"faces":{"east":{"uv":[2.0,10.625,1.875,10.75],"rotation":0,"texture":"#0","tintindex":0},"south":{"uv":[2.5,8.5,1.875,9.0],"rotation":0,"texture":"#0","tintindex":0},"north":{"uv":[9.0,1.75,8.375,2.25],"rotation":0,"texture":"#0","tintindex":0},"west":{"uv":[2.0,10.75,1.875,10.875],"rotation":0,"texture":"#0","tintindex":0},"up":{"uv":[2.25,8.5,2.875,7.875],"rotation":0,"texture":"#0","tintindex":0},"down":{"uv":[2.875,7.875,3.5,8.5],"rotation":0,"texture":"#0","tintindex":0}}},{"from":[9.442858,6.9960513,4.744914],"to":[9.442858,8.138908,5.8877716],"rotation":{"angle":0.0,"axis":"y","origin":[8.285714,0.99605083,17.316343]},"faces":{"east":{"uv":[2.375,10.375,2.125,10.625],"rotation":0,"texture":"#0","tintindex":0},"south":{"uv":[2.5,8.5,1.875,9.0],"rotation":0,"texture":"#0","tintindex":0},"north":{"uv":[9.0,1.75,8.375,2.25],"rotation":0,"texture":"#0","tintindex":0},"west":{"uv":[2.375,11.125,2.125,11.375],"rotation":0,"texture":"#0","tintindex":0},"up":{"uv":[2.25,8.5,2.875,7.875],"rotation":0,"texture":"#0","tintindex":0},"down":{"uv":[2.875,7.875,3.5,8.5],"rotation":0,"texture":"#0","tintindex":0}}},{"from":[7.142857,6.2660284,3.3004284],"to":[8.857143,8.551743,6.1575713],"rotation":{"angle":0.0,"axis":"y","origin":[8.0,6.07412,2.7670517]},"faces":{"east":{"uv":[3.125,8.5,3.75,9.0],"rotation":0,"texture":"#0","tintindex":0},"south":{"uv":[7.375,9.25,7.75,9.75],"rotation":0,"texture":"#0","tintindex":0},"north":{"uv":[7.0,9.25,7.375,9.75],"rotation":0,"texture":"#0","tintindex":0},"west":{"uv":[3.75,8.5,4.375,9.0],"rotation":0,"texture":"#0","tintindex":0},"up":{"uv":[7.0,9.625,6.625,9.0],"rotation":0,"texture":"#0","tintindex":0},"down":{"uv":[9.375,8.75,9.0,9.375],"rotation":0,"texture":"#0","tintindex":0}}},{"from":[7.428571,6.3098683,1.5617366],"to":[8.571428,8.024155,3.8474512],"rotation":{"angle":0.0,"axis":"y","origin":[8.0,6.4151716,1.7108226]},"faces":{"east":{"uv":[9.25,8.125,9.75,8.5],"rotation":0,"texture":"#0","tintindex":0},"south":{"uv":[7.25,8.375,7.5,8.75],"rotation":0,"texture":"#0","tintindex":0},"north":{"uv":[7.375,4.125,7.625,4.5],"rotation":0,"texture":"#0","tintindex":0},"west":{"uv":[8.375,9.25,8.875,9.625],"rotation":0,"texture":"#0","tintindex":0},"up":{"uv":[9.75,9.875,9.5,9.375],"rotation":0,"texture":"#0","tintindex":0},"down":{"uv":[9.875,0.5,9.625,1.0],"rotation":0,"texture":"#0","tintindex":0}}},{"from":[7.714286,5.4686,-0.25932598],"to":[8.285714,7.7543144,0.8835311],"rotation":{"angle":45.0,"axis":"x","origin":[8.0,5.9257426,0.36924553]},"faces":{"east":{"uv":[1.375,9.625,1.625,10.125],"rotation":0,"texture":"#0","tintindex":0},"south":{"uv":[9.375,9.625,9.5,10.125],"rotation":0,"texture":"#0","tintindex":0},"north":{"uv":[7.5,7.75,7.625,8.25],"rotation":0,"texture":"#0","tintindex":0},"west":{"uv":[3.875,9.625,4.125,10.125],"rotation":0,"texture":"#0","tintindex":0},"up":{"uv":[5.5,4.25,5.375,4.0],"rotation":0,"texture":"#0","tintindex":0},"down":{"uv":[4.375,9.0,4.25,9.25],"rotation":0,"texture":"#0","tintindex":0}}},{"from":[7.714286,7.713903,0.25520563],"to":[8.285714,9.999618,5.3980627],"rotation":{"angle":-22.5,"axis":"x","origin":[8.0,6.832606,3.6208801]},"faces":{"east":{"uv":[1.5,7.25,2.625,7.75],"rotation":0,"texture":"#0","tintindex":0},"south":{"uv":[5.5,9.75,5.625,10.25],"rotation":0,"texture":"#0","tintindex":0},"north":{"uv":[1.0,9.75,1.125,10.25],"rotation":0,"texture":"#0","tintindex":0},"west":{"uv":[7.25,1.75,8.375,2.25],"rotation":0,"texture":"#0","tintindex":0},"up":{"uv":[5.5,3.375,5.375,2.25],"rotation":0,"texture":"#0","tintindex":0},"down":{"uv":[3.875,9.375,3.75,10.5],"rotation":0,"texture":"#0","tintindex":0}}},{"from":[8.0,6.6531944,-0.51222897],"to":[8.0,16.93891,12.0592],"rotation":{"angle":-22.5,"axis":"x","origin":[8.0,8.51704,2.0072684]},"faces":{"east":{"uv":[0.0,4.25,2.75,6.5],"rotation":0,"texture":"#0","tintindex":0},"south":{"uv":[0.0,0.0,0.0,2.25],"rotation":0,"texture":"#0","tintindex":0},"north":{"uv":[0.0,0.0,0.0,2.25],"rotation":0,"texture":"#0","tintindex":0},"west":{"uv":[2.75,4.25,0.0,6.5],"rotation":0,"texture":"#0","tintindex":0},"up":{"uv":[0.0,2.75,0.0,0.0],"rotation":0,"texture":"#0","tintindex":0},"down":{"uv":[0.0,0.0,0.0,2.75],"rotation":0,"texture":"#0","tintindex":0}}}],"display":{"head":{"translation":[0.0,-6.4,0.0],"scale":[4.0,4.0,4.0]}}}