{"textures":{"0":"modelengine:entity/tupandactylus"},"elements":[{"from":[7.1113486,7.6571426,7.1462684],"to":[8.825634,8.228572,8.860555],"rotation":{"angle":0.0,"axis":"y","origin":[7.9684916,7.9428573,8.003411]},"faces":{"east":{"uv":[1.875,8.375,2.25,8.5],"rotation":0,"texture":"#0","tintindex":0},"south":{"uv":[8.375,8.125,8.75,8.25],"rotation":0,"texture":"#0","tintindex":0},"north":{"uv":[2.25,7.75,2.625,7.875],"rotation":0,"texture":"#0","tintindex":0},"west":{"uv":[9.125,5.125,9.5,5.25],"rotation":0,"texture":"#0","tintindex":0},"up":{"uv":[9.875,4.5,9.5,4.125],"rotation":0,"texture":"#0","tintindex":0},"down":{"uv":[9.875,4.5,9.5,4.875],"rotation":0,"texture":"#0","tintindex":0}}},{"from":[6.53992,7.6571426,6.57484],"to":[7.1113486,8.228572,7.717697],"rotation":{"angle":22.5,"axis":"y","origin":[6.825634,7.9428573,6.0034113]},"faces":{"east":{"uv":[1.75,9.875,2.0,10.0],"rotation":0,"texture":"#0","tintindex":0},"south":{"uv":[4.625,9.25,4.75,9.375],"rotation":0,"texture":"#0","tintindex":0},"north":{"uv":[1.75,8.875,1.875,9.0],"rotation":0,"texture":"#0","tintindex":0},"west":{"uv":[9.875,1.875,10.125,2.0],"rotation":0,"texture":"#0","tintindex":0},"up":{"uv":[2.125,10.125,2.0,9.875],"rotation":0,"texture":"#0","tintindex":0},"down":{"uv":[2.25,9.875,2.125,10.125],"rotation":0,"texture":"#0","tintindex":0}}},{"from":[7.682777,7.6571426,6.0034113],"to":[8.254206,8.228572,7.1462684],"rotation":{"angle":0.0,"axis":"y","origin":[7.9684916,6.8,7.717697]},"faces":{"east":{"uv":[2.25,9.875,2.5,10.0],"rotation":0,"texture":"#0","tintindex":0},"south":{"uv":[8.875,9.25,9.0,9.375],"rotation":0,"texture":"#0","tintindex":0},"north":{"uv":[7.75,9.25,7.875,9.375],"rotation":0,"texture":"#0","tintindex":0},"west":{"uv":[2.5,9.875,2.75,10.0],"rotation":0,"texture":"#0","tintindex":0},"up":{"uv":[2.875,10.125,2.75,9.875],"rotation":0,"texture":"#0","tintindex":0},"down":{"uv":[3.0,9.875,2.875,10.125],"rotation":0,"texture":"#0","tintindex":0}}},{"from":[8.913817,7.6571426,6.2753143],"to":[9.485246,8.228572,7.4181714],"rotation":{"angle":-22.5,"axis":"y","origin":[8.628103,7.9428573,5.875314]},"faces":{"east":{"uv":[3.0,9.875,3.25,10.0],"rotation":0,"texture":"#0","tintindex":0},"south":{"uv":[9.375,1.625,9.5,1.75],"rotation":0,"texture":"#0","tintindex":0},"north":{"uv":[0.5,9.375,0.625,9.5],"rotation":0,"texture":"#0","tintindex":0},"west":{"uv":[9.875,3.0,10.125,3.125],"rotation":0,"texture":"#0","tintindex":0},"up":{"uv":[10.0,3.375,9.875,3.125],"rotation":0,"texture":"#0","tintindex":0},"down":{"uv":[10.0,3.375,9.875,3.625],"rotation":0,"texture":"#0","tintindex":0}}},{"from":[7.9684916,7.6571426,4.860554],"to":[7.9684916,8.228572,6.0034113],"rotation":{"angle":0.0,"axis":"y","origin":[7.9684916,6.8,7.717697]},"faces":{"east":{"uv":[9.875,3.875,10.125,4.0],"rotation":0,"texture":"#0","tintindex":0},"south":{"uv":[0.0,0.0,0.0,0.125],"rotation":0,"texture":"#0","tintindex":0},"north":{"uv":[0.0,0.0,0.0,0.125],"rotation":0,"texture":"#0","tintindex":0},"west":{"uv":[9.875,4.0,10.125,4.125],"rotation":0,"texture":"#0","tintindex":0},"up":{"uv":[0.0,0.25,0.0,0.0],"rotation":0,"texture":"#0","tintindex":0},"down":{"uv":[0.0,0.0,0.0,0.25],"rotation":0,"texture":"#0","tintindex":0}}},{"from":[6.825634,7.6571426,5.431983],"to":[6.825634,8.228572,6.57484],"rotation":{"angle":22.5,"axis":"y","origin":[6.825634,7.9428573,6.0034113]},"faces":{"east":{"uv":[9.875,4.125,10.125,4.25],"rotation":0,"texture":"#0","tintindex":0},"south":{"uv":[0.0,0.0,0.0,0.125],"rotation":0,"texture":"#0","tintindex":0},"north":{"uv":[0.0,0.0,0.0,0.125],"rotation":0,"texture":"#0","tintindex":0},"west":{"uv":[9.875,4.25,10.125,4.375],"rotation":0,"texture":"#0","tintindex":0},"up":{"uv":[0.0,0.25,0.0,0.0],"rotation":0,"texture":"#0","tintindex":0},"down":{"uv":[0.0,0.0,0.0,0.25],"rotation":0,"texture":"#0","tintindex":0}}},{"from":[9.199532,7.6571426,5.132457],"to":[9.199532,8.228572,6.2753143],"rotation":{"angle":-22.5,"axis":"y","origin":[8.628103,7.9428573,5.875314]},"faces":{"east":{"uv":[9.875,3.625,10.125,3.75],"rotation":0,"texture":"#0","tintindex":0},"south":{"uv":[0.0,0.0,0.0,0.125],"rotation":0,"texture":"#0","tintindex":0},"north":{"uv":[0.0,0.0,0.0,0.125],"rotation":0,"texture":"#0","tintindex":0},"west":{"uv":[9.875,3.75,10.125,3.875],"rotation":0,"texture":"#0","tintindex":0},"up":{"uv":[0.0,0.25,0.0,0.0],"rotation":0,"texture":"#0","tintindex":0},"down":{"uv":[0.0,0.0,0.0,0.25],"rotation":0,"texture":"#0","tintindex":0}}}],"display":{"head":{"translation":[0.0,-6.4,0.0],"scale":[4.0,4.0,4.0]}}}