{"textures":{"0":"modelengine:entity/tupandactylus"},"elements":[{"from":[7.1743655,7.6571426,7.1462684],"to":[8.888652,8.228572,8.860555],"rotation":{"angle":0.0,"axis":"y","origin":[8.031508,7.9428573,8.003411]},"faces":{"east":{"uv":[9.5,5.125,9.125,5.25],"rotation":0,"texture":"#0","tintindex":0},"south":{"uv":[8.75,8.125,8.375,8.25],"rotation":0,"texture":"#0","tintindex":0},"north":{"uv":[2.625,7.75,2.25,7.875],"rotation":0,"texture":"#0","tintindex":0},"west":{"uv":[2.25,8.375,1.875,8.5],"rotation":0,"texture":"#0","tintindex":0},"up":{"uv":[9.5,4.5,9.875,4.125],"rotation":0,"texture":"#0","tintindex":0},"down":{"uv":[9.5,4.5,9.875,4.875],"rotation":0,"texture":"#0","tintindex":0}}},{"from":[8.888652,7.6571426,6.57484],"to":[9.46008,8.228572,7.717697],"rotation":{"angle":-22.5,"axis":"y","origin":[9.174366,7.9428573,6.0034113]},"faces":{"east":{"uv":[10.125,1.875,9.875,2.0],"rotation":0,"texture":"#0","tintindex":0},"south":{"uv":[4.75,9.25,4.625,9.375],"rotation":0,"texture":"#0","tintindex":0},"north":{"uv":[1.875,8.875,1.75,9.0],"rotation":0,"texture":"#0","tintindex":0},"west":{"uv":[2.0,9.875,1.75,10.0],"rotation":0,"texture":"#0","tintindex":0},"up":{"uv":[2.0,10.125,2.125,9.875],"rotation":0,"texture":"#0","tintindex":0},"down":{"uv":[2.125,9.875,2.25,10.125],"rotation":0,"texture":"#0","tintindex":0}}},{"from":[7.7457943,7.6571426,6.0034113],"to":[8.317223,8.228572,7.1462684],"rotation":{"angle":0.0,"axis":"y","origin":[8.031508,6.8,7.717697]},"faces":{"east":{"uv":[2.75,9.875,2.5,10.0],"rotation":0,"texture":"#0","tintindex":0},"south":{"uv":[9.0,9.25,8.875,9.375],"rotation":0,"texture":"#0","tintindex":0},"north":{"uv":[7.875,9.25,7.75,9.375],"rotation":0,"texture":"#0","tintindex":0},"west":{"uv":[2.5,9.875,2.25,10.0],"rotation":0,"texture":"#0","tintindex":0},"up":{"uv":[2.75,10.125,2.875,9.875],"rotation":0,"texture":"#0","tintindex":0},"down":{"uv":[2.875,9.875,3.0,10.125],"rotation":0,"texture":"#0","tintindex":0}}},{"from":[6.5147543,7.6571426,6.2753143],"to":[7.0861826,8.228572,7.4181714],"rotation":{"angle":22.5,"axis":"y","origin":[7.371897,7.9428573,5.875314]},"faces":{"east":{"uv":[10.125,3.0,9.875,3.125],"rotation":0,"texture":"#0","tintindex":0},"south":{"uv":[9.5,1.625,9.375,1.75],"rotation":0,"texture":"#0","tintindex":0},"north":{"uv":[0.625,9.375,0.5,9.5],"rotation":0,"texture":"#0","tintindex":0},"west":{"uv":[3.25,9.875,3.0,10.0],"rotation":0,"texture":"#0","tintindex":0},"up":{"uv":[9.875,3.375,10.0,3.125],"rotation":0,"texture":"#0","tintindex":0},"down":{"uv":[9.875,3.375,10.0,3.625],"rotation":0,"texture":"#0","tintindex":0}}},{"from":[6.8004684,7.6571426,5.132457],"to":[6.8004684,8.228572,6.2753143],"rotation":{"angle":22.5,"axis":"y","origin":[7.371897,7.9428573,5.875314]},"faces":{"east":{"uv":[10.125,3.75,9.875,3.875],"rotation":0,"texture":"#0","tintindex":0},"south":{"uv":[0.0,0.0,0.0,0.125],"rotation":0,"texture":"#0","tintindex":0},"north":{"uv":[0.0,0.0,0.0,0.125],"rotation":0,"texture":"#0","tintindex":0},"west":{"uv":[10.125,3.625,9.875,3.75],"rotation":0,"texture":"#0","tintindex":0},"up":{"uv":[0.0,0.25,0.0,0.0],"rotation":0,"texture":"#0","tintindex":0},"down":{"uv":[0.0,0.0,0.0,0.25],"rotation":0,"texture":"#0","tintindex":0}}},{"from":[8.031508,7.6571426,4.860554],"to":[8.031508,8.228572,6.0034113],"rotation":{"angle":0.0,"axis":"y","origin":[8.031508,6.8,7.717697]},"faces":{"east":{"uv":[10.125,4.0,9.875,4.125],"rotation":0,"texture":"#0","tintindex":0},"south":{"uv":[0.0,0.0,0.0,0.125],"rotation":0,"texture":"#0","tintindex":0},"north":{"uv":[0.0,0.0,0.0,0.125],"rotation":0,"texture":"#0","tintindex":0},"west":{"uv":[10.125,3.875,9.875,4.0],"rotation":0,"texture":"#0","tintindex":0},"up":{"uv":[0.0,0.25,0.0,0.0],"rotation":0,"texture":"#0","tintindex":0},"down":{"uv":[0.0,0.0,0.0,0.25],"rotation":0,"texture":"#0","tintindex":0}}},{"from":[9.174366,7.6571426,5.431983],"to":[9.174366,8.228572,6.57484],"rotation":{"angle":-22.5,"axis":"y","origin":[9.174366,7.9428573,6.0034113]},"faces":{"east":{"uv":[10.125,4.25,9.875,4.375],"rotation":0,"texture":"#0","tintindex":0},"south":{"uv":[0.0,0.0,0.0,0.125],"rotation":0,"texture":"#0","tintindex":0},"north":{"uv":[0.0,0.0,0.0,0.125],"rotation":0,"texture":"#0","tintindex":0},"west":{"uv":[10.125,4.125,9.875,4.25],"rotation":0,"texture":"#0","tintindex":0},"up":{"uv":[0.0,0.25,0.0,0.0],"rotation":0,"texture":"#0","tintindex":0},"down":{"uv":[0.0,0.0,0.0,0.25],"rotation":0,"texture":"#0","tintindex":0}}}],"display":{"head":{"translation":[0.0,-6.4,0.0],"scale":[4.0,4.0,4.0]}}}