{"textures":{"0":"modelengine:entity/aubergiste"},"elements":[{"from":[7.714286,6.857143,7.9857144],"to":[8.285714,8.0,7.9857144],"rotation":{"angle":0.0,"axis":"y","origin":[8.0,9.714286,13.428572]},"faces":{"east":{"uv":[13.5,10.625,13.5,10.875],"rotation":0,"texture":"#0","tintindex":0},"south":{"uv":[13.625,10.625,13.75,10.875],"rotation":0,"texture":"#0","tintindex":0},"north":{"uv":[13.5,10.625,13.625,10.875],"rotation":0,"texture":"#0","tintindex":0},"west":{"uv":[13.625,10.625,13.625,10.875],"rotation":0,"texture":"#0","tintindex":0},"up":{"uv":[13.625,10.625,13.5,10.625],"rotation":0,"texture":"#0","tintindex":0},"down":{"uv":[13.75,10.625,13.625,10.625],"rotation":0,"texture":"#0","tintindex":0}}}],"display":{"head":{"translation":[0.0,-6.4,0.0],"scale":[4.0,4.0,4.0]}}}