{"textures":{"0":"modelengine:entity/aubergiste"},"elements":[{"from":[5.714286,5.714286,3.4285712],"to":[10.285714,10.285714,12.0],"rotation":{"angle":0.0,"axis":"y","origin":[8.0,8.0,8.0]},"faces":{"east":{"uv":[0.0,1.875,1.875,2.875],"rotation":0,"texture":"#0","tintindex":0},"south":{"uv":[4.75,1.875,5.75,2.875],"rotation":0,"texture":"#0","tintindex":0},"north":{"uv":[1.875,1.875,2.875,2.875],"rotation":0,"texture":"#0","tintindex":0},"west":{"uv":[2.875,1.875,4.75,2.875],"rotation":0,"texture":"#0","tintindex":0},"up":{"uv":[2.875,1.875,1.875,0.0],"rotation":0,"texture":"#0","tintindex":0},"down":{"uv":[3.875,0.0,2.875,1.875],"rotation":0,"texture":"#0","tintindex":0}}},{"from":[6.285714,6.285714,11.414286],"to":[9.714286,9.714286,11.985714],"rotation":{"angle":0.0,"axis":"y","origin":[8.0,8.0,8.0]},"faces":{"east":{"uv":[1.75,14.0,1.875,14.75],"rotation":0,"texture":"#0","tintindex":0},"south":{"uv":[2.75,14.0,3.5,14.75],"rotation":0,"texture":"#0","tintindex":0},"north":{"uv":[1.875,14.0,2.625,14.75],"rotation":0,"texture":"#0","tintindex":0},"west":{"uv":[2.625,14.0,2.75,14.75],"rotation":0,"texture":"#0","tintindex":0},"up":{"uv":[2.625,14.0,1.875,13.875],"rotation":0,"texture":"#0","tintindex":0},"down":{"uv":[3.375,13.875,2.625,14.0],"rotation":0,"texture":"#0","tintindex":0}}},{"from":[6.285714,6.285714,3.4428568],"to":[9.714286,9.714286,4.0142856],"rotation":{"angle":0.0,"axis":"y","origin":[8.0,8.0,8.285714]},"faces":{"east":{"uv":[13.625,12.125,13.75,12.875],"rotation":0,"texture":"#0","tintindex":0},"south":{"uv":[14.625,12.125,15.375,12.875],"rotation":0,"texture":"#0","tintindex":0},"north":{"uv":[13.75,12.125,14.5,12.875],"rotation":0,"texture":"#0","tintindex":0},"west":{"uv":[14.5,12.125,14.625,12.875],"rotation":0,"texture":"#0","tintindex":0},"up":{"uv":[14.5,12.125,13.75,12.0],"rotation":0,"texture":"#0","tintindex":0},"down":{"uv":[15.25,12.0,14.5,12.125],"rotation":0,"texture":"#0","tintindex":0}}},{"from":[7.714286,7.714286,2.5571427],"to":[8.285714,8.857143,3.1285715],"rotation":{"angle":0.0,"axis":"y","origin":[8.0,8.0,8.0]},"faces":{"east":{"uv":[7.375,15.5,7.5,15.75],"rotation":0,"texture":"#0","tintindex":0},"south":{"uv":[7.75,15.5,7.875,15.75],"rotation":0,"texture":"#0","tintindex":0},"north":{"uv":[7.5,15.5,7.625,15.75],"rotation":0,"texture":"#0","tintindex":0},"west":{"uv":[7.625,15.5,7.75,15.75],"rotation":0,"texture":"#0","tintindex":0},"up":{"uv":[7.625,15.5,7.5,15.375],"rotation":0,"texture":"#0","tintindex":0},"down":{"uv":[7.75,15.375,7.625,15.5],"rotation":0,"texture":"#0","tintindex":0}}},{"from":[7.142857,8.714286,1.9857144],"to":[8.857143,8.714286,3.6999998],"rotation":{"angle":0.0,"axis":"y","origin":[8.0,8.0,8.0]},"faces":{"east":{"uv":[12.0,14.0,12.375,14.0],"rotation":0,"texture":"#0","tintindex":0},"south":{"uv":[13.125,14.0,13.5,14.0],"rotation":0,"texture":"#0","tintindex":0},"north":{"uv":[12.375,14.0,12.75,14.0],"rotation":0,"texture":"#0","tintindex":0},"west":{"uv":[12.75,14.0,13.125,14.0],"rotation":0,"texture":"#0","tintindex":0},"up":{"uv":[12.75,14.0,12.375,13.625],"rotation":0,"texture":"#0","tintindex":0},"down":{"uv":[13.125,13.625,12.75,14.0],"rotation":0,"texture":"#0","tintindex":0}}},{"from":[7.428571,6.857143,1.6999998],"to":[8.571428,8.0,3.985714],"rotation":{"angle":0.0,"axis":"y","origin":[8.0,8.0,8.0]},"faces":{"east":{"uv":[4.875,15.25,5.375,15.5],"rotation":0,"texture":"#0","tintindex":0},"south":{"uv":[6.125,15.25,6.375,15.5],"rotation":0,"texture":"#0","tintindex":0},"north":{"uv":[5.375,15.25,5.625,15.5],"rotation":0,"texture":"#0","tintindex":0},"west":{"uv":[5.625,15.25,6.125,15.5],"rotation":0,"texture":"#0","tintindex":0},"up":{"uv":[5.625,15.25,5.375,14.75],"rotation":0,"texture":"#0","tintindex":0},"down":{"uv":[5.875,14.75,5.625,15.25],"rotation":0,"texture":"#0","tintindex":0}}},{"from":[7.142857,6.285714,1.4142857],"to":[8.857143,6.857143,3.1285715],"rotation":{"angle":0.0,"axis":"y","origin":[8.0,8.0,8.0]},"faces":{"east":{"uv":[8.75,15.25,9.125,15.375],"rotation":0,"texture":"#0","tintindex":0},"south":{"uv":[9.875,15.25,10.25,15.375],"rotation":0,"texture":"#0","tintindex":0},"north":{"uv":[9.125,15.25,9.5,15.375],"rotation":0,"texture":"#0","tintindex":0},"west":{"uv":[9.5,15.25,9.875,15.375],"rotation":0,"texture":"#0","tintindex":0},"up":{"uv":[9.5,15.25,9.125,14.875],"rotation":0,"texture":"#0","tintindex":0},"down":{"uv":[9.875,14.875,9.5,15.25],"rotation":0,"texture":"#0","tintindex":0}}},{"from":[5.142857,5.142857,4.0],"to":[10.857143,10.857143,5.714286],"rotation":{"angle":0.0,"axis":"y","origin":[8.0,8.0,8.0]},"faces":{"east":{"uv":[3.625,7.0,4.0,8.25],"rotation":0,"texture":"#0","tintindex":0},"south":{"uv":[5.625,7.0,6.875,8.25],"rotation":0,"texture":"#0","tintindex":0},"north":{"uv":[4.0,7.0,5.25,8.25],"rotation":0,"texture":"#0","tintindex":0},"west":{"uv":[5.25,7.0,5.625,8.25],"rotation":0,"texture":"#0","tintindex":0},"up":{"uv":[5.25,7.0,4.0,6.625],"rotation":0,"texture":"#0","tintindex":0},"down":{"uv":[6.5,6.625,5.25,7.0],"rotation":0,"texture":"#0","tintindex":0}}},{"from":[5.142857,5.142857,9.714286],"to":[10.857143,10.857143,11.428572],"rotation":{"angle":0.0,"axis":"y","origin":[8.0,8.0,8.0]},"faces":{"east":{"uv":[3.625,7.0,4.0,8.25],"rotation":0,"texture":"#0","tintindex":0},"south":{"uv":[5.625,7.0,6.875,8.25],"rotation":0,"texture":"#0","tintindex":0},"north":{"uv":[4.0,7.0,5.25,8.25],"rotation":0,"texture":"#0","tintindex":0},"west":{"uv":[5.25,7.0,5.625,8.25],"rotation":0,"texture":"#0","tintindex":0},"up":{"uv":[5.25,7.0,4.0,6.625],"rotation":0,"texture":"#0","tintindex":0},"down":{"uv":[6.5,6.625,5.25,7.0],"rotation":0,"texture":"#0","tintindex":0}}}],"display":{"head":{"translation":[0.0,-6.4,0.0],"scale":[4.0,4.0,4.0]}}}