{"textures":{"0":"modelengine:entity/tc_cyclops_spike"},"elements":[{"from":[8.335992,1.6905808,4.117707],"to":[11.193135,18.26201,9.831993],"rotation":{"angle":0.0,"axis":"y","origin":[10.621706,2.2620096,9.260564]},"faces":{"east":{"uv":[4.75,0.0,3.5,3.625],"rotation":0,"texture":"#0","tintindex":0},"south":{"uv":[5.125,5.25,5.75,8.875],"rotation":0,"texture":"#0","tintindex":0},"north":{"uv":[4.5,5.25,5.125,8.875],"rotation":0,"texture":"#0","tintindex":0},"west":{"uv":[3.5,0.0,4.75,3.625],"rotation":0,"texture":"#0","tintindex":0},"up":{"uv":[8.625,6.5,8.0,5.25],"rotation":0,"texture":"#0","tintindex":0},"down":{"uv":[8.625,6.5,8.0,7.75],"rotation":0,"texture":"#0","tintindex":0}}},{"from":[4.26042,1.4337401,1.1437583],"to":[12.831849,4.862312,8.743758],"rotation":{"angle":0.0,"axis":"y","origin":[9.468707,1.2758799,7.9558907]},"faces":{"east":{"uv":[7.625,2.625,9.25,3.375],"rotation":0,"texture":"#0","tintindex":0},"south":{"uv":[7.5,1.875,9.375,2.625],"rotation":0,"texture":"#0","tintindex":0},"north":{"uv":[6.0,1.125,7.875,1.875],"rotation":0,"texture":"#0","tintindex":0},"west":{"uv":[7.625,2.625,9.25,3.375],"rotation":0,"texture":"#0","tintindex":0},"up":{"uv":[4.125,5.25,2.25,3.625],"rotation":0,"texture":"#0","tintindex":0},"down":{"uv":[6.0,3.625,4.125,5.25],"rotation":0,"texture":"#0","tintindex":0}}},{"from":[9.72585,1.3765974,8.343759],"to":[14.868708,9.948027,14.058044],"rotation":{"angle":-45.0,"axis":"y","origin":[12.297279,5.662312,9.486616]},"faces":{"east":{"uv":[4.75,0.0,6.0,1.875],"rotation":0,"texture":"#0","tintindex":0},"south":{"uv":[1.125,5.75,2.25,7.625],"rotation":0,"texture":"#0","tintindex":0},"north":{"uv":[2.25,5.75,1.125,7.625],"rotation":0,"texture":"#0","tintindex":0},"west":{"uv":[3.25,5.25,4.5,7.125],"rotation":0,"texture":"#0","tintindex":0},"up":{"uv":[8.0,6.5,6.875,5.25],"rotation":0,"texture":"#0","tintindex":0},"down":{"uv":[8.0,6.5,6.875,7.75],"rotation":0,"texture":"#0","tintindex":0}}},{"from":[2.3544211,1.4337401,8.17233],"to":[9.782993,6.5765977,13.315187],"rotation":{"angle":0.0,"axis":"y","origin":[9.468707,1.2758799,7.9558907]},"faces":{"east":{"uv":[0.0,7.625,1.125,8.75],"rotation":0,"texture":"#0","tintindex":0},"south":{"uv":[6.0,0.0,7.625,1.125],"rotation":0,"texture":"#0","tintindex":0},"north":{"uv":[5.875,1.875,7.5,3.0],"rotation":0,"texture":"#0","tintindex":0},"west":{"uv":[1.125,7.625,0.0,8.75],"rotation":0,"texture":"#0","tintindex":0},"up":{"uv":[7.625,4.125,6.0,3.0],"rotation":0,"texture":"#0","tintindex":0},"down":{"uv":[7.625,4.125,6.0,5.25],"rotation":0,"texture":"#0","tintindex":0}}},{"from":[7.193135,2.2620096,5.831992],"to":[9.478849,28.547724,10.97485],"rotation":{"angle":0.0,"axis":"y","origin":[10.621706,2.2620096,9.260564]},"faces":{"east":{"uv":[0.0,0.0,1.125,5.75],"rotation":0,"texture":"#0","tintindex":0},"south":{"uv":[2.75,5.25,3.25,11.0],"rotation":0,"texture":"#0","tintindex":0},"north":{"uv":[2.25,5.25,2.75,11.0],"rotation":0,"texture":"#0","tintindex":0},"west":{"uv":[1.125,0.0,0.0,5.75],"rotation":0,"texture":"#0","tintindex":0},"up":{"uv":[4.5,9.5,4.0,8.375],"rotation":0,"texture":"#0","tintindex":0},"down":{"uv":[8.875,4.125,8.375,5.25],"rotation":0,"texture":"#0","tintindex":0}}},{"from":[5.478849,1.6905808,4.6891356],"to":[8.907421,9.690581,9.831993],"rotation":{"angle":22.5,"axis":"z","origin":[7.193135,6.2620096,7.260564]},"faces":{"east":{"uv":[4.75,1.875,5.875,3.625],"rotation":0,"texture":"#0","tintindex":0},"south":{"uv":[3.25,7.125,4.0,8.875],"rotation":0,"texture":"#0","tintindex":0},"north":{"uv":[5.75,7.0,6.5,8.75],"rotation":0,"texture":"#0","tintindex":0},"west":{"uv":[5.875,1.875,4.75,3.625],"rotation":0,"texture":"#0","tintindex":0},"up":{"uv":[8.375,5.25,7.625,4.125],"rotation":0,"texture":"#0","tintindex":0},"down":{"uv":[8.0,7.75,7.25,8.875],"rotation":0,"texture":"#0","tintindex":0}}},{"from":[6.0502777,9.690581,5.260564],"to":[8.335992,15.404867,8.689136],"rotation":{"angle":22.5,"axis":"z","origin":[7.193135,6.2620096,7.260564]},"faces":{"east":{"uv":[1.125,7.625,1.875,8.875],"rotation":0,"texture":"#0","tintindex":0},"south":{"uv":[8.0,7.75,8.5,9.0],"rotation":0,"texture":"#0","tintindex":0},"north":{"uv":[4.0,7.125,4.5,8.375],"rotation":0,"texture":"#0","tintindex":0},"west":{"uv":[1.875,7.625,1.125,8.875],"rotation":0,"texture":"#0","tintindex":0},"up":{"uv":[8.375,1.875,7.875,1.125],"rotation":0,"texture":"#0","tintindex":0},"down":{"uv":[8.875,1.125,8.375,1.875],"rotation":0,"texture":"#0","tintindex":0}}}],"display":{"head":{"translation":[0.0,-6.4,0.0],"scale":[4.0,4.0,4.0]}}}