{"textures":{"0":"modelengine:entity/c_lava_beast_p2"},"elements":[{"from":[1.1428566,8.285714,-3.1428576],"to":[14.857143,18.57143,10.571428],"rotation":{"angle":0.0,"axis":"y","origin":[8.0,18.285715,1.7142854]},"faces":{"east":{"uv":[5.0,13.4375,5.75,14.0],"rotation":0,"texture":"#0","tintindex":0},"south":{"uv":[5.75,13.4375,6.5,14.0],"rotation":0,"texture":"#0","tintindex":0},"north":{"uv":[4.25,13.4375,5.0,14.0],"rotation":0,"texture":"#0","tintindex":0},"west":{"uv":[5.75,13.4375,5.0,14.0],"rotation":0,"texture":"#0","tintindex":0},"up":{"uv":[4.25,13.4375,5.0,12.6875],"rotation":0,"texture":"#0","tintindex":0},"down":{"uv":[5.0,12.6875,5.75,13.4375],"rotation":0,"texture":"#0","tintindex":0}}},{"from":[5.142857,18.57143,-3.1428576],"to":[10.857143,27.714287,2.5714283],"rotation":{"angle":0.0,"axis":"y","origin":[8.0,18.285715,1.7142854]},"faces":{"east":{"uv":[0.3125,14.1875,0.625,14.6875],"rotation":0,"texture":"#0","tintindex":0},"south":{"uv":[0.625,14.1875,0.9375,14.6875],"rotation":0,"texture":"#0","tintindex":0},"north":{"uv":[0.0,14.1875,0.3125,14.6875],"rotation":0,"texture":"#0","tintindex":0},"west":{"uv":[0.625,14.1875,0.3125,14.6875],"rotation":0,"texture":"#0","tintindex":0},"up":{"uv":[0.0,14.1875,0.3125,13.875],"rotation":0,"texture":"#0","tintindex":0},"down":{"uv":[0.3125,13.875,0.625,14.1875],"rotation":0,"texture":"#0","tintindex":0}}},{"from":[10.285714,18.57143,6.0],"to":[14.857143,24.285715,10.571428],"rotation":{"angle":0.0,"axis":"y","origin":[8.0,18.285715,1.7142854]},"faces":{"east":{"uv":[1.0,13.0625,1.25,13.375],"rotation":0,"texture":"#0","tintindex":0},"south":{"uv":[1.3125,13.0625,1.5625,13.375],"rotation":0,"texture":"#0","tintindex":0},"north":{"uv":[0.6875,13.0625,0.9375,13.375],"rotation":0,"texture":"#0","tintindex":0},"west":{"uv":[1.25,13.0625,1.0,13.375],"rotation":0,"texture":"#0","tintindex":0},"up":{"uv":[0.0,13.375,0.25,13.125],"rotation":0,"texture":"#0","tintindex":0},"down":{"uv":[0.3125,13.0625,0.625,13.375],"rotation":0,"texture":"#0","tintindex":0}}},{"from":[1.1428566,18.57143,6.0],"to":[5.714286,24.285715,10.571428],"rotation":{"angle":0.0,"axis":"y","origin":[8.0,18.285715,1.7142854]},"faces":{"east":{"uv":[1.0,13.0625,1.25,13.375],"rotation":0,"texture":"#0","tintindex":0},"south":{"uv":[1.3125,13.0625,1.5625,13.375],"rotation":0,"texture":"#0","tintindex":0},"north":{"uv":[0.6875,13.0625,0.9375,13.375],"rotation":0,"texture":"#0","tintindex":0},"west":{"uv":[1.25,13.0625,1.0,13.375],"rotation":0,"texture":"#0","tintindex":0},"up":{"uv":[0.0,13.375,0.25,13.125],"rotation":0,"texture":"#0","tintindex":0},"down":{"uv":[0.3125,13.0625,0.625,13.375],"rotation":0,"texture":"#0","tintindex":0}}}],"display":{"head":{"translation":[0.0,-6.4,0.0],"scale":[4.0,4.0,4.0]}}}