{"textures":{"1":"modelengine:entity/shadow_sorcerer_body"},"elements":[{"from":[6.8514285,-14.862858,1.1371422],"to":[14.862858,8.005714,12.577143],"rotation":{"angle":0.0,"axis":"y","origin":[8.571428,6.857143,6.285714]},"faces":{"south":{"uv":[4.0,11.0,5.75,16.0],"rotation":0,"texture":"#1","tintindex":0},"north":{"uv":[0.0,11.0,1.75,16.0],"rotation":0,"texture":"#1","tintindex":0},"west":{"uv":[1.625,11.0,4.125,16.0],"rotation":0,"texture":"#1","tintindex":0},"up":{"uv":[10.0,13.5,11.75,16.0],"rotation":180,"texture":"#1","tintindex":0}}},{"from":[6.8514285,-14.862858,11.994286],"to":[14.862858,8.005714,12.005714],"rotation":{"angle":0.0,"axis":"y","origin":[8.571428,6.857143,6.285714]},"faces":{"south":{"uv":[4.0,11.0,5.75,16.0],"rotation":0,"texture":"#1","tintindex":0},"north":{"uv":[5.75,11.0,4.0,16.0],"rotation":0,"texture":"#1","tintindex":0}}},{"from":[7.48,-14.862858,1.1371422],"to":[7.4914284,8.005714,12.577143],"rotation":{"angle":0.0,"axis":"y","origin":[8.571428,6.857143,6.285714]},"faces":{"east":{"uv":[4.125,11.0,1.625,16.0],"rotation":0,"texture":"#1","tintindex":0}}}],"display":{"head":{"translation":[0.0,-6.4,0.0],"scale":[4.0,4.0,4.0]}}}