{"textures":{"1":"modelengine:entity/shadow_sorcerer_body"},"elements":[{"from":[2.2857141,-5.714287,3.4285712],"to":[8.0,13.714286,12.571428],"rotation":{"angle":0.0,"axis":"y","origin":[8.0,13.714286,7.428571]},"faces":{"east":{"uv":[8.875,11.75,6.875,16.0],"rotation":0,"texture":"#1","tintindex":0},"south":{"uv":[10.0,11.75,8.75,16.0],"rotation":0,"texture":"#1","tintindex":0},"north":{"uv":[7.0,11.75,5.75,16.0],"rotation":0,"texture":"#1","tintindex":0}}},{"from":[7.885714,-5.714287,3.4285712],"to":[7.885714,13.714286,12.571428],"rotation":{"angle":0.0,"axis":"y","origin":[8.0,9.714286,7.428571]},"faces":{"west":{"uv":[6.875,11.75,8.875,16.0],"rotation":0,"texture":"#1","tintindex":0}}},{"from":[2.2857141,-5.714287,12.514286],"to":[8.0,13.714286,12.514286],"rotation":{"angle":0.0,"axis":"y","origin":[8.0,12.571428,7.428571]},"faces":{"north":{"uv":[8.75,11.75,10.0,16.0],"rotation":0,"texture":"#1","tintindex":0}}}],"display":{"head":{"translation":[0.0,-6.4,0.0],"scale":[4.0,4.0,4.0]}}}