{"textures":{"0":"modelengine:entity/baby_utharaptor"},"elements":[{"from":[6.813052,6.801904,6.997971],"to":[9.007339,8.264762,8.826543],"rotation":{"angle":0.0,"axis":"y","origin":[7.946767,7.350476,7.7293997]},"faces":{"east":{"uv":[3.5,4.125,3.875,4.5],"rotation":0,"texture":"#0","tintindex":0},"south":{"uv":[0.5,7.5,1.0,7.875],"rotation":0,"texture":"#0","tintindex":0},"north":{"uv":[7.25,4.875,7.75,5.25],"rotation":0,"texture":"#0","tintindex":0},"west":{"uv":[7.75,7.125,8.125,7.5],"rotation":0,"texture":"#0","tintindex":0},"up":{"uv":[8.0,3.625,7.5,3.25],"rotation":0,"texture":"#0","tintindex":0},"down":{"uv":[7.125,7.5,6.625,7.875],"rotation":0,"texture":"#0","tintindex":0}}},{"from":[8.467478,7.3127084,6.218067],"to":[9.564621,8.775566,7.31521],"rotation":{"angle":-22.5,"axis":"x","origin":[9.016049,8.88464,6.3382845]},"faces":{"east":{"uv":[8.125,1.125,8.375,1.5],"rotation":0,"texture":"#0","tintindex":0},"south":{"uv":[8.125,1.75,8.375,2.125],"rotation":0,"texture":"#0","tintindex":0},"north":{"uv":[8.125,0.75,8.375,1.125],"rotation":0,"texture":"#0","tintindex":0},"west":{"uv":[8.125,2.125,8.375,2.5],"rotation":0,"texture":"#0","tintindex":0},"up":{"uv":[0.875,3.75,0.625,3.5],"rotation":0,"texture":"#0","tintindex":0},"down":{"uv":[1.875,5.375,1.625,5.625],"rotation":0,"texture":"#0","tintindex":0}}},{"from":[8.650335,8.509809,5.909631],"to":[9.381763,9.606951,7.006774],"rotation":{"angle":22.5,"axis":"x","origin":[9.016049,8.793314,6.0578327]},"faces":{"east":{"uv":[6.25,3.75,6.5,4.0],"rotation":0,"texture":"#0","tintindex":0},"south":{"uv":[4.625,5.25,4.75,5.5],"rotation":0,"texture":"#0","tintindex":0},"north":{"uv":[1.875,4.625,2.0,4.875],"rotation":0,"texture":"#0","tintindex":0},"west":{"uv":[8.375,7.375,8.625,7.625],"rotation":0,"texture":"#0","tintindex":0},"up":{"uv":[5.875,0.75,5.75,0.5],"rotation":0,"texture":"#0","tintindex":0},"down":{"uv":[0.625,6.0,0.5,6.25],"rotation":0,"texture":"#0","tintindex":0}}},{"from":[9.016049,8.157559,4.6730156],"to":[9.016049,9.620417,6.501587],"rotation":{"angle":-22.5,"axis":"x","origin":[9.016049,8.793314,6.0578327]},"faces":{"east":{"uv":[7.875,0.0,8.25,0.375],"rotation":0,"texture":"#0","tintindex":0},"south":{"uv":[0.0,0.0,0.0,0.375],"rotation":0,"texture":"#0","tintindex":0},"north":{"uv":[0.0,0.0,0.0,0.375],"rotation":0,"texture":"#0","tintindex":0},"west":{"uv":[3.375,7.875,3.75,8.25],"rotation":0,"texture":"#0","tintindex":0},"up":{"uv":[0.0,0.375,0.0,0.0],"rotation":0,"texture":"#0","tintindex":0},"down":{"uv":[0.0,0.0,0.0,0.375],"rotation":0,"texture":"#0","tintindex":0}}},{"from":[8.211478,6.8384757,4.270009],"to":[8.211478,7.935619,5.367152],"rotation":{"angle":0.0,"axis":"y","origin":[6.748621,7.3870473,6.007152]},"faces":{"east":{"uv":[8.375,7.625,8.625,7.875],"rotation":0,"texture":"#0","tintindex":0},"south":{"uv":[0.0,0.0,0.0,0.25],"rotation":0,"texture":"#0","tintindex":0},"north":{"uv":[0.0,0.0,0.0,0.25],"rotation":0,"texture":"#0","tintindex":0},"west":{"uv":[8.375,8.125,8.625,8.375],"rotation":0,"texture":"#0","tintindex":0},"up":{"uv":[0.0,0.25,0.0,0.0],"rotation":0,"texture":"#0","tintindex":0},"down":{"uv":[0.0,0.0,0.0,0.25],"rotation":0,"texture":"#0","tintindex":0}}},{"from":[7.8457637,6.8384757,5.367152],"to":[8.577192,7.935619,6.464295],"rotation":{"angle":0.0,"axis":"y","origin":[6.748621,7.3870473,6.007152]},"faces":{"east":{"uv":[8.375,8.375,8.625,8.625],"rotation":0,"texture":"#0","tintindex":0},"south":{"uv":[1.0,7.5,1.125,7.75],"rotation":0,"texture":"#0","tintindex":0},"north":{"uv":[7.125,0.75,7.25,1.0],"rotation":0,"texture":"#0","tintindex":0},"west":{"uv":[8.5,0.0,8.75,0.25],"rotation":0,"texture":"#0","tintindex":0},"up":{"uv":[3.5,7.875,3.375,7.625],"rotation":0,"texture":"#0","tintindex":0},"down":{"uv":[7.75,4.625,7.625,4.875],"rotation":0,"texture":"#0","tintindex":0}}},{"from":[6.883595,6.8384757,5.0622816],"to":[6.883595,7.935619,6.159425],"rotation":{"angle":22.5,"axis":"y","origin":[6.9201665,7.533333,6.707996]},"faces":{"east":{"uv":[0.5,8.5,0.75,8.75],"rotation":0,"texture":"#0","tintindex":0},"south":{"uv":[0.0,0.0,0.0,0.25],"rotation":0,"texture":"#0","tintindex":0},"north":{"uv":[0.0,0.0,0.0,0.25],"rotation":0,"texture":"#0","tintindex":0},"west":{"uv":[0.75,8.5,1.0,8.75],"rotation":0,"texture":"#0","tintindex":0},"up":{"uv":[0.0,0.25,0.0,0.0],"rotation":0,"texture":"#0","tintindex":0},"down":{"uv":[0.0,0.0,0.0,0.25],"rotation":0,"texture":"#0","tintindex":0}}},{"from":[6.517881,6.8384757,6.013139],"to":[7.2493095,7.935619,6.7445674],"rotation":{"angle":22.5,"axis":"y","origin":[6.9201665,7.533333,6.707996]},"faces":{"east":{"uv":[2.375,8.625,2.5,8.875],"rotation":0,"texture":"#0","tintindex":0},"south":{"uv":[2.5,8.625,2.625,8.875],"rotation":0,"texture":"#0","tintindex":0},"north":{"uv":[8.5,7.125,8.625,7.375],"rotation":0,"texture":"#0","tintindex":0},"west":{"uv":[2.875,8.625,3.0,8.875],"rotation":0,"texture":"#0","tintindex":0},"up":{"uv":[1.875,3.125,1.75,3.0],"rotation":0,"texture":"#0","tintindex":0},"down":{"uv":[5.375,2.625,5.25,2.75],"rotation":0,"texture":"#0","tintindex":0}}},{"from":[6.335024,6.8384757,6.7445674],"to":[7.4321666,7.935619,8.207425],"rotation":{"angle":22.5,"axis":"y","origin":[6.9201665,7.533333,6.707996]},"faces":{"east":{"uv":[3.75,2.0,4.125,2.25],"rotation":0,"texture":"#0","tintindex":0},"south":{"uv":[8.5,1.375,8.75,1.625],"rotation":0,"texture":"#0","tintindex":0},"north":{"uv":[1.375,8.5,1.625,8.75],"rotation":0,"texture":"#0","tintindex":0},"west":{"uv":[6.0,1.75,6.375,2.0],"rotation":0,"texture":"#0","tintindex":0},"up":{"uv":[8.375,2.875,8.125,2.5],"rotation":0,"texture":"#0","tintindex":0},"down":{"uv":[8.375,3.5,8.125,3.875],"rotation":0,"texture":"#0","tintindex":0}}},{"from":[7.6629066,6.8384757,6.464295],"to":[8.76005,7.935619,7.927152],"rotation":{"angle":0.0,"axis":"y","origin":[6.748621,7.3870473,6.007152]},"faces":{"east":{"uv":[7.375,0.5,7.75,0.75],"rotation":0,"texture":"#0","tintindex":0},"south":{"uv":[8.5,3.75,8.75,4.0],"rotation":0,"texture":"#0","tintindex":0},"north":{"uv":[1.625,8.5,1.875,8.75],"rotation":0,"texture":"#0","tintindex":0},"west":{"uv":[8.125,3.875,8.5,4.125],"rotation":0,"texture":"#0","tintindex":0},"up":{"uv":[4.375,8.5,4.125,8.125],"rotation":0,"texture":"#0","tintindex":0},"down":{"uv":[4.625,8.125,4.375,8.5],"rotation":0,"texture":"#0","tintindex":0}}}],"display":{"head":{"translation":[0.0,-6.4,0.0],"scale":[4.0,4.0,4.0]}}}