{"textures":{"0":"modelengine:entity/baby_utharaptor"},"elements":[{"from":[8.474529,7.9307394,4.715042],"to":[8.474529,9.102196,6.4722266],"rotation":{"angle":0.0,"axis":"y","origin":[8.634688,8.423345,5.0845094]},"faces":{"east":{"uv":[10.25,0.625,9.125,0.875],"rotation":180,"texture":"#0","tintindex":0},"south":{"uv":[0.0,0.0,0.0,0.25],"rotation":180,"texture":"#0","tintindex":0},"north":{"uv":[0.0,0.0,0.0,0.25],"rotation":180,"texture":"#0","tintindex":0},"west":{"uv":[10.25,0.4375,9.125,0.875],"rotation":180,"texture":"#0","tintindex":0},"up":{"uv":[0.0,0.0,0.0,0.375],"rotation":0,"texture":"#0","tintindex":0},"down":{"uv":[0.0,0.375,0.0,0.0],"rotation":0,"texture":"#0","tintindex":0}}},{"from":[8.378849,8.144894,3.8215923],"to":[8.378849,8.983549,4.9131765],"rotation":{"angle":0.0,"axis":"y","origin":[8.634688,8.423345,5.0845094]},"faces":{"east":{"uv":[5.25,9.2875,4.2625,9.575],"rotation":180,"texture":"#0","tintindex":0},"south":{"uv":[0.0,0.0,0.0,0.25],"rotation":180,"texture":"#0","tintindex":0},"north":{"uv":[0.0,0.0,0.0,0.25],"rotation":180,"texture":"#0","tintindex":0},"west":{"uv":[5.25,9.65,4.25,9.9875],"rotation":180,"texture":"#0","tintindex":0},"up":{"uv":[0.0,0.0,0.0,0.25],"rotation":0,"texture":"#0","tintindex":0},"down":{"uv":[0.0,0.25,0.0,0.0],"rotation":0,"texture":"#0","tintindex":0}}},{"from":[7.6466265,8.029539,3.6529942],"to":[8.405411,8.868196,3.6529942],"rotation":{"angle":0.0,"axis":"y","origin":[7.7285786,8.532544,4.493789]},"faces":{"east":{"uv":[0.0,0.0,0.0,0.25],"rotation":0,"texture":"#0","tintindex":0},"south":{"uv":[8.375,8.625,8.5,8.875],"rotation":0,"texture":"#0","tintindex":0},"north":{"uv":[8.625,8.125,8.75,8.375],"rotation":0,"texture":"#0","tintindex":0},"west":{"uv":[0.0,0.0,0.0,0.25],"rotation":0,"texture":"#0","tintindex":0},"up":{"uv":[0.125,0.0,0.0,0.0],"rotation":0,"texture":"#0","tintindex":0},"down":{"uv":[0.125,0.0,0.0,0.0],"rotation":0,"texture":"#0","tintindex":0}}},{"from":[7.6308184,8.144894,3.7175922],"to":[7.6308184,8.983549,4.8091764],"rotation":{"angle":0.0,"axis":"y","origin":[7.7285786,8.532544,4.493789]},"faces":{"east":{"uv":[4.25,9.65,5.25,9.9875],"rotation":180,"texture":"#0","tintindex":0},"south":{"uv":[0.0,0.0,0.0,0.25],"rotation":180,"texture":"#0","tintindex":0},"north":{"uv":[0.0,0.0,0.0,0.25],"rotation":180,"texture":"#0","tintindex":0},"west":{"uv":[4.2625,9.2875,5.25,9.575],"rotation":180,"texture":"#0","tintindex":0},"up":{"uv":[0.0,0.0,0.0,0.25],"rotation":0,"texture":"#0","tintindex":0},"down":{"uv":[0.0,0.25,0.0,0.0],"rotation":0,"texture":"#0","tintindex":0}}},{"from":[7.587138,8.008739,4.715042],"to":[7.587138,9.180196,6.4722266],"rotation":{"angle":0.0,"axis":"y","origin":[7.3791385,8.438467,5.5416346]},"faces":{"east":{"uv":[9.125,0.4375,10.25,0.875],"rotation":180,"texture":"#0","tintindex":0},"south":{"uv":[0.0,0.0,0.0,0.25],"rotation":180,"texture":"#0","tintindex":0},"north":{"uv":[0.0,0.0,0.0,0.25],"rotation":180,"texture":"#0","tintindex":0},"west":{"uv":[9.125,0.625,10.25,0.875],"rotation":180,"texture":"#0","tintindex":0},"up":{"uv":[0.0,0.0,0.0,0.375],"rotation":0,"texture":"#0","tintindex":0},"down":{"uv":[0.0,0.375,0.0,0.0],"rotation":0,"texture":"#0","tintindex":0}}},{"from":[6.9816284,7.327159,6.34289],"to":[9.011176,8.4869,8.3724375],"rotation":{"angle":0.0,"axis":"y","origin":[7.9964023,7.9070296,7.357663]},"faces":{"east":{"uv":[4.125,2.75,4.625,3.0],"rotation":0,"texture":"#0","tintindex":0},"south":{"uv":[6.5,5.25,7.0,5.5],"rotation":0,"texture":"#0","tintindex":0},"north":{"uv":[2.0,3.875,2.5,4.125],"rotation":0,"texture":"#0","tintindex":0},"west":{"uv":[6.625,0.75,7.125,1.0],"rotation":0,"texture":"#0","tintindex":0},"up":{"uv":[7.875,0.5,7.375,0.0],"rotation":0,"texture":"#0","tintindex":0},"down":{"uv":[2.0,7.375,1.5,7.875],"rotation":0,"texture":"#0","tintindex":0}}},{"from":[7.08047,8.194103,6.8283615],"to":[7.08047,9.353845,8.042965],"rotation":{"angle":22.5,"axis":"x","origin":[7.08047,8.565973,7.357663]},"faces":{"east":{"uv":[8.375,2.625,8.75,2.875],"rotation":0,"texture":"#0","tintindex":0},"south":{"uv":[0.0,0.0,0.0,0.25],"rotation":0,"texture":"#0","tintindex":0},"north":{"uv":[0.0,0.0,0.0,0.25],"rotation":0,"texture":"#0","tintindex":0},"west":{"uv":[2.875,8.375,3.25,8.625],"rotation":0,"texture":"#0","tintindex":0},"up":{"uv":[0.0,0.375,0.0,0.0],"rotation":0,"texture":"#0","tintindex":0},"down":{"uv":[0.0,0.0,0.0,0.375],"rotation":0,"texture":"#0","tintindex":0}}},{"from":[8.734197,8.194103,6.8283615],"to":[8.734197,9.353845,8.042965],"rotation":{"angle":22.5,"axis":"x","origin":[10.034197,8.565973,7.357663]},"faces":{"east":{"uv":[3.25,8.375,2.875,8.625],"rotation":0,"texture":"#0","tintindex":0},"south":{"uv":[0.0,0.0,0.0,0.25],"rotation":0,"texture":"#0","tintindex":0},"north":{"uv":[0.0,0.0,0.0,0.25],"rotation":0,"texture":"#0","tintindex":0},"west":{"uv":[8.75,2.625,8.375,2.875],"rotation":0,"texture":"#0","tintindex":0},"up":{"uv":[0.0,0.375,0.0,0.0],"rotation":0,"texture":"#0","tintindex":0},"down":{"uv":[0.0,0.0,0.0,0.375],"rotation":0,"texture":"#0","tintindex":0}}},{"from":[7.421022,7.936023,4.5742836],"to":[8.580764,8.515894,6.6038313],"rotation":{"angle":0.0,"axis":"y","origin":[8.018147,7.981765,5.8205976]},"faces":{"east":{"uv":[3.375,3.0,3.875,3.125],"rotation":0,"texture":"#0","tintindex":0},"south":{"uv":[8.75,1.5,9.0,1.625],"rotation":0,"texture":"#0","tintindex":0},"north":{"uv":[8.75,1.375,9.0,1.5],"rotation":0,"texture":"#0","tintindex":0},"west":{"uv":[1.25,3.75,1.75,3.875],"rotation":0,"texture":"#0","tintindex":0},"up":{"uv":[3.25,6.0,3.0,5.5],"rotation":0,"texture":"#0","tintindex":0},"down":{"uv":[6.625,8.0,6.375,8.5],"rotation":0,"texture":"#0","tintindex":0}}},{"from":[7.6049895,7.6496053,4.881086],"to":[8.474796,8.229476,6.6206985],"rotation":{"angle":22.5,"axis":"x","origin":[8.018147,7.981765,5.8205976]},"faces":{"east":{"uv":[4.875,2.625,5.25,2.75],"rotation":0,"texture":"#0","tintindex":0},"south":{"uv":[8.75,1.875,9.0,2.0],"rotation":0,"texture":"#0","tintindex":0},"north":{"uv":[8.75,1.75,9.0,1.875],"rotation":0,"texture":"#0","tintindex":0},"west":{"uv":[5.75,5.5,6.125,5.625],"rotation":0,"texture":"#0","tintindex":0},"up":{"uv":[8.625,3.75,8.375,3.375],"rotation":0,"texture":"#0","tintindex":0},"down":{"uv":[8.625,4.125,8.375,4.5],"rotation":0,"texture":"#0","tintindex":0}}},{"from":[7.7354608,8.261003,3.7638865],"to":[8.315331,8.840874,4.8840914],"rotation":{"angle":-22.5,"axis":"x","origin":[8.018147,7.981765,5.6645975]},"faces":{"east":{"uv":[8.75,2.0,9.0,2.125],"rotation":0,"texture":"#0","tintindex":0},"south":{"uv":[8.0,4.5,8.125,4.625],"rotation":0,"texture":"#0","tintindex":0},"north":{"uv":[8.0,3.5,8.125,3.625],"rotation":0,"texture":"#0","tintindex":0},"west":{"uv":[8.75,2.125,9.0,2.25],"rotation":0,"texture":"#0","tintindex":0},"up":{"uv":[8.875,2.5,8.75,2.25],"rotation":0,"texture":"#0","tintindex":0},"down":{"uv":[8.875,2.5,8.75,2.75],"rotation":0,"texture":"#0","tintindex":0}}},{"from":[7.590493,7.966532,3.5561347],"to":[8.4602995,8.546403,5.0058117],"rotation":{"angle":0.0,"axis":"y","origin":[8.018147,7.981765,5.6645975]},"faces":{"east":{"uv":[4.125,6.375,4.5,6.5],"rotation":0,"texture":"#0","tintindex":0},"south":{"uv":[8.75,2.75,9.0,2.875],"rotation":0,"texture":"#0","tintindex":0},"north":{"uv":[2.625,8.75,2.875,8.875],"rotation":0,"texture":"#0","tintindex":0},"west":{"uv":[6.75,3.625,7.125,3.75],"rotation":0,"texture":"#0","tintindex":0},"up":{"uv":[8.625,4.875,8.375,4.5],"rotation":0,"texture":"#0","tintindex":0},"down":{"uv":[8.625,5.125,8.375,5.5],"rotation":0,"texture":"#0","tintindex":0}}}],"display":{"head":{"translation":[0.0,-6.4,0.0],"scale":[4.0,4.0,4.0]}}}