{"textures":{"0":"modelengine:entity/baby_utharaptor"},"elements":[{"from":[6.838543,7.787721,4.9447093],"to":[9.168143,10.117321,7.6071095],"rotation":{"angle":22.5,"axis":"x","origin":[8.003343,7.2885213,6.242629]},"faces":{"east":{"uv":[0.5,6.25,1.125,6.75],"rotation":0,"texture":"#0","tintindex":0},"south":{"uv":[7.125,2.75,7.625,3.25],"rotation":0,"texture":"#0","tintindex":0},"north":{"uv":[7.125,2.25,7.625,2.75],"rotation":0,"texture":"#0","tintindex":0},"west":{"uv":[2.375,6.25,3.0,6.75],"rotation":0,"texture":"#0","tintindex":0},"up":{"uv":[6.75,3.125,6.25,2.5],"rotation":0,"texture":"#0","tintindex":0},"down":{"uv":[6.75,3.125,6.25,3.75],"rotation":0,"texture":"#0","tintindex":0}}},{"from":[7.171343,6.9557214,5.4106293],"to":[8.835343,8.2869215,7.7402296],"rotation":{"angle":22.5,"axis":"x","origin":[8.003343,7.2885213,6.242629]},"faces":{"east":{"uv":[7.625,2.5,8.125,2.875],"rotation":0,"texture":"#0","tintindex":0},"south":{"uv":[7.0,7.875,7.375,8.25],"rotation":0,"texture":"#0","tintindex":0},"north":{"uv":[6.625,7.875,7.0,8.25],"rotation":0,"texture":"#0","tintindex":0},"west":{"uv":[2.875,7.625,3.375,8.0],"rotation":0,"texture":"#0","tintindex":0},"up":{"uv":[4.5,8.125,4.125,7.625],"rotation":0,"texture":"#0","tintindex":0},"down":{"uv":[8.0,4.125,7.625,4.625],"rotation":0,"texture":"#0","tintindex":0}}},{"from":[7.5041428,7.367119,5.179157],"to":[8.5025425,8.6983185,6.510357],"rotation":{"angle":45.0,"axis":"x","origin":[8.003343,7.799759,5.878037]},"faces":{"east":{"uv":[1.875,8.0,2.25,8.375],"rotation":0,"texture":"#0","tintindex":0},"south":{"uv":[0.125,8.25,0.375,8.625],"rotation":0,"texture":"#0","tintindex":0},"north":{"uv":[8.25,0.0,8.5,0.375],"rotation":0,"texture":"#0","tintindex":0},"west":{"uv":[2.25,8.0,2.625,8.375],"rotation":0,"texture":"#0","tintindex":0},"up":{"uv":[1.25,8.625,1.0,8.25],"rotation":0,"texture":"#0","tintindex":0},"down":{"uv":[3.625,8.25,3.375,8.625],"rotation":0,"texture":"#0","tintindex":0}}}],"display":{"head":{"translation":[0.0,-6.4,0.0],"scale":[4.0,4.0,4.0]}}}