{"textures":{"0":"modelengine:entity/baby_utharaptor"},"elements":[{"from":[6.9926615,6.801904,6.997971],"to":[9.186948,8.264762,8.826543],"rotation":{"angle":0.0,"axis":"y","origin":[8.053233,7.350476,7.7293997]},"faces":{"east":{"uv":[8.125,7.125,7.75,7.5],"rotation":0,"texture":"#0","tintindex":0},"south":{"uv":[1.0,7.5,0.5,7.875],"rotation":0,"texture":"#0","tintindex":0},"north":{"uv":[7.75,4.875,7.25,5.25],"rotation":0,"texture":"#0","tintindex":0},"west":{"uv":[3.875,4.125,3.5,4.5],"rotation":0,"texture":"#0","tintindex":0},"up":{"uv":[7.5,3.625,8.0,3.25],"rotation":0,"texture":"#0","tintindex":0},"down":{"uv":[6.625,7.5,7.125,7.875],"rotation":0,"texture":"#0","tintindex":0}}},{"from":[6.435379,7.3127084,6.218067],"to":[7.5325217,8.775566,7.31521],"rotation":{"angle":-22.5,"axis":"x","origin":[6.9839506,8.88464,6.3382845]},"faces":{"east":{"uv":[8.375,2.125,8.125,2.5],"rotation":0,"texture":"#0","tintindex":0},"south":{"uv":[8.375,1.75,8.125,2.125],"rotation":0,"texture":"#0","tintindex":0},"north":{"uv":[8.375,0.75,8.125,1.125],"rotation":0,"texture":"#0","tintindex":0},"west":{"uv":[8.375,1.125,8.125,1.5],"rotation":0,"texture":"#0","tintindex":0},"up":{"uv":[0.625,3.75,0.875,3.5],"rotation":0,"texture":"#0","tintindex":0},"down":{"uv":[1.625,5.375,1.875,5.625],"rotation":0,"texture":"#0","tintindex":0}}},{"from":[6.618236,8.509809,5.909631],"to":[7.3496647,9.606951,7.006774],"rotation":{"angle":22.5,"axis":"x","origin":[6.9839506,8.793314,6.0578327]},"faces":{"east":{"uv":[8.625,7.375,8.375,7.625],"rotation":0,"texture":"#0","tintindex":0},"south":{"uv":[4.75,5.25,4.625,5.5],"rotation":0,"texture":"#0","tintindex":0},"north":{"uv":[2.0,4.625,1.875,4.875],"rotation":0,"texture":"#0","tintindex":0},"west":{"uv":[6.5,3.75,6.25,4.0],"rotation":0,"texture":"#0","tintindex":0},"up":{"uv":[5.75,0.75,5.875,0.5],"rotation":0,"texture":"#0","tintindex":0},"down":{"uv":[0.5,6.0,0.625,6.25],"rotation":0,"texture":"#0","tintindex":0}}},{"from":[6.9839506,8.157559,4.6730156],"to":[6.9839506,9.620417,6.501587],"rotation":{"angle":-22.5,"axis":"x","origin":[6.9839506,8.793314,6.0578327]},"faces":{"east":{"uv":[3.75,7.875,3.375,8.25],"rotation":0,"texture":"#0","tintindex":0},"south":{"uv":[0.0,0.0,0.0,0.375],"rotation":0,"texture":"#0","tintindex":0},"north":{"uv":[0.0,0.0,0.0,0.375],"rotation":0,"texture":"#0","tintindex":0},"west":{"uv":[8.25,0.0,7.875,0.375],"rotation":0,"texture":"#0","tintindex":0},"up":{"uv":[0.0,0.375,0.0,0.0],"rotation":0,"texture":"#0","tintindex":0},"down":{"uv":[0.0,0.0,0.0,0.375],"rotation":0,"texture":"#0","tintindex":0}}},{"from":[7.788522,6.8384757,4.270009],"to":[7.788522,7.935619,5.367152],"rotation":{"angle":0.0,"axis":"y","origin":[9.251379,7.3870473,6.007152]},"faces":{"east":{"uv":[8.625,8.125,8.375,8.375],"rotation":0,"texture":"#0","tintindex":0},"south":{"uv":[0.0,0.0,0.0,0.25],"rotation":0,"texture":"#0","tintindex":0},"north":{"uv":[0.0,0.0,0.0,0.25],"rotation":0,"texture":"#0","tintindex":0},"west":{"uv":[8.625,7.625,8.375,7.875],"rotation":0,"texture":"#0","tintindex":0},"up":{"uv":[0.0,0.25,0.0,0.0],"rotation":0,"texture":"#0","tintindex":0},"down":{"uv":[0.0,0.0,0.0,0.25],"rotation":0,"texture":"#0","tintindex":0}}},{"from":[7.4228077,6.8384757,5.367152],"to":[8.154236,7.935619,6.464295],"rotation":{"angle":0.0,"axis":"y","origin":[9.251379,7.3870473,6.007152]},"faces":{"east":{"uv":[8.75,0.0,8.5,0.25],"rotation":0,"texture":"#0","tintindex":0},"south":{"uv":[1.125,7.5,1.0,7.75],"rotation":0,"texture":"#0","tintindex":0},"north":{"uv":[7.25,0.75,7.125,1.0],"rotation":0,"texture":"#0","tintindex":0},"west":{"uv":[8.625,8.375,8.375,8.625],"rotation":0,"texture":"#0","tintindex":0},"up":{"uv":[3.375,7.875,3.5,7.625],"rotation":0,"texture":"#0","tintindex":0},"down":{"uv":[7.625,4.625,7.75,4.875],"rotation":0,"texture":"#0","tintindex":0}}},{"from":[9.116405,6.8384757,5.0622816],"to":[9.116405,7.935619,6.159425],"rotation":{"angle":-22.5,"axis":"y","origin":[9.079834,7.533333,6.707996]},"faces":{"east":{"uv":[1.0,8.5,0.75,8.75],"rotation":0,"texture":"#0","tintindex":0},"south":{"uv":[0.0,0.0,0.0,0.25],"rotation":0,"texture":"#0","tintindex":0},"north":{"uv":[0.0,0.0,0.0,0.25],"rotation":0,"texture":"#0","tintindex":0},"west":{"uv":[0.75,8.5,0.5,8.75],"rotation":0,"texture":"#0","tintindex":0},"up":{"uv":[0.0,0.25,0.0,0.0],"rotation":0,"texture":"#0","tintindex":0},"down":{"uv":[0.0,0.0,0.0,0.25],"rotation":0,"texture":"#0","tintindex":0}}},{"from":[8.75069,6.8384757,6.013139],"to":[9.48212,7.935619,6.7445674],"rotation":{"angle":-22.5,"axis":"y","origin":[9.079834,7.533333,6.707996]},"faces":{"east":{"uv":[3.0,8.625,2.875,8.875],"rotation":0,"texture":"#0","tintindex":0},"south":{"uv":[2.625,8.625,2.5,8.875],"rotation":0,"texture":"#0","tintindex":0},"north":{"uv":[8.625,7.125,8.5,7.375],"rotation":0,"texture":"#0","tintindex":0},"west":{"uv":[2.5,8.625,2.375,8.875],"rotation":0,"texture":"#0","tintindex":0},"up":{"uv":[1.75,3.125,1.875,3.0],"rotation":0,"texture":"#0","tintindex":0},"down":{"uv":[5.25,2.625,5.375,2.75],"rotation":0,"texture":"#0","tintindex":0}}},{"from":[8.567834,6.8384757,6.7445674],"to":[9.664976,7.935619,8.207425],"rotation":{"angle":-22.5,"axis":"y","origin":[9.079834,7.533333,6.707996]},"faces":{"east":{"uv":[6.375,1.75,6.0,2.0],"rotation":0,"texture":"#0","tintindex":0},"south":{"uv":[8.75,1.375,8.5,1.625],"rotation":0,"texture":"#0","tintindex":0},"north":{"uv":[1.625,8.5,1.375,8.75],"rotation":0,"texture":"#0","tintindex":0},"west":{"uv":[4.125,2.0,3.75,2.25],"rotation":0,"texture":"#0","tintindex":0},"up":{"uv":[8.125,2.875,8.375,2.5],"rotation":0,"texture":"#0","tintindex":0},"down":{"uv":[8.125,3.5,8.375,3.875],"rotation":0,"texture":"#0","tintindex":0}}},{"from":[7.23995,6.8384757,6.464295],"to":[8.337093,7.935619,7.927152],"rotation":{"angle":0.0,"axis":"y","origin":[9.251379,7.3870473,6.007152]},"faces":{"east":{"uv":[8.5,3.875,8.125,4.125],"rotation":0,"texture":"#0","tintindex":0},"south":{"uv":[8.75,3.75,8.5,4.0],"rotation":0,"texture":"#0","tintindex":0},"north":{"uv":[1.875,8.5,1.625,8.75],"rotation":0,"texture":"#0","tintindex":0},"west":{"uv":[7.75,0.5,7.375,0.75],"rotation":0,"texture":"#0","tintindex":0},"up":{"uv":[4.125,8.5,4.375,8.125],"rotation":0,"texture":"#0","tintindex":0},"down":{"uv":[4.375,8.125,4.625,8.5],"rotation":0,"texture":"#0","tintindex":0}}}],"display":{"head":{"translation":[0.0,-6.4,0.0],"scale":[4.0,4.0,4.0]}}}