{"textures":{"0":"modelengine:entity/baby_triciratops"},"elements":[{"from":[4.5288115,-6.039463,21.141874],"to":[8.720109,0.9087882,22.243286],"rotation":{"angle":0.0,"axis":"y","origin":[7.5390286,5.676074,18.516464]},"faces":{"east":{"uv":[8.125,8.625,8.375,10.125],"rotation":0,"texture":"#0","tintindex":0},"south":{"uv":[2.125,3.5,3.0,5.0],"rotation":0,"texture":"#0","tintindex":0},"north":{"uv":[1.25,3.375,2.125,4.875],"rotation":0,"texture":"#0","tintindex":0},"west":{"uv":[8.375,8.625,8.625,10.125],"rotation":0,"texture":"#0","tintindex":0},"up":{"uv":[4.875,2.25,4.0,2.0],"rotation":0,"texture":"#0","tintindex":0},"down":{"uv":[10.5,2.875,9.625,3.125],"rotation":0,"texture":"#0","tintindex":0}}},{"from":[4.7568455,-3.3030348,21.692577],"to":[8.492068,3.1864681,21.692577],"rotation":{"angle":0.0,"axis":"y","origin":[7.5390286,5.676074,18.516464]},"faces":{"east":{"uv":[0.0,0.0,0.0,1.375],"rotation":0,"texture":"#0","tintindex":0},"south":{"uv":[0.0,4.75,0.875,6.125],"rotation":0,"texture":"#0","tintindex":0},"north":{"uv":[3.0,4.625,3.875,6.0],"rotation":0,"texture":"#0","tintindex":0},"west":{"uv":[0.0,0.0,0.0,1.375],"rotation":0,"texture":"#0","tintindex":0},"up":{"uv":[0.875,0.0,0.0,0.0],"rotation":0,"texture":"#0","tintindex":0},"down":{"uv":[0.875,0.0,0.0,0.0],"rotation":0,"texture":"#0","tintindex":0}}},{"from":[11.776543,-1.3555775,21.324299],"to":[15.511766,3.0842795,21.969646],"rotation":{"angle":-45.0,"axis":"z","origin":[7.5390286,5.676074,18.516464]},"faces":{"east":{"uv":[1.125,3.625,1.25,4.625],"rotation":0,"texture":"#0","tintindex":0},"south":{"uv":[6.125,1.875,7.0,2.875],"rotation":0,"texture":"#0","tintindex":0},"north":{"uv":[6.125,0.875,7.0,1.875],"rotation":0,"texture":"#0","tintindex":0},"west":{"uv":[2.875,5.0,3.0,6.0],"rotation":0,"texture":"#0","tintindex":0},"up":{"uv":[11.125,9.5,10.25,9.375],"rotation":0,"texture":"#0","tintindex":0},"down":{"uv":[11.125,9.5,10.25,9.625],"rotation":0,"texture":"#0","tintindex":0}}},{"from":[12.004578,2.5210285,21.646973],"to":[15.283731,4.224457,21.646973],"rotation":{"angle":-45.0,"axis":"z","origin":[7.5390286,5.676074,18.516464]},"faces":{"east":{"uv":[0.0,0.0,0.0,0.375],"rotation":0,"texture":"#0","tintindex":0},"south":{"uv":[7.625,2.125,8.375,2.5],"rotation":0,"texture":"#0","tintindex":0},"north":{"uv":[7.25,0.5,8.0,0.875],"rotation":0,"texture":"#0","tintindex":0},"west":{"uv":[0.0,0.0,0.0,0.375],"rotation":0,"texture":"#0","tintindex":0},"up":{"uv":[0.75,0.0,0.0,0.0],"rotation":0,"texture":"#0","tintindex":0},"down":{"uv":[0.75,0.0,0.0,0.0],"rotation":0,"texture":"#0","tintindex":0}}},{"from":[4.581994,-3.9602804,21.426922],"to":[9.021852,-1.8213091,21.844223],"rotation":{"angle":22.5,"axis":"z","origin":[10.066057,3.7171025,18.641888]},"faces":{"east":{"uv":[8.375,0.0,8.5,0.5],"rotation":0,"texture":"#0","tintindex":0},"south":{"uv":[3.375,8.0,4.375,8.5],"rotation":0,"texture":"#0","tintindex":0},"north":{"uv":[8.0,3.0,9.0,3.5],"rotation":0,"texture":"#0","tintindex":0},"west":{"uv":[2.375,9.625,2.5,10.125],"rotation":0,"texture":"#0","tintindex":0},"up":{"uv":[10.75,8.375,9.75,8.25],"rotation":0,"texture":"#0","tintindex":0},"down":{"uv":[11.0,2.75,10.0,2.875],"rotation":0,"texture":"#0","tintindex":0}}},{"from":[11.652331,-5.721195,21.704252],"to":[12.671652,-4.038293,21.704252],"rotation":{"angle":0.0,"axis":"y","origin":[12.161989,-4.4226007,21.589966]},"faces":{"east":{"uv":[0.0,0.0,0.0,0.375],"rotation":0,"texture":"#0","tintindex":0},"south":{"uv":[9.125,1.125,9.375,1.5],"rotation":0,"texture":"#0","tintindex":0},"north":{"uv":[7.0,2.5,7.25,2.875],"rotation":0,"texture":"#0","tintindex":0},"west":{"uv":[0.0,0.0,0.0,0.375],"rotation":0,"texture":"#0","tintindex":0},"up":{"uv":[0.25,0.0,0.0,0.0],"rotation":0,"texture":"#0","tintindex":0},"down":{"uv":[0.25,0.0,0.0,0.0],"rotation":0,"texture":"#0","tintindex":0}}},{"from":[11.480903,-3.435481,21.704252],"to":[12.500223,-1.7525778,21.704252],"rotation":{"angle":22.5,"axis":"z","origin":[12.161989,-2.765458,21.704252]},"faces":{"east":{"uv":[0.0,0.0,0.0,0.375],"rotation":0,"texture":"#0","tintindex":0},"south":{"uv":[9.125,1.125,9.375,1.5],"rotation":0,"texture":"#0","tintindex":0},"north":{"uv":[7.0,2.5,7.25,2.875],"rotation":0,"texture":"#0","tintindex":0},"west":{"uv":[0.0,0.0,0.0,0.375],"rotation":0,"texture":"#0","tintindex":0},"up":{"uv":[0.25,0.0,0.0,0.0],"rotation":0,"texture":"#0","tintindex":0},"down":{"uv":[0.25,0.0,0.0,0.0],"rotation":0,"texture":"#0","tintindex":0}}},{"from":[8.14164,-6.334367,21.59795],"to":[11.897394,-3.51128,21.787212],"rotation":{"angle":0.0,"axis":"y","origin":[10.475589,2.4304743,18.505062]},"faces":{"east":{"uv":[3.625,10.25,3.75,10.875],"rotation":0,"texture":"#0","tintindex":0},"south":{"uv":[7.625,5.75,8.5,6.375],"rotation":0,"texture":"#0","tintindex":0},"north":{"uv":[7.625,5.125,8.5,5.75],"rotation":0,"texture":"#0","tintindex":0},"west":{"uv":[1.625,10.375,1.75,11.0],"rotation":0,"texture":"#0","tintindex":0},"up":{"uv":[11.125,9.75,10.25,9.625],"rotation":0,"texture":"#0","tintindex":0},"down":{"uv":[11.125,9.75,10.25,9.875],"rotation":0,"texture":"#0","tintindex":0}}},{"from":[-2.2982693,-1.3555775,21.324299],"to":[1.436954,3.0842795,21.969646],"rotation":{"angle":45.0,"axis":"z","origin":[5.674468,5.676074,18.516464]},"faces":{"east":{"uv":[3.0,5.0,2.875,6.0],"rotation":0,"texture":"#0","tintindex":0},"south":{"uv":[7.0,1.875,6.125,2.875],"rotation":0,"texture":"#0","tintindex":0},"north":{"uv":[7.0,0.875,6.125,1.875],"rotation":0,"texture":"#0","tintindex":0},"west":{"uv":[1.25,3.625,1.125,4.625],"rotation":0,"texture":"#0","tintindex":0},"up":{"uv":[10.25,9.5,11.125,9.375],"rotation":0,"texture":"#0","tintindex":0},"down":{"uv":[10.25,9.5,11.125,9.625],"rotation":0,"texture":"#0","tintindex":0}}},{"from":[4.1916456,-3.9602804,21.426922],"to":[8.631503,-1.8213091,21.844223],"rotation":{"angle":-22.5,"axis":"z","origin":[3.14744,3.7171025,18.641888]},"faces":{"east":{"uv":[2.5,9.625,2.375,10.125],"rotation":0,"texture":"#0","tintindex":0},"south":{"uv":[4.375,8.0,3.375,8.5],"rotation":0,"texture":"#0","tintindex":0},"north":{"uv":[9.0,3.0,8.0,3.5],"rotation":0,"texture":"#0","tintindex":0},"west":{"uv":[8.5,0.0,8.375,0.5],"rotation":0,"texture":"#0","tintindex":0},"up":{"uv":[9.75,8.375,10.75,8.25],"rotation":0,"texture":"#0","tintindex":0},"down":{"uv":[10.0,2.75,11.0,2.875],"rotation":0,"texture":"#0","tintindex":0}}},{"from":[1.3161025,-6.334367,21.59795],"to":[5.071857,-3.51128,21.787212],"rotation":{"angle":0.0,"axis":"y","origin":[2.7379084,2.4304743,18.505062]},"faces":{"east":{"uv":[1.75,10.375,1.625,11.0],"rotation":0,"texture":"#0","tintindex":0},"south":{"uv":[8.5,5.75,7.625,6.375],"rotation":0,"texture":"#0","tintindex":0},"north":{"uv":[8.5,5.125,7.625,5.75],"rotation":0,"texture":"#0","tintindex":0},"west":{"uv":[3.75,10.25,3.625,10.875],"rotation":0,"texture":"#0","tintindex":0},"up":{"uv":[10.25,9.75,11.125,9.625],"rotation":0,"texture":"#0","tintindex":0},"down":{"uv":[10.25,9.75,11.125,9.875],"rotation":0,"texture":"#0","tintindex":0}}},{"from":[-2.0702343,2.5210285,21.646973],"to":[1.20892,4.224457,21.646973],"rotation":{"angle":45.0,"axis":"z","origin":[5.674468,5.676074,18.516464]},"faces":{"east":{"uv":[0.0,0.0,0.0,0.375],"rotation":0,"texture":"#0","tintindex":0},"south":{"uv":[8.375,2.125,7.625,2.5],"rotation":0,"texture":"#0","tintindex":0},"north":{"uv":[8.0,0.5,7.25,0.875],"rotation":0,"texture":"#0","tintindex":0},"west":{"uv":[0.0,0.0,0.0,0.375],"rotation":0,"texture":"#0","tintindex":0},"up":{"uv":[0.0,0.0,0.75,0.0],"rotation":0,"texture":"#0","tintindex":0},"down":{"uv":[0.0,0.0,0.75,0.0],"rotation":0,"texture":"#0","tintindex":0}}},{"from":[0.713274,-3.435481,21.704252],"to":[1.732594,-1.7525778,21.704252],"rotation":{"angle":-22.5,"axis":"z","origin":[1.0515084,-2.765458,21.704252]},"faces":{"east":{"uv":[0.0,0.0,0.0,0.375],"rotation":0,"texture":"#0","tintindex":0},"south":{"uv":[9.375,1.125,9.125,1.5],"rotation":0,"texture":"#0",