{"textures":{"0":"modelengine:entity/baby_triciratops"},"elements":[{"from":[6.1315084,6.764994,5.720337],"to":[9.866732,10.064674,8.46996],"rotation":{"angle":0.0,"axis":"y","origin":[7.99912,6.329446,8.884989]},"faces":{"east":{"uv":[1.25,8.25,1.875,9.0],"rotation":0,"texture":"#0","tintindex":0},"south":{"uv":[5.5,6.75,6.375,7.5],"rotation":0,"texture":"#0","tintindex":0},"north":{"uv":[0.875,6.75,1.75,7.5],"rotation":0,"texture":"#0","tintindex":0},"west":{"uv":[1.875,8.25,2.5,9.0],"rotation":0,"texture":"#0","tintindex":0},"up":{"uv":[8.5,2.125,7.625,1.5],"rotation":0,"texture":"#0","tintindex":0},"down":{"uv":[8.5,4.5,7.625,5.125],"rotation":0,"texture":"#0","tintindex":0}}},{"from":[7.2716856,9.227783,6.513554],"to":[8.726554,10.475138,9.211211],"rotation":{"angle":-22.5,"axis":"x","origin":[7.99912,10.353137,7.5772057]},"faces":{"east":{"uv":[7.625,6.375,8.25,6.625],"rotation":0,"texture":"#0","tintindex":0},"south":{"uv":[5.0,3.0,5.375,3.25],"rotation":0,"texture":"#0","tintindex":0},"north":{"uv":[3.75,3.25,4.125,3.5],"rotation":0,"texture":"#0","tintindex":0},"west":{"uv":[2.375,10.125,3.0,10.375],"rotation":0,"texture":"#0","tintindex":0},"up":{"uv":[2.375,10.25,2.0,9.625],"rotation":0,"texture":"#0","tintindex":0},"down":{"uv":[10.0,2.25,9.625,2.875],"rotation":0,"texture":"#0","tintindex":0}}},{"from":[4.4487886,6.8106,6.15996],"to":[7.4999084,7.601886,7.4894114],"rotation":{"angle":22.5,"axis":"z","origin":[5.9743485,8.3008175,7.80524]},"faces":{"east":{"uv":[0.875,4.75,1.125,4.875],"rotation":0,"texture":"#0","tintindex":0},"south":{"uv":[8.375,2.875,9.0,3.0],"rotation":0,"texture":"#0","tintindex":0},"north":{"uv":[7.375,7.25,8.0,7.375],"rotation":0,"texture":"#0","tintindex":0},"west":{"uv":[6.125,2.875,6.375,3.0],"rotation":0,"texture":"#0","tintindex":0},"up":{"uv":[5.375,10.375,4.75,10.125],"rotation":0,"texture":"#0","tintindex":0},"down":{"uv":[10.75,6.625,10.125,6.875],"rotation":0,"texture":"#0","tintindex":0}}},{"from":[8.348629,6.9248857,6.15996],"to":[11.399749,7.7161713,7.4894114],"rotation":{"angle":-22.5,"axis":"z","origin":[9.359903,8.3008175,7.80524]},"faces":{"east":{"uv":[6.375,2.875,6.125,3.0],"rotation":0,"texture":"#0","tintindex":0},"south":{"uv":[9.0,2.875,8.375,3.0],"rotation":0,"texture":"#0","tintindex":0},"north":{"uv":[8.0,7.25,7.375,7.375],"rotation":0,"texture":"#0","tintindex":0},"west":{"uv":[1.125,4.75,0.875,4.875],"rotation":0,"texture":"#0","tintindex":0},"up":{"uv":[4.75,10.375,5.375,10.125],"rotation":0,"texture":"#0","tintindex":0},"down":{"uv":[10.125,6.625,10.75,6.875],"rotation":0,"texture":"#0","tintindex":0}}},{"from":[6.7745714,6.8533883,4.246417],"to":[9.223675,8.285452,6.617423],"rotation":{"angle":0.0,"axis":"y","origin":[7.99912,6.106571,7.0951543]},"faces":{"east":{"uv":[9.75,5.5,10.25,5.875],"rotation":0,"texture":"#0","tintindex":0},"south":{"uv":[9.75,7.125,10.25,7.5],"rotation":0,"texture":"#0","tintindex":0},"north":{"uv":[5.25,9.75,5.75,10.125],"rotation":0,"texture":"#0","tintindex":0},"west":{"uv":[9.75,7.5,10.25,7.875],"rotation":0,"texture":"#0","tintindex":0},"up":{"uv":[1.375,10.0,0.875,9.5],"rotation":0,"texture":"#0","tintindex":0},"down":{"uv":[10.0,1.75,9.5,2.25],"rotation":0,"texture":"#0","tintindex":0}}},{"from":[7.1690683,7.6629143,4.562817],"to":[8.829171,9.323017,6.8044114],"rotation":{"angle":-22.5,"axis":"x","origin":[7.99912,8.492966,5.020028]},"faces":{"east":{"uv":[9.75,7.875,10.25,8.25],"rotation":0,"texture":"#0","tintindex":0},"south":{"uv":[0.375,10.25,0.75,10.625],"rotation":0,"texture":"#0","tintindex":0},"north":{"uv":[9.0,3.125,9.375,3.5],"rotation":0,"texture":"#0","tintindex":0},"west":{"uv":[9.875,1.125,10.375,1.5],"rotation":0,"texture":"#0","tintindex":0},"up":{"uv":[3.75,10.25,3.375,9.75],"rotation":0,"texture":"#0","tintindex":0},"down":{"uv":[1.75,9.875,1.375,10.375],"rotation":0,"texture":"#0","tintindex":0}}},{"from":[7.2830915,6.844314,3.291634],"to":[8.715155,8.960485,4.84912],"rotation":{"angle":0.0,"axis":"y","origin":[7.99912,8.005155,3.8423429]},"faces":{"east":{"uv":[9.875,3.625,10.25,4.125],"rotation":0,"texture":"#0","tintindex":0},"south":{"uv":[9.875,4.125,10.25,4.625],"rotation":0,"texture":"#0","tintindex":0},"north":{"uv":[9.875,3.125,10.25,3.625],"rotation":0,"texture":"#0","tintindex":0},"west":{"uv":[5.75,9.875,6.125,10.375],"rotation":0,"texture":"#0","tintindex":0},"up":{"uv":[2.375,10.625,2.0,10.25],"rotation":0,"texture":"#0","tintindex":0},"down":{"uv":[10.625,3.875,10.25,4.25],"rotation":0,"texture":"#0","tintindex":0}}},{"from":[7.625143,7.03828,2.607531],"to":[8.373097,8.470348,3.708943],"rotation":{"angle":-45.0,"axis":"x","origin":[7.99912,7.7315087,3.1582341]},"faces":{"east":{"uv":[1.375,9.5,1.625,9.875],"rotation":0,"texture":"#0","tintindex":0},"south":{"uv":[9.5,2.25,9.625,2.625],"rotation":0,"texture":"#0","tintindex":0},"north":{"uv":[7.25,9.25,7.375,9.625],"rotation":0,"texture":"#0","tintindex":0},"west":{"uv":[9.375,10.25,9.625,10.625],"rotation":0,"texture":"#0","tintindex":0},"up":{"uv":[10.625,10.875,10.5,10.625],"rotation":0,"texture":"#0","tintindex":0},"down":{"uv":[10.75,10.625,10.625,10.875],"rotation":0,"texture":"#0","tintindex":0}}},{"from":[7.7163544,6.8939943,2.0303197],"to":[8.236275,7.767377,3.2343488],"rotation":{"angle":22.5,"axis":"x","origin":[7.976314,7.1026516,2.3358855]},"faces":{"east":{"uv":[10.5,5.0,10.75,5.25],"rotation":0,"texture":"#0","tintindex":0},"south":{"uv":[0.125,10.75,0.25,11.0],"rotation":0,"texture":"#0","tintindex":0},"north":{"uv":[0.0,10.75,0.125,11.0],"rotation":0,"texture":"#0","tintindex":0},"west":{"uv":[10.5,5.25,10.75,5.5],"rotation":0,"texture":"#0","tintindex":0},"up":{"uv":[0.375,11.0,0.25,10.75],"rotation":0,"texture":"#0","tintindex":0},"down":{"uv":[0.875,10.75,0.75,11.0],"rotation":0,"texture":"#0","tintindex":0}}},{"from":[7.5111256,8.497708,3.1097426],"to":[8.487114,9.929771,4.211154],"rotation":{"angle":-45.0,"axis":"x","origin":[7.99912,8.9857025,4.070377]},"faces":{"east":{"uv":[10.25,10.25,10.5,10.625],"rotation":0,"texture":"#0","tintindex":0},"south":{"uv":[10.375,0.0,10.625,0.375],"rotation":0,"texture":"#0","tintindex":0},"north":{"uv":[10.25,9.875,10.5,10.25],"rotation":0,"texture":"#0","tintindex":0},"west":{"uv":[10.375,0.375,10.625,0.75],"rotation":0,"texture":"#0","tintindex":0},"up":{"uv":[10.75,5.75,10.5,5.5],"rotation":0,"texture":"#0","tintindex":0},"down":{"uv":[10.75,5.875,10.5,6.125],"rotation":0,"texture":"#0","tintindex":0}}},{"from":[7.5955544,8.91516,2.4033308],"to":[8.343509,10.347229,3.276703],"rotation":{"angle":-45.0,"axis":"x","origin":[8.067532,9.631194,2.7482686]},"faces":{"east":{"uv":[10.375,1.125,10.625,1.5],"rotation":0,"texture":"#0","tintindex":0},"south":{"uv":[7.125,9.875,7.25,10.25],"rotation":0,"texture":"#0","tintindex":0},"north":{"uv":[8.0,9.625,8.125,10.0],"rotation":0,"texture":"#0","tintindex":0},"west":{"uv":[1.375,10.375,1.625,10.75],"rotation":0,"texture":"#0","tintindex":0},"up":{"uv":[1.0,11.0,0.875,10.75],"rotation":0,"texture":"#0","tintindex":0},"down":{"uv":[10.875,0.875,10.75,1.125],"rotation":0,"texture":"#0","tintindex":0}}},{"from":[6.2183886,8.369732,4.0857487],"to":[7.422417,10.713938,5.4151945],"rotation":{"angle":-45.0,"axis":"x","origin":[6.797594,11.553331,4.359371]},"faces":{"east":{"uv":[6.125,10.25,6.375,10.75],"rotation":0,"texture":"#0","tintindex":0},"south":{"uv":[6.375,10.25,6.625,10.75],"rotation":0,"texture":"#0","tintindex":0},"north":{"uv":[10.25,5.25,10.5,5.75],"rotation":0,"texture":"#0","tintindex":0},"west":{"uv":[6.625,10.25,6.875,10.75],"rotation":0,"texture":"#0","tintindex":0},"up":{"uv":[10.75,7.375,10.5,7.125],"rotation":0,"texture":"#0","tintindex":0},"down":{"uv":[10.75,7.375,10.5,7.625],"rotation":0,"texture":"#0","tintindex":0}}},{"from":[6.3324056,11.010772,3.2937713],"to":[7.3084,12.112188,5.6379824],"rotation":{"angle":22.5,"axis":"x","origin":[6.797594,11.553331,4.359371]},"faces":{"east":{"uv":[5.375,5.0,5.875,5.25],"rotation":0,"texture":"#0",