{"textures":{"0":"modelengine:entity/baby_triciratops"},"elements":[{"from":[6.924617,6.670411,6.5062284],"to":[9.055251,8.490091,9.109063],"rotation":{"angle":0.0,"axis":"y","origin":[7.9899316,10.113983,8.671417]},"faces":{"east":{"uv":[9.625,8.375,10.25,8.75],"rotation":0,"texture":"#0","tintindex":0},"south":{"uv":[10.0,1.875,10.5,2.25],"rotation":0,"texture":"#0","tintindex":0},"north":{"uv":[10.0,1.5,10.5,1.875],"rotation":0,"texture":"#0","tintindex":0},"west":{"uv":[8.625,9.625,9.25,10.0],"rotation":0,"texture":"#0","tintindex":0},"up":{"uv":[7.25,9.875,6.75,9.25],"rotation":0,"texture":"#0","tintindex":0},"down":{"uv":[0.5,9.375,0.0,10.0],"rotation":0,"texture":"#0","tintindex":0}}},{"from":[8.220274,6.6984115,5.930377],"to":[8.911291,7.65432,6.8056684],"rotation":{"angle":0.0,"axis":"y","origin":[7.9899316,10.141983,8.671417]},"faces":{"east":{"uv":[2.5,10.625,2.75,10.875],"rotation":0,"texture":"#0","tintindex":0},"south":{"uv":[4.5,10.75,4.625,11.0],"rotation":0,"texture":"#0","tintindex":0},"north":{"uv":[10.75,4.375,10.875,4.625],"rotation":0,"texture":"#0","tintindex":0},"west":{"uv":[10.625,3.875,10.875,4.125],"rotation":0,"texture":"#0","tintindex":0},"up":{"uv":[4.75,11.0,4.625,10.75],"rotation":0,"texture":"#0","tintindex":0},"down":{"uv":[10.875,4.625,10.75,4.875],"rotation":0,"texture":"#0","tintindex":0}}},{"from":[7.0485487,6.6984115,5.974457],"to":[7.739566,7.65432,6.8497486],"rotation":{"angle":0.0,"axis":"y","origin":[7.1925087,7.176366,6.4121027]},"faces":{"east":{"uv":[4.75,10.625,5.0,10.875],"rotation":0,"texture":"#0","tintindex":0},"south":{"uv":[5.125,10.75,5.25,11.0],"rotation":0,"texture":"#0","tintindex":0},"north":{"uv":[10.75,4.875,10.875,5.125],"rotation":0,"texture":"#0","tintindex":0},"west":{"uv":[5.625,10.625,5.875,10.875],"rotation":0,"texture":"#0","tintindex":0},"up":{"uv":[10.875,5.375,10.75,5.125],"rotation":0,"texture":"#0","tintindex":0},"down":{"uv":[5.375,10.75,5.25,11.0],"rotation":0,"texture":"#0","tintindex":0}}},{"from":[6.2505255,6.6984115,6.3929486],"to":[6.9415426,7.65432,7.55616],"rotation":{"angle":45.0,"axis":"y","origin":[7.0855026,7.176366,6.744217]},"faces":{"east":{"uv":[5.875,10.625,6.125,10.875],"rotation":0,"texture":"#0","tintindex":0},"south":{"uv":[10.75,5.375,10.875,5.625],"rotation":0,"texture":"#0","tintindex":0},"north":{"uv":[5.375,10.75,5.5,11.0],"rotation":0,"texture":"#0","tintindex":0},"west":{"uv":[7.875,10.625,8.125,10.875],"rotation":0,"texture":"#0","tintindex":0},"up":{"uv":[5.625,11.0,5.5,10.75],"rotation":0,"texture":"#0","tintindex":0},"down":{"uv":[10.875,5.875,10.75,6.125],"rotation":0,"texture":"#0","tintindex":0}}},{"from":[9.140841,6.6984115,6.099171],"to":[9.831858,7.65432,6.9744625],"rotation":{"angle":-45.0,"axis":"y","origin":[8.738537,7.176366,6.368023]},"faces":{"east":{"uv":[8.125,10.625,8.375,10.875],"rotation":0,"texture":"#0","tintindex":0},"south":{"uv":[10.75,6.125,10.875,6.375],"rotation":0,"texture":"#0","tintindex":0},"north":{"uv":[6.125,10.75,6.25,11.0],"rotation":0,"texture":"#0","tintindex":0},"west":{"uv":[8.375,10.625,8.625,10.875],"rotation":0,"texture":"#0","tintindex":0},"up":{"uv":[6.375,11.0,6.25,10.75],"rotation":0,"texture":"#0","tintindex":0},"down":{"uv":[6.5,10.75,6.375,11.0],"rotation":0,"texture":"#0","tintindex":0}}}],"display":{"head":{"translation":[0.0,-6.4,0.0],"scale":[4.0,4.0,4.0]}}}