{"textures":{"0":"modelengine:entity/baby_triciratops"},"elements":[{"from":[6.924617,6.498983,6.6205144],"to":[9.055251,8.318663,9.223349],"rotation":{"angle":0.0,"axis":"y","origin":[7.9899316,9.942554,8.785703]},"faces":{"east":{"uv":[6.375,4.625,7.0,5.0],"rotation":0,"texture":"#0","tintindex":0},"south":{"uv":[4.75,9.75,5.25,10.125],"rotation":0,"texture":"#0","tintindex":0},"north":{"uv":[2.875,9.75,3.375,10.125],"rotation":0,"texture":"#0","tintindex":0},"west":{"uv":[8.875,6.75,9.5,7.125],"rotation":0,"texture":"#0","tintindex":0},"up":{"uv":[2.5,9.625,2.0,9.0],"rotation":0,"texture":"#0","tintindex":0},"down":{"uv":[9.5,2.0,9.0,2.625],"rotation":0,"texture":"#0","tintindex":0}}},{"from":[8.220274,6.526983,6.044663],"to":[8.911291,7.4828916,6.9199543],"rotation":{"angle":0.0,"axis":"y","origin":[7.9899316,9.970554,8.785703]},"faces":{"east":{"uv":[5.25,8.875,5.5,9.125],"rotation":0,"texture":"#0","tintindex":0},"south":{"uv":[1.125,4.625,1.25,4.875],"rotation":0,"texture":"#0","tintindex":0},"north":{"uv":[3.875,1.0,4.0,1.25],"rotation":0,"texture":"#0","tintindex":0},"west":{"uv":[4.125,9.375,4.375,9.625],"rotation":0,"texture":"#0","tintindex":0},"up":{"uv":[5.0,2.25,4.875,2.0],"rotation":0,"texture":"#0","tintindex":0},"down":{"uv":[3.875,6.0,3.75,6.25],"rotation":0,"texture":"#0","tintindex":0}}},{"from":[7.0485487,6.526983,6.0887427],"to":[7.739566,7.4828916,6.964034],"rotation":{"angle":0.0,"axis":"y","origin":[7.1925087,7.004937,6.5263886]},"faces":{"east":{"uv":[9.375,4.75,9.625,5.0],"rotation":0,"texture":"#0","tintindex":0},"south":{"uv":[9.375,1.75,9.5,2.0],"rotation":0,"texture":"#0","tintindex":0},"north":{"uv":[3.125,9.0,3.25,9.25],"rotation":0,"texture":"#0","tintindex":0},"west":{"uv":[2.875,9.5,3.125,9.75],"rotation":0,"texture":"#0","tintindex":0},"up":{"uv":[10.0,1.75,9.875,1.5],"rotation":0,"texture":"#0","tintindex":0},"down":{"uv":[0.5,10.0,0.375,10.25],"rotation":0,"texture":"#0","tintindex":0}}},{"from":[6.2505255,6.526983,6.507234],"to":[6.9415426,7.4828916,7.670446],"rotation":{"angle":45.0,"axis":"y","origin":[7.0855026,7.004937,6.858503]},"faces":{"east":{"uv":[4.125,10.5,4.375,10.75],"rotation":0,"texture":"#0","tintindex":0},"south":{"uv":[5.625,10.125,5.75,10.375],"rotation":0,"texture":"#0","tintindex":0},"north":{"uv":[9.125,10.0,9.25,10.25],"rotation":0,"texture":"#0","tintindex":0},"west":{"uv":[10.5,4.25,10.75,4.5],"rotation":0,"texture":"#0","tintindex":0},"up":{"uv":[0.875,10.5,0.75,10.25],"rotation":0,"texture":"#0","tintindex":0},"down":{"uv":[6.125,10.375,6.0,10.625],"rotation":0,"texture":"#0","tintindex":0}}},{"from":[9.140841,6.526983,6.213457],"to":[9.831858,7.4828916,7.0887485],"rotation":{"angle":-45.0,"axis":"y","origin":[8.738537,7.004937,6.4823084]},"faces":{"east":{"uv":[10.5,4.5,10.75,4.75],"rotation":0,"texture":"#0","tintindex":0},"south":{"uv":[9.875,10.625,10.0,10.875],"rotation":0,"texture":"#0","tintindex":0},"north":{"uv":[9.75,10.625,9.875,10.875],"rotation":0,"texture":"#0","tintindex":0},"west":{"uv":[10.5,4.75,10.75,5.0],"rotation":0,"texture":"#0","tintindex":0},"up":{"uv":[10.375,10.875,10.25,10.625],"rotation":0,"texture":"#0","tintindex":0},"down":{"uv":[10.5,10.625,10.375,10.875],"rotation":0,"texture":"#0","tintindex":0}}}],"display":{"head":{"translation":[0.0,-6.4,0.0],"scale":[4.0,4.0,4.0]}}}