{"textures":{"0":"modelengine:entity/baby_triciratops"},"elements":[{"from":[6.63692,6.8388743,6.053423],"to":[9.373348,8.435125,8.333777],"rotation":{"angle":0.0,"axis":"y","origin":[8.518217,18.117304,7.82808]},"faces":{"east":{"uv":[6.125,9.875,6.625,10.25],"rotation":0,"texture":"#0","tintindex":0},"south":{"uv":[4.125,9.625,4.75,10.0],"rotation":0,"texture":"#0","tintindex":0},"north":{"uv":[9.5,6.75,10.125,7.125],"rotation":0,"texture":"#0","tintindex":0},"west":{"uv":[6.625,9.875,7.125,10.25],"rotation":0,"texture":"#0","tintindex":0},"up":{"uv":[9.625,9.625,9.0,9.125],"rotation":0,"texture":"#0","tintindex":0},"down":{"uv":[3.75,9.25,3.125,9.75],"rotation":0,"texture":"#0","tintindex":0}}},{"from":[7.0929885,6.8958797,4.6852055],"to":[8.917274,8.264097,6.053423],"rotation":{"angle":0.0,"axis":"y","origin":[8.518217,18.117304,7.82808]},"faces":{"east":{"uv":[10.5,10.125,10.75,10.375],"rotation":0,"texture":"#0","tintindex":0},"south":{"uv":[4.75,10.375,5.125,10.625],"rotation":0,"texture":"#0","tintindex":0},"north":{"uv":[10.375,2.5,10.75,2.75],"rotation":0,"texture":"#0","tintindex":0},"west":{"uv":[10.5,10.375,10.75,10.625],"rotation":0,"texture":"#0","tintindex":0},"up":{"uv":[6.0,10.625,5.625,10.375],"rotation":0,"texture":"#0","tintindex":0},"down":{"uv":[8.25,10.375,7.875,10.625],"rotation":0,"texture":"#0","tintindex":0}}},{"from":[7.1031485,7.751017,4.7484226],"to":[7.331183,9.119228,6.5727086],"rotation":{"angle":0.0,"axis":"y","origin":[6.4846,18.117304,7.82808]},"faces":{"east":{"uv":[8.25,10.375,8.625,10.625],"rotation":0,"texture":"#0","tintindex":0},"south":{"uv":[2.75,10.75,2.875,11.0],"rotation":0,"texture":"#0","tintindex":0},"north":{"uv":[10.75,2.5,10.875,2.75],"rotation":0,"texture":"#0","tintindex":0},"west":{"uv":[9.625,10.375,10.0,10.625],"rotation":0,"texture":"#0","tintindex":0},"up":{"uv":[5.125,11.0,5.0,10.625],"rotation":0,"texture":"#0","tintindex":0},"down":{"uv":[9.5,10.625,9.375,11.0],"rotation":0,"texture":"#0","tintindex":0}}},{"from":[8.643148,7.751017,4.7484226],"to":[8.871183,9.119228,6.5727086],"rotation":{"angle":0.0,"axis":"y","origin":[6.4846,18.117304,7.82808]},"faces":{"east":{"uv":[0.0,10.5,0.375,10.75],"rotation":0,"texture":"#0","tintindex":0},"south":{"uv":[3.75,10.75,3.875,11.0],"rotation":0,"texture":"#0","tintindex":0},"north":{"uv":[2.875,10.75,3.0,11.0],"rotation":0,"texture":"#0","tintindex":0},"west":{"uv":[0.75,10.5,1.125,10.75],"rotation":0,"texture":"#0","tintindex":0},"up":{"uv":[9.625,11.0,9.5,10.625],"rotation":0,"texture":"#0","tintindex":0},"down":{"uv":[9.75,10.625,9.625,11.0],"rotation":0,"texture":"#0","tintindex":0}}},{"from":[7.5490627,7.009897,3.5196915],"to":[8.4612055,8.15008,4.8879085],"rotation":{"angle":0.0,"axis":"y","origin":[8.518217,18.117304,8.030783]},"faces":{"east":{"uv":[10.625,0.25,10.875,0.5],"rotation":0,"texture":"#0","tintindex":0},"south":{"uv":[0.375,10.625,0.625,10.875],"rotation":0,"texture":"#0","tintindex":0},"north":{"uv":[10.625,0.0,10.875,0.25],"rotation":0,"texture":"#0","tintindex":0},"west":{"uv":[10.625,0.5,10.875,0.75],"rotation":0,"texture":"#0","tintindex":0},"up":{"uv":[10.875,1.375,10.625,1.125],"rotation":0,"texture":"#0","tintindex":0},"down":{"uv":[2.0,10.625,1.75,10.875],"rotation":0,"texture":"#0","tintindex":0}}},{"from":[7.777097,8.102474,5.9960628],"to":[8.233171,9.014617,6.908211],"rotation":{"angle":22.5,"axis":"x","origin":[8.005137,15.95096,2.8999715]},"faces":{"east":{"uv":[2.0,10.625,2.25,10.875],"rotation":0,"texture":"#0","tintindex":0},"south":{"uv":[4.125,10.75,4.25,11.0],"rotation":0,"texture":"#0","tintindex":0},"north":{"uv":[3.875,10.75,4.0,11.0],"rotation":0,"texture":"#0","tintindex":0},"west":{"uv":[2.25,10.625,2.5,10.875],"rotation":0,"texture":"#0","tintindex":0},"up":{"uv":[10.875,4.375,10.75,4.125],"rotation":0,"texture":"#0","tintindex":0},"down":{"uv":[4.375,10.75,4.25,11.0],"rotation":0,"texture":"#0","tintindex":0}}},{"from":[6.6852913,7.753137,4.811777],"to":[9.324977,9.349388,6.179994],"rotation":{"angle":-22.5,"axis":"x","origin":[8.005137,15.95096,8.740229]},"faces":{"east":{"uv":[2.75,10.375,3.0,10.75],"rotation":0,"texture":"#0","tintindex":0},"south":{"uv":[9.625,5.125,10.25,5.5],"rotation":0,"texture":"#0","tintindex":0},"north":{"uv":[9.625,4.75,10.25,5.125],"rotation":0,"texture":"#0","tintindex":0},"west":{"uv":[5.125,10.375,5.375,10.75],"rotation":0,"texture":"#0","tintindex":0},"up":{"uv":[3.625,10.5,3.0,10.25],"rotation":0,"texture":"#0","tintindex":0},"down":{"uv":[10.875,3.125,10.25,3.375],"rotation":0,"texture":"#0","tintindex":0}}}],"display":{"head":{"translation":[0.0,-6.4,0.0],"scale":[4.0,4.0,4.0]}}}