{"textures":{"0":"modelengine:entity/baby_triciratops"},"elements":[{"from":[6.9447484,6.670411,6.5062284],"to":[9.075383,8.490091,9.109063],"rotation":{"angle":0.0,"axis":"y","origin":[8.010069,10.113983,8.671417]},"faces":{"east":{"uv":[9.25,9.625,8.625,10.0],"rotation":0,"texture":"#0","tintindex":0},"south":{"uv":[10.5,1.875,10.0,2.25],"rotation":0,"texture":"#0","tintindex":0},"north":{"uv":[10.5,1.5,10.0,1.875],"rotation":0,"texture":"#0","tintindex":0},"west":{"uv":[10.25,8.375,9.625,8.75],"rotation":0,"texture":"#0","tintindex":0},"up":{"uv":[6.75,9.875,7.25,9.25],"rotation":0,"texture":"#0","tintindex":0},"down":{"uv":[0.0,9.375,0.5,10.0],"rotation":0,"texture":"#0","tintindex":0}}},{"from":[7.0887084,6.6984115,5.930377],"to":[7.7797256,7.65432,6.8056684],"rotation":{"angle":0.0,"axis":"y","origin":[8.010069,10.141983,8.671417]},"faces":{"east":{"uv":[10.875,3.875,10.625,4.125],"rotation":0,"texture":"#0","tintindex":0},"south":{"uv":[4.625,10.75,4.5,11.0],"rotation":0,"texture":"#0","tintindex":0},"north":{"uv":[10.875,4.375,10.75,4.625],"rotation":0,"texture":"#0","tintindex":0},"west":{"uv":[2.75,10.625,2.5,10.875],"rotation":0,"texture":"#0","tintindex":0},"up":{"uv":[4.625,11.0,4.75,10.75],"rotation":0,"texture":"#0","tintindex":0},"down":{"uv":[10.75,4.625,10.875,4.875],"rotation":0,"texture":"#0","tintindex":0}}},{"from":[8.260434,6.6984115,5.974457],"to":[8.951451,7.65432,6.8497486],"rotation":{"angle":0.0,"axis":"y","origin":[8.807491,7.176366,6.4121027]},"faces":{"east":{"uv":[5.875,10.625,5.625,10.875],"rotation":0,"texture":"#0","tintindex":0},"south":{"uv":[5.25,10.75,5.125,11.0],"rotation":0,"texture":"#0","tintindex":0},"north":{"uv":[10.875,4.875,10.75,5.125],"rotation":0,"texture":"#0","tintindex":0},"west":{"uv":[5.0,10.625,4.75,10.875],"rotation":0,"texture":"#0","tintindex":0},"up":{"uv":[10.75,5.375,10.875,5.125],"rotation":0,"texture":"#0","tintindex":0},"down":{"uv":[5.25,10.75,5.375,11.0],"rotation":0,"texture":"#0","tintindex":0}}},{"from":[9.058457,6.6984115,6.3929486],"to":[9.749475,7.65432,7.55616],"rotation":{"angle":-45.0,"axis":"y","origin":[8.914497,7.176366,6.744217]},"faces":{"east":{"uv":[8.125,10.625,7.875,10.875],"rotation":0,"texture":"#0","tintindex":0},"south":{"uv":[10.875,5.375,10.75,5.625],"rotation":0,"texture":"#0","tintindex":0},"north":{"uv":[5.5,10.75,5.375,11.0],"rotation":0,"texture":"#0","tintindex":0},"west":{"uv":[6.125,10.625,5.875,10.875],"rotation":0,"texture":"#0","tintindex":0},"up":{"uv":[5.5,11.0,5.625,10.75],"rotation":0,"texture":"#0","tintindex":0},"down":{"uv":[10.75,5.875,10.875,6.125],"rotation":0,"texture":"#0","tintindex":0}}},{"from":[6.168143,6.6984115,6.099171],"to":[6.85916,7.65432,6.9744625],"rotation":{"angle":45.0,"axis":"y","origin":[7.2614627,7.176366,6.368023]},"faces":{"east":{"uv":[8.625,10.625,8.375,10.875],"rotation":0,"texture":"#0","tintindex":0},"south":{"uv":[10.875,6.125,10.75,6.375],"rotation":0,"texture":"#0","tintindex":0},"north":{"uv":[6.25,10.75,6.125,11.0],"rotation":0,"texture":"#0","tintindex":0},"west":{"uv":[8.375,10.625,8.125,10.875],"rotation":0,"texture":"#0","tintindex":0},"up":{"uv":[6.25,11.0,6.375,10.75],"rotation":0,"texture":"#0","tintindex":0},"down":{"uv":[6.375,10.75,6.5,11.0],"rotation":0,"texture":"#0","tintindex":0}}}],"display":{"head":{"translation":[0.0,-6.4,0.0],"scale":[4.0,4.0,4.0]}}}