{"textures":{"0":"modelengine:entity/baby_triciratops"},"elements":[{"from":[6.9447484,6.498983,6.6205144],"to":[9.075383,8.318663,9.223349],"rotation":{"angle":0.0,"axis":"y","origin":[8.010069,9.942554,8.785703]},"faces":{"east":{"uv":[9.5,6.75,8.875,7.125],"rotation":0,"texture":"#0","tintindex":0},"south":{"uv":[5.25,9.75,4.75,10.125],"rotation":0,"texture":"#0","tintindex":0},"north":{"uv":[3.375,9.75,2.875,10.125],"rotation":0,"texture":"#0","tintindex":0},"west":{"uv":[7.0,4.625,6.375,5.0],"rotation":0,"texture":"#0","tintindex":0},"up":{"uv":[2.0,9.625,2.5,9.0],"rotation":0,"texture":"#0","tintindex":0},"down":{"uv":[9.0,2.0,9.5,2.625],"rotation":0,"texture":"#0","tintindex":0}}},{"from":[7.0887084,6.526983,6.044663],"to":[7.7797256,7.4828916,6.9199543],"rotation":{"angle":0.0,"axis":"y","origin":[8.010069,9.970554,8.785703]},"faces":{"east":{"uv":[4.375,9.375,4.125,9.625],"rotation":0,"texture":"#0","tintindex":0},"south":{"uv":[1.25,4.625,1.125,4.875],"rotation":0,"texture":"#0","tintindex":0},"north":{"uv":[4.0,1.0,3.875,1.25],"rotation":0,"texture":"#0","tintindex":0},"west":{"uv":[5.5,8.875,5.25,9.125],"rotation":0,"texture":"#0","tintindex":0},"up":{"uv":[4.875,2.25,5.0,2.0],"rotation":0,"texture":"#0","tintindex":0},"down":{"uv":[3.75,6.0,3.875,6.25],"rotation":0,"texture":"#0","tintindex":0}}},{"from":[8.260434,6.526983,6.0887427],"to":[8.951451,7.4828916,6.964034],"rotation":{"angle":0.0,"axis":"y","origin":[8.807491,7.004937,6.5263886]},"faces":{"east":{"uv":[3.125,9.5,2.875,9.75],"rotation":0,"texture":"#0","tintindex":0},"south":{"uv":[9.5,1.75,9.375,2.0],"rotation":0,"texture":"#0","tintindex":0},"north":{"uv":[3.25,9.0,3.125,9.25],"rotation":0,"texture":"#0","tintindex":0},"west":{"uv":[9.625,4.75,9.375,5.0],"rotation":0,"texture":"#0","tintindex":0},"up":{"uv":[9.875,1.75,10.0,1.5],"rotation":0,"texture":"#0","tintindex":0},"down":{"uv":[0.375,10.0,0.5,10.25],"rotation":0,"texture":"#0","tintindex":0}}},{"from":[9.058457,6.526983,6.507234],"to":[9.749475,7.4828916,7.670446],"rotation":{"angle":-45.0,"axis":"y","origin":[8.914497,7.004937,6.858503]},"faces":{"east":{"uv":[10.75,4.25,10.5,4.5],"rotation":0,"texture":"#0","tintindex":0},"south":{"uv":[5.75,10.125,5.625,10.375],"rotation":0,"texture":"#0","tintindex":0},"north":{"uv":[9.25,10.0,9.125,10.25],"rotation":0,"texture":"#0","tintindex":0},"west":{"uv":[4.375,10.5,4.125,10.75],"rotation":0,"texture":"#0","tintindex":0},"up":{"uv":[0.75,10.5,0.875,10.25],"rotation":0,"texture":"#0","tintindex":0},"down":{"uv":[6.0,10.375,6.125,10.625],"rotation":0,"texture":"#0","tintindex":0}}},{"from":[6.168143,6.526983,6.213457],"to":[6.85916,7.4828916,7.0887485],"rotation":{"angle":45.0,"axis":"y","origin":[7.2614627,7.004937,6.4823084]},"faces":{"east":{"uv":[10.75,4.75,10.5,5.0],"rotation":0,"texture":"#0","tintindex":0},"south":{"uv":[10.0,10.625,9.875,10.875],"rotation":0,"texture":"#0","tintindex":0},"north":{"uv":[9.875,10.625,9.75,10.875],"rotation":0,"texture":"#0","tintindex":0},"west":{"uv":[10.75,4.5,10.5,4.75],"rotation":0,"texture":"#0","tintindex":0},"up":{"uv":[10.25,10.875,10.375,10.625],"rotation":0,"texture":"#0","tintindex":0},"down":{"uv":[10.375,10.625,10.5,10.875],"rotation":0,"texture":"#0","tintindex":0}}}],"display":{"head":{"translation":[0.0,-6.4,0.0],"scale":[4.0,4.0,4.0]}}}