{"textures":{"0":"modelengine:entity/baby_triciratops"},"elements":[{"from":[7.080817,7.0074973,8.204931],"to":[8.969863,9.444737,11.417834],"rotation":{"angle":0.0,"axis":"y","origin":[7.9574685,9.87596,-1.0315838]},"faces":{"east":{"uv":[8.875,6.25,9.625,6.75],"rotation":0,"texture":"#0","tintindex":0},"south":{"uv":[4.125,10.0,4.5,10.5],"rotation":0,"texture":"#0","tintindex":0},"north":{"uv":[10.0,2.25,10.375,2.75],"rotation":0,"texture":"#0","tintindex":0},"west":{"uv":[0.875,9.0,1.625,9.5],"rotation":0,"texture":"#0","tintindex":0},"up":{"uv":[1.75,8.25,1.375,7.5],"rotation":0,"texture":"#0","tintindex":0},"down":{"uv":[4.125,9.375,3.75,10.125],"rotation":0,"texture":"#0","tintindex":0}}},{"from":[7.3579884,7.387177,11.120874],"to":[8.626891,9.204274,13.954098],"rotation":{"angle":0.0,"axis":"y","origin":[7.7614684,9.87596,-1.0315838]},"faces":{"east":{"uv":[9.625,9.5,10.25,9.875],"rotation":0,"texture":"#0","tintindex":0},"south":{"uv":[3.25,10.5,3.5,10.875],"rotation":0,"texture":"#0","tintindex":0},"north":{"uv":[3.0,10.5,3.25,10.875],"rotation":0,"texture":"#0","tintindex":0},"west":{"uv":[9.75,0.0,10.375,0.375],"rotation":0,"texture":"#0","tintindex":0},"up":{"uv":[4.0,10.75,3.75,10.125],"rotation":0,"texture":"#0","tintindex":0},"down":{"uv":[5.625,10.125,5.375,10.75],"rotation":0,"texture":"#0","tintindex":0}}},{"from":[7.5161886,7.925057,13.335674],"to":[8.468692,9.109354,16.485298],"rotation":{"angle":0.0,"axis":"y","origin":[7.9574685,9.87596,-1.0315838]},"faces":{"east":{"uv":[9.75,5.875,10.5,6.125],"rotation":0,"texture":"#0","tintindex":0},"south":{"uv":[8.875,10.625,9.125,10.875],"rotation":0,"texture":"#0","tintindex":0},"north":{"uv":[8.625,10.625,8.875,10.875],"rotation":0,"texture":"#0","tintindex":0},"west":{"uv":[10.0,0.875,10.75,1.125],"rotation":0,"texture":"#0","tintindex":0},"up":{"uv":[2.0,10.625,1.75,9.875],"rotation":0,"texture":"#0","tintindex":0},"down":{"uv":[4.75,10.0,4.5,10.75],"rotation":0,"texture":"#0","tintindex":0}}},{"from":[7.6743884,7.387177,13.145834],"to":[8.310492,8.571474,16.295458],"rotation":{"angle":-22.5,"axis":"x","origin":[7.99244,7.5680056,14.910486]},"faces":{"east":{"uv":[10.0,6.125,10.75,6.375],"rotation":0,"texture":"#0","tintindex":0},"south":{"uv":[6.5,10.75,6.625,11.0],"rotation":0,"texture":"#0","tintindex":0},"north":{"uv":[10.75,6.375,10.875,6.625],"rotation":0,"texture":"#0","tintindex":0},"west":{"uv":[10.0,6.375,10.75,6.625],"rotation":0,"texture":"#0","tintindex":0},"up":{"uv":[1.375,3.25,1.25,2.5],"rotation":0,"texture":"#0","tintindex":0},"down":{"uv":[4.125,10.125,4.0,10.875],"rotation":0,"texture":"#0","tintindex":0}}},{"from":[7.601017,6.6892743,8.660617],"to":[8.393668,7.481926,13.379583],"rotation":{"angle":0.0,"axis":"y","origin":[7.9574685,9.87596,-1.0315838]},"faces":{"east":{"uv":[10.25,5.75,11.25,5.875],"rotation":0,"texture":"#0","tintindex":0},"south":{"uv":[2.0,4.875,2.125,5.0],"rotation":0,"texture":"#0","tintindex":0},"north":{"uv":[1.25,3.25,1.375,3.375],"rotation":0,"texture":"#0","tintindex":0},"west":{"uv":[10.25,8.125,11.25,8.25],"rotation":0,"texture":"#0","tintindex":0},"up":{"uv":[5.25,1.0,5.125,0.0],"rotation":0,"texture":"#0","tintindex":0},"down":{"uv":[1.375,10.0,1.25,11.0],"rotation":0,"texture":"#0","tintindex":0}}}],"display":{"head":{"translation":[0.0,-6.4,0.0],"scale":[4.0,4.0,4.0]}}}