{"textures":{"0":"modelengine:entity/baby_triciratops"},"elements":[{"from":[5.91668,5.6590967,6.1257257],"to":[10.080509,10.417748,10.884383],"rotation":{"angle":0.0,"axis":"y","origin":[7.9985943,9.82292,1.8429313]},"faces":{"east":{"uv":[5.375,3.0,6.375,4.0],"rotation":0,"texture":"#0","tintindex":0},"south":{"uv":[3.75,6.25,4.625,7.25],"rotation":0,"texture":"#0","tintindex":0},"north":{"uv":[2.0,6.25,2.875,7.25],"rotation":0,"texture":"#0","tintindex":0},"west":{"uv":[5.375,4.0,6.375,5.0],"rotation":0,"texture":"#0","tintindex":0},"up":{"uv":[5.5,7.25,4.625,6.25],"rotation":0,"texture":"#0","tintindex":0},"down":{"uv":[7.25,2.875,6.375,3.875],"rotation":0,"texture":"#0","tintindex":0}}},{"from":[6.511514,4.830126,6.2446914],"to":[9.485674,6.3172054,10.705932],"rotation":{"angle":0.0,"axis":"y","origin":[7.9985943,9.82292,1.8429313]},"faces":{"east":{"uv":[8.75,7.125,9.75,7.5],"rotation":0,"texture":"#0","tintindex":0},"south":{"uv":[9.625,9.125,10.25,9.5],"rotation":0,"texture":"#0","tintindex":0},"north":{"uv":[9.625,8.75,10.25,9.125],"rotation":0,"texture":"#0","tintindex":0},"west":{"uv":[8.75,7.5,9.75,7.875],"rotation":0,"texture":"#0","tintindex":0},"up":{"uv":[7.625,6.625,7.0,5.625],"rotation":0,"texture":"#0","tintindex":0},"down":{"uv":[2.375,7.25,1.75,8.25],"rotation":0,"texture":"#0","tintindex":0}}},{"from":[6.2882915,6.1087885,10.561611],"to":[9.714526,9.820538,13.629429],"rotation":{"angle":0.0,"axis":"y","origin":[8.001406,9.706331,2.1673422]},"faces":{"east":{"uv":[8.25,6.375,8.875,7.125],"rotation":0,"texture":"#0","tintindex":0},"south":{"uv":[4.125,7.25,4.875,8.0],"rotation":0,"texture":"#0","tintindex":0},"north":{"uv":[7.25,3.75,8.0,4.5],"rotation":0,"texture":"#0","tintindex":0},"west":{"uv":[8.375,2.125,9.0,2.875],"rotation":0,"texture":"#0","tintindex":0},"up":{"uv":[3.25,9.0,2.5,8.375],"rotation":0,"texture":"#0","tintindex":0},"down":{"uv":[9.125,8.0,8.375,8.625],"rotation":0,"texture":"#0","tintindex":0}}},{"from":[6.859331,5.423543,10.675823],"to":[9.143486,6.280097,13.458115],"rotation":{"angle":0.0,"axis":"y","origin":[8.001406,9.706331,2.1673422]},"faces":{"east":{"uv":[10.5,2.125,11.125,2.25],"rotation":0,"texture":"#0","tintindex":0},"south":{"uv":[8.25,7.125,8.75,7.25],"rotation":0,"texture":"#0","tintindex":0},"north":{"uv":[2.125,3.375,2.625,3.5],"rotation":0,"texture":"#0","tintindex":0},"west":{"uv":[10.5,2.875,11.125,3.0],"rotation":0,"texture":"#0","tintindex":0},"up":{"uv":[9.875,1.75,9.375,1.125],"rotation":0,"texture":"#0","tintindex":0},"down":{"uv":[9.875,3.125,9.375,3.75],"rotation":0,"texture":"#0","tintindex":0}}}],"display":{"head":{"translation":[0.0,-6.4,0.0],"scale":[4.0,4.0,4.0]}}}