{"textures":{"0":"modelengine:entity/c_lava_beast_p2"},"elements":[{"from":[-0.57142925,0.0619874,13.053286],"to":[16.57143,17.204845,7.3389993],"rotation":{"angle":0.0,"axis":"y","origin":[8.0,-38.22373,11.339]},"faces":{"east":{"uv":[13.125,3.375,12.8125,4.3125],"rotation":0,"texture":"#0","tintindex":0},"south":{"uv":[13.125,3.375,14.0625,4.3125],"rotation":0,"texture":"#0","tintindex":0},"north":{"uv":[13.125,3.375,14.0625,4.3125],"rotation":0,"texture":"#0","tintindex":0},"west":{"uv":[12.8125,3.375,13.125,4.3125],"rotation":0,"texture":"#0","tintindex":0},"up":{"uv":[13.125,4.3125,14.0625,4.625],"rotation":0,"texture":"#0","tintindex":0},"down":{"uv":[13.125,4.625,14.0625,4.9375],"rotation":0,"texture":"#0","tintindex":0}}},{"from":[-6.285715,0.0619874,7.3389993],"to":[22.285715,21.776274,13.053286],"rotation":{"angle":0.0,"axis":"y","origin":[8.0,-38.22373,11.339]},"faces":{"east":{"uv":[1.875,8.0,1.5625,9.1875],"rotation":0,"texture":"#0","tintindex":0},"south":{"uv":[0.0,5.0,1.5625,6.1875],"rotation":0,"texture":"#0","tintindex":0},"north":{"uv":[0.0,8.625,1.5625,9.8125],"rotation":0,"texture":"#0","tintindex":0},"west":{"uv":[1.5625,8.0,1.875,9.1875],"rotation":0,"texture":"#0","tintindex":0},"up":{"uv":[0.0,8.3125,1.5625,8.0],"rotation":0,"texture":"#0","tintindex":0},"down":{"uv":[0.0,8.3125,1.5625,8.625],"rotation":0,"texture":"#0","tintindex":0}}},{"from":[-6.285715,0.0619874,-0.08957195],"to":[22.285715,21.776274,5.6247134],"rotation":{"angle":0.0,"axis":"y","origin":[8.0,-38.22373,11.339]},"faces":{"east":{"uv":[1.5625,6.1875,1.875,7.375],"rotation":0,"texture":"#0","tintindex":0},"south":{"uv":[0.0,5.0,1.5625,6.1875],"rotation":0,"texture":"#0","tintindex":0},"north":{"uv":[0.0,6.1875,1.5625,7.375],"rotation":0,"texture":"#0","tintindex":0},"west":{"uv":[1.875,6.1875,1.5625,7.375],"rotation":0,"texture":"#0","tintindex":0},"up":{"uv":[0.0,7.6875,1.5625,7.375],"rotation":0,"texture":"#0","tintindex":0},"down":{"uv":[0.0,7.6875,1.5625,8.0],"rotation":0,"texture":"#0","tintindex":0}}},{"from":[-0.57142925,0.0619874,5.6247134],"to":[16.57143,17.204845,-0.08957195],"rotation":{"angle":0.0,"axis":"y","origin":[8.0,-38.22373,11.339]},"faces":{"east":{"uv":[15.0625,3.375,14.75,4.3125],"rotation":0,"texture":"#0","tintindex":0},"south":{"uv":[15.0625,3.375,16.0,4.3125],"rotation":0,"texture":"#0","tintindex":0},"north":{"uv":[15.0625,3.375,16.0,4.3125],"rotation":0,"texture":"#0","tintindex":0},"west":{"uv":[14.75,3.375,15.0625,4.3125],"rotation":0,"texture":"#0","tintindex":0},"up":{"uv":[15.0625,4.3125,16.0,4.625],"rotation":0,"texture":"#0","tintindex":0},"down":{"uv":[15.0625,4.625,16.0,4.9375],"rotation":0,"texture":"#0","tintindex":0}}}],"display":{"head":{"translation":[0.0,-6.4,0.0],"scale":[4.0,4.0,4.0]}}}