{"textures":{"0":"modelengine:entity/c_lava_beast_p2","1":"modelengine:entity/c_lava_beast_p2_2"},"elements":[{"from":[1.1428566,5.142857,-3.1428576],"to":[14.857143,10.857143,10.571428],"rotation":{"angle":0.0,"axis":"y","origin":[8.571428,-48.57143,26.0]},"faces":{"east":{"uv":[2.25,15.6875,3.0,16.0],"rotation":0,"texture":"#0","tintindex":0},"south":{"uv":[3.0,15.375,3.75,15.6875],"rotation":0,"texture":"#0","tintindex":0},"north":{"uv":[3.75,15.6875,3.0,16.0],"rotation":0,"texture":"#0","tintindex":0},"west":{"uv":[3.0,15.6875,2.25,16.0],"rotation":0,"texture":"#0","tintindex":0},"up":{"uv":[3.75,15.25,4.5,14.5],"rotation":0,"texture":"#0","tintindex":0},"down":{"uv":[3.75,15.25,4.5,16.0],"rotation":0,"texture":"#0","tintindex":0}}},{"from":[1.0285711,-0.6857147,-3.257144],"to":[14.971429,10.971429,10.685715],"rotation":{"angle":0.0,"axis":"y","origin":[8.571428,-48.57143,26.0]},"faces":{"east":{"uv":[14.5625,0.0,15.3125,0.625],"rotation":0,"texture":"#1","tintindex":0},"south":{"uv":[15.25,1.3125,16.0,1.9375],"rotation":0,"texture":"#1","tintindex":0},"north":{"uv":[15.25,0.625,16.0,1.25],"rotation":0,"texture":"#1","tintindex":0},"west":{"uv":[14.875,0.0,15.625,0.625],"rotation":0,"texture":"#1","tintindex":0},"up":{"uv":[14.5625,0.75,13.8125,0.0],"rotation":0,"texture":"#1","tintindex":0},"down":{"uv":[13.75,0.0,13.0,0.75],"rotation":0,"texture":"#1","tintindex":0}}},{"from":[1.2571425,10.971429,-3.0285711],"to":[14.742857,-0.6857147,10.457143],"rotation":{"angle":0.0,"axis":"y","origin":[8.571428,-15.428572,26.0]},"faces":{"east":{"uv":[14.5625,0.625,15.3125,0.0],"rotation":0,"texture":"#1","tintindex":0},"south":{"uv":[15.25,1.9375,16.0,1.3125],"rotation":0,"texture":"#1","tintindex":0},"north":{"uv":[15.25,1.25,16.0,0.625],"rotation":0,"texture":"#1","tintindex":0},"west":{"uv":[14.875,0.625,15.625,0.0],"rotation":0,"texture":"#1","tintindex":0},"up":{"uv":[13.75,0.75,13.0,0.0],"rotation":0,"texture":"#1","tintindex":0},"down":{"uv":[14.5625,0.0,13.8125,0.75],"rotation":0,"texture":"#1","tintindex":0}}}],"display":{"head":{"translation":[0.0,-6.4,0.0],"scale":[4.0,4.0,4.0]}}}