{"textures":{"0":"modelengine:entity/c_lava_beast_p2"},"elements":[{"from":[2.8571424,-0.7272539,1.7518125],"to":[13.142858,15.272747,12.037527],"rotation":{"angle":22.5,"axis":"x","origin":[8.0,8.987032,1.1803837]},"faces":{"east":{"uv":[5.375,0.5625,5.9375,1.4375],"rotation":0,"texture":"#0","tintindex":0},"south":{"uv":[6.5,0.5625,5.9375,1.4375],"rotation":0,"texture":"#0","tintindex":0},"north":{"uv":[5.375,1.4375,5.9375,2.3125],"rotation":0,"texture":"#0","tintindex":0},"west":{"uv":[5.9375,1.4375,6.5,2.3125],"rotation":0,"texture":"#0","tintindex":0},"up":{"uv":[5.375,0.5625,5.9375,0.0],"rotation":0,"texture":"#0","tintindex":0},"down":{"uv":[5.9375,0.0,6.5,0.5625],"rotation":0,"texture":"#0","tintindex":0}}}],"display":{"head":{"translation":[0.0,-6.4,0.0],"scale":[4.0,4.0,4.0]}}}