{"textures":{"0":"modelengine:entity/c_lava_beast_p2"},"elements":[{"from":[2.2857141,-8.57143,2.2857141],"to":[13.714286,15.428572,13.714286],"rotation":{"angle":0.0,"axis":"y","origin":[-16.000002,-35.428574,41.14286]},"faces":{"east":{"uv":[15.375,14.0625,14.75,15.375],"rotation":0,"texture":"#0","tintindex":0},"south":{"uv":[15.375,12.75,16.0,14.0625],"rotation":0,"texture":"#0","tintindex":0},"north":{"uv":[15.375,12.75,14.75,14.0625],"rotation":0,"texture":"#0","tintindex":0},"west":{"uv":[15.375,14.0625,16.0,15.375],"rotation":0,"texture":"#0","tintindex":0},"up":{"uv":[16.0,16.0,15.375,15.375],"rotation":0,"texture":"#0","tintindex":0},"down":{"uv":[15.375,15.375,14.75,16.0],"rotation":0,"texture":"#0","tintindex":0}}},{"from":[2.2857141,15.428572,2.2857141],"to":[6.857143,21.142857,6.857143],"rotation":{"angle":0.0,"axis":"y","origin":[12.571428,15.428572,3.4285712]},"faces":{"east":{"uv":[1.0,13.0625,1.25,13.375],"rotation":0,"texture":"#0","tintindex":0},"south":{"uv":[1.5625,13.0625,1.3125,13.375],"rotation":0,"texture":"#0","tintindex":0},"north":{"uv":[1.25,13.0625,1.0,13.375],"rotation":0,"texture":"#0","tintindex":0},"west":{"uv":[1.25,13.0625,1.0,13.375],"rotation":0,"texture":"#0","tintindex":0},"up":{"uv":[0.25,13.375,0.0,13.125],"rotation":0,"texture":"#0","tintindex":0},"down":{"uv":[0.625,13.0625,0.3125,13.375],"rotation":0,"texture":"#0","tintindex":0}}},{"from":[6.857143,13.714286,4.5714283],"to":[11.428572,19.428572,9.142858],"rotation":{"angle":0.0,"axis":"y","origin":[12.571428,15.428572,3.4285712]},"faces":{"east":{"uv":[1.0,13.0625,1.25,13.375],"rotation":0,"texture":"#0","tintindex":0},"south":{"uv":[1.5625,13.0625,1.3125,13.375],"rotation":0,"texture":"#0","tintindex":0},"north":{"uv":[1.25,13.0625,1.0,13.375],"rotation":0,"texture":"#0","tintindex":0},"west":{"uv":[1.25,13.0625,1.0,13.375],"rotation":0,"texture":"#0","tintindex":0},"up":{"uv":[0.25,13.375,0.0,13.125],"rotation":0,"texture":"#0","tintindex":0},"down":{"uv":[0.625,13.0625,0.3125,13.375],"rotation":0,"texture":"#0","tintindex":0}}}],"display":{"head":{"translation":[0.0,-6.4,0.0],"scale":[4.0,4.0,4.0]}}}