{"textures":{"0":"modelengine:entity/parasaur"},"elements":[{"from":[6.5371428,12.220428,14.141994],"to":[9.765715,15.146143,23.153423],"rotation":{"angle":22.5,"axis":"x","origin":[8.437143,15.397572,18.533424]},"faces":{"east":{"uv":[8.5,0.0,9.5,0.3125],"rotation":0,"texture":"#0","tintindex":0},"south":{"uv":[1.9375,9.625,2.3125,9.9375],"rotation":0,"texture":"#0","tintindex":0},"north":{"uv":[1.5625,9.625,1.9375,9.9375],"rotation":0,"texture":"#0","tintindex":0},"west":{"uv":[8.5,0.3125,9.5,0.625],"rotation":0,"texture":"#0","tintindex":0},"up":{"uv":[8.4375,8.9375,8.0625,7.9375],"rotation":0,"texture":"#0","tintindex":0},"down":{"uv":[8.6875,4.0,8.3125,5.0],"rotation":0,"texture":"#0","tintindex":0}}},{"from":[6.217143,-0.8234291,9.834286],"to":[9.782857,4.1194286,19.114286],"rotation":{"angle":22.5,"axis":"x","origin":[8.0,2.5051427,17.617144]},"faces":{"east":{"uv":[0.5625,7.0625,1.5625,7.625],"rotation":0,"texture":"#0","tintindex":0},"south":{"uv":[2.8125,9.125,3.1875,9.6875],"rotation":0,"texture":"#0","tintindex":0},"north":{"uv":[2.4375,9.125,2.8125,9.6875],"rotation":0,"texture":"#0","tintindex":0},"west":{"uv":[7.125,5.5,8.125,6.0625],"rotation":0,"texture":"#0","tintindex":0},"up":{"uv":[5.0,8.9375,4.625,7.9375],"rotation":0,"texture":"#0","tintindex":0},"down":{"uv":[8.4375,6.0625,8.0625,7.0625],"rotation":0,"texture":"#0","tintindex":0}}},{"from":[3.628571,3.2622852,11.662857],"to":[12.371429,13.753715,23.53143],"rotation":{"angle":22.5,"axis":"x","origin":[8.0,9.062285,18.054287]},"faces":{"east":{"uv":[1.3125,0.0,2.625,1.125],"rotation":0,"texture":"#0","tintindex":0},"south":{"uv":[2.0,4.75,2.9375,5.875],"rotation":0,"texture":"#0","tintindex":0},"north":{"uv":[4.625,2.0,5.5625,3.125],"rotation":0,"texture":"#0","tintindex":0},"west":{"uv":[1.3125,1.125,2.625,2.25],"rotation":0,"texture":"#0","tintindex":0},"up":{"uv":[3.3125,4.75,2.375,3.4375],"rotation":0,"texture":"#0","tintindex":0},"down":{"uv":[4.25,3.4375,3.3125,4.75],"rotation":0,"texture":"#0","tintindex":0}}},{"from":[3.897143,4.8525715,-4.502857],"to":[12.102858,13.898286,5.08],"rotation":{"angle":-22.5,"axis":"x","origin":[8.0,9.661143,-0.56857204]},"faces":{"east":{"uv":[4.625,0.0,5.6875,1.0],"rotation":0,"texture":"#0","tintindex":0},"south":{"uv":[5.6875,0.0,6.5625,1.0],"rotation":0,"texture":"#0","tintindex":0},"north":{"uv":[5.5625,2.0,6.4375,3.0],"rotation":0,"texture":"#0","tintindex":0},"west":{"uv":[4.625,1.0,5.6875,2.0],"rotation":0,"texture":"#0","tintindex":0},"up":{"uv":[0.875,6.0625,0.0,5.0],"rotation":0,"texture":"#0","tintindex":0},"down":{"uv":[5.9375,3.125,5.0625,4.1875],"rotation":0,"texture":"#0","tintindex":0}}},{"from":[5.7799997,1.8799996,-3.6285725],"to":[10.22,11.497143,3.365714],"rotation":{"angle":0.0,"axis":"y","origin":[8.0,9.748571,-8.874287]},"faces":{"east":{"uv":[2.5625,5.9375,3.3125,7.0],"rotation":0,"texture":"#0","tintindex":0},"south":{"uv":[7.0625,7.3125,7.5625,8.375],"rotation":0,"texture":"#0","tintindex":0},"north":{"uv":[7.3125,0.0,7.8125,1.0625],"rotation":0,"texture":"#0","tintindex":0},"west":{"uv":[5.9375,3.0,6.6875,4.0625],"rotation":0,"texture":"#0","tintindex":0},"up":{"uv":[8.0625,8.6875,7.5625,7.9375],"rotation":0,"texture":"#0","tintindex":0},"down":{"uv":[0.5,8.0625,0.0,8.8125],"rotation":0,"texture":"#0","tintindex":0}}},{"from":[6.6042857,6.994857,-5.5177145],"to":[9.832857,15.806286,3.190857],"rotation":{"angle":-22.5,"axis":"x","origin":[8.218572,14.601143,-0.30628586]},"faces":{"east":{"uv":[5.5,4.1875,6.4375,5.125],"rotation":0,"texture":"#0","tintindex":0},"south":{"uv":[7.0625,8.375,7.4375,9.3125],"rotation":0,"texture":"#0","tintindex":0},"north":{"uv":[5.75,8.3125,6.125,9.25],"rotation":0,"texture":"#0","tintindex":0},"west":{"uv":[5.5,5.125,6.4375,6.0625],"rotation":0,"texture":"#0","tintindex":0},"up":{"uv":[4.25,9.375,3.875,8.4375],"rotation":0,"texture":"#0","tintindex":0},"down":{"uv":[4.625,8.4375,4.25,9.375],"rotation":0,"texture":"#0","tintindex":0}}},{"from":[6.167143,12.4121895,2.1790109],"to":[10.27,17.96076,13.544725],"rotation":{"angle":0.0,"axis":"y","origin":[8.218572,15.186475,8.433297]},"faces":{"east":{"uv":[6.3125,6.0625,7.5625,6.6875],"rotation":0,"texture":"#0","tintindex":0},"south":{"uv":[8.75,6.375,9.1875,7.0],"rotation":0,"texture":"#0","tintindex":0},"north":{"uv":[5.0625,4.1875,5.5,4.8125],"rotation":0,"texture":"#0","tintindex":0},"west":{"uv":[6.4375,1.8125,7.6875,2.4375],"rotation":0,"texture":"#0","tintindex":0},"up":{"uv":[6.625,8.5625,6.1875,7.3125],"rotation":0,"texture":"#0","tintindex":0},"down":{"uv":[7.0625,7.3125,6.625,8.5625],"rotation":0,"texture":"#0","tintindex":0}}},{"from":[5.0742855,2.302857,3.3085713],"to":[10.9257145,7.0114284,14.3714285],"rotation":{"angle":-22.5,"axis":"x","origin":[8.0,3.0971427,7.562857]},"faces":{"east":{"uv":[6.6875,3.5,7.875,4.0],"rotation":0,"texture":"#0","tintindex":0},"south":{"uv":[8.4375,2.3125,9.0625,2.8125],"rotation":0,"texture":"#0","tintindex":0},"north":{"uv":[8.3125,5.0,8.9375,5.5],"rotation":0,"texture":"#0","tintindex":0},"west":{"uv":[7.125,5.0,8.3125,5.5],"rotation":0,"texture":"#0","tintindex":0},"up":{"uv":[7.3125,1.1875,6.6875,0.0],"rotation":0,"texture":"#0","tintindex":0},"down":{"uv":[2.1875,6.6875,1.5625,7.875],"rotation":0,"texture":"#0","tintindex":0}}},{"from":[3.0228567,4.845714,1.8799996],"to":[12.977143,15.908571,14.120001],"rotation":{"angle":0.0,"axis":"y","origin":[8.0,10.091429,8.0]},"faces":{"east":{"uv":[0.0,0.0,1.3125,1.1875],"rotation":0,"texture":"#0","tintindex":0},"south":{"uv":[2.625,0.0,3.6875,1.1875],"rotation":0,"texture":"#0","tintindex":0},"north":{"uv":[2.375,2.25,3.4375,3.4375],"rotation":0,"texture":"#0","tintindex":0},"west":{"uv":[0.0,1.1875,1.3125,2.375],"rotation":0,"texture":"#0","tintindex":0},"up":{"uv":[2.375,3.5625,1.3125,2.25],"rotation":0,"texture":"#0","tintindex":0},"down":{"uv":[1.0625,2.375,0.0,3.6875],"rotation":0,"texture":"#0","tintindex":0}}}],"display":{"head":{"translation":[0.0,-6.4,0.0],"scale":[4.0,4.0,4.0]}}}