{"textures":{"0":"modelengine:entity/parasaur"},"elements":[{"from":[6.4141145,13.694398,2.4443302],"to":[9.436454,15.679947,12.423012],"rotation":{"angle":-22.5,"axis":"x","origin":[7.967044,13.278577,13.233755]},"faces":{"east":{"uv":[8.9375,5.3125,10.0,5.5],"rotation":0,"texture":"#0","tintindex":0},"south":{"uv":[9.875,9.625,10.1875,9.8125],"rotation":0,"texture":"#0","tintindex":0},"north":{"uv":[8.125,5.875,8.4375,6.0625],"rotation":0,"texture":"#0","tintindex":0},"west":{"uv":[9.0,8.1875,10.0625,8.375],"rotation":0,"texture":"#0","tintindex":0},"up":{"uv":[8.75,6.9375,8.4375,5.875],"rotation":0,"texture":"#0","tintindex":0},"down":{"uv":[8.75,7.4375,8.4375,8.5],"rotation":0,"texture":"#0","tintindex":0}}},{"from":[6.8941145,13.790398,-0.4356699],"to":[8.956453,15.295946,2.8230119],"rotation":{"angle":-22.5,"axis":"x","origin":[7.967044,13.278577,13.233755]},"faces":{"east":{"uv":[4.625,3.125,5.0,3.3125],"rotation":0,"texture":"#0","tintindex":0},"south":{"uv":[9.9375,8.375,10.1875,8.5625],"rotation":0,"texture":"#0","tintindex":0},"north":{"uv":[9.9375,7.8125,10.1875,8.0],"rotation":0,"texture":"#0","tintindex":0},"west":{"uv":[9.8125,7.4375,10.1875,7.625],"rotation":0,"texture":"#0","tintindex":0},"up":{"uv":[2.875,10.0625,2.625,9.6875],"rotation":0,"texture":"#0","tintindex":0},"down":{"uv":[3.125,9.6875,2.875,10.0625],"rotation":0,"texture":"#0","tintindex":0}}},{"from":[6.6541142,7.9980216,-0.6593952],"to":[9.196454,9.98357,1.639287],"rotation":{"angle":22.5,"axis":"x","origin":[7.925284,9.082225,0.24994612]},"faces":{"east":{"uv":[9.9375,8.5625,10.1875,8.75],"rotation":0,"texture":"#0","tintindex":0},"south":{"uv":[8.6875,9.9375,8.9375,10.125],"rotation":0,"texture":"#0","tintindex":0},"north":{"uv":[8.4375,9.9375,8.6875,10.125],"rotation":0,"texture":"#0","tintindex":0},"west":{"uv":[9.375,9.9375,9.625,10.125],"rotation":0,"texture":"#0","tintindex":0},"up":{"uv":[5.5,6.0625,5.25,5.8125],"rotation":0,"texture":"#0","tintindex":0},"down":{"uv":[10.125,6.5,9.875,6.75],"rotation":0,"texture":"#0","tintindex":0}}},{"from":[6.7165146,7.941199,1.1056223],"to":[9.134054,9.926748,3.130704],"rotation":{"angle":0.0,"axis":"y","origin":[7.925284,8.955563,1.3808312]},"faces":{"east":{"uv":[10.0,0.1875,10.25,0.375],"rotation":0,"texture":"#0","tintindex":0},"south":{"uv":[0.5,10.0,0.75,10.1875],"rotation":0,"texture":"#0","tintindex":0},"north":{"uv":[10.0,0.0,10.25,0.1875],"rotation":0,"texture":"#0","tintindex":0},"west":{"uv":[10.0,1.625,10.25,1.8125],"rotation":0,"texture":"#0","tintindex":0},"up":{"uv":[10.125,7.0,9.875,6.75],"rotation":0,"texture":"#0","tintindex":0},"down":{"uv":[10.125,8.875,9.875,9.125],"rotation":0,"texture":"#0","tintindex":0}}},{"from":[7.0093145,9.640394,6.4165163],"to":[8.778853,12.731076,8.98767],"rotation":{"angle":22.5,"axis":"x","origin":[8.134084,10.269164,8.182096]},"faces":{"east":{"uv":[9.8125,3.125,10.0625,3.4375],"rotation":0,"texture":"#0","tintindex":0},"south":{"uv":[5.125,9.875,5.3125,10.1875],"rotation":0,"texture":"#0","tintindex":0},"north":{"uv":[9.125,5.5,9.3125,5.8125],"rotation":0,"texture":"#0","tintindex":0},"west":{"uv":[9.8125,3.4375,10.0625,3.75],"rotation":0,"texture":"#0","tintindex":0},"up":{"uv":[10.1875,2.0625,10.0,1.8125],"rotation":0,"texture":"#0","tintindex":0},"down":{"uv":[2.375,10.0,2.1875,10.25],"rotation":0,"texture":"#0","tintindex":0}}},{"from":[6.0493145,7.916239,3.9724412],"to":[9.738853,11.006926,7.9835906],"rotation":{"angle":0.0,"axis":"y","origin":[8.134084,9.807174,8.893004]},"faces":{"east":{"uv":[9.3125,6.0625,9.75,6.375],"rotation":0,"texture":"#0","tintindex":0},"south":{"uv":[9.5,2.3125,9.875,2.625],"rotation":0,"texture":"#0","tintindex":0},"north":{"uv":[2.1875,6.6875,2.5625,7.0],"rotation":0,"texture":"#0","tintindex":0},"west":{"uv":[9.5,1.0625,9.9375,1.375],"rotation":0,"texture":"#0","tintindex":0},"up":{"uv":[9.625,4.875,9.25,4.4375],"rotation":0,"texture":"#0","tintindex":0},"down":{"uv":[4.5,9.375,4.125,9.8125],"rotation":0,"texture":"#0","tintindex":0}}},{"from":[6.2893143,8.060239,2.0524416],"to":[9.498854,10.190926,4.14359],"rotation":{"angle":0.0,"axis":"y","origin":[8.134084,9.807174,8.893004]},"faces":{"east":{"uv":[9.875,9.125,10.125,9.375],"rotation":0,"texture":"#0","tintindex":0},"south":{"uv":[8.3125,1.5625,8.6875,1.8125],"rotation":0,"texture":"#0","tintindex":0},"north":{"uv":[1.1875,7.625,1.5625,7.875],"rotation":0,"texture":"#0","tintindex":0},"west":{"uv":[9.875,9.375,10.125,9.625],"rotation":0,"texture":"#0","tintindex":0},"up":{"uv":[8.8125,3.0625,8.4375,2.8125],"rotation":0,"texture":"#0","tintindex":0},"down":{"uv":[10.0625,2.0625,9.6875,2.3125],"rotation":0,"texture":"#0","tintindex":0}}},{"from":[6.2893143,9.473601,8.137788],"to":[9.498854,11.124288,11.188937],"rotation":{"angle":-45.0,"axis":"x","origin":[7.894084,9.469931,9.747831]},"faces":{"east":{"uv":[9.6875,9.875,10.0,10.0625],"rotation":0,"texture":"#0","tintindex":0},"south":{"uv":[9.875,6.3125,10.25,6.5],"rotation":0,"texture":"#0","tintindex":0},"north":{"uv":[9.8125,8.0,10.1875,8.1875],"rotation":0,"texture":"#0","tintindex":0},"west":{"uv":[9.9375,1.0625,10.25,1.25],"rotation":0,"texture":"#0","tintindex":0},"up":{"uv":[9.9375,4.375,9.5625,4.0625],"rotation":0,"texture":"#0","tintindex":0},"down":{"uv":[5.3125,9.5625,4.9375,9.875],"rotation":0,"texture":"#0","tintindex":0}}},{"from":[6.7693143,8.564882,8.268665],"to":[9.018854,10.215569,11.319814],"rotation":{"angle":-22.5,"axis":"x","origin":[7.894084,8.926872,10.290889]},"faces":{"east":{"uv":[9.9375,1.25,10.25,1.4375],"rotation":0,"texture":"#0","tintindex":0},"south":{"uv":[10.0,5.3125,10.25,5.5],"rotation":0,"texture":"#0","tintindex":0},"north":{"uv":[2.375,10.0,2.625,10.1875],"rotation":0,"texture":"#0","tintindex":0},"west":{"uv":[9.9375,1.4375,10.25,1.625],"rotation":0,"texture":"#0","tintindex":0},"up":{"uv":[10.0625,7.4375,9.8125,7.125],"rotation":0,"texture":"#0","tintindex":0},"down":{"uv":[0.25,9.875,0.0,10.1875],"rotation":0,"texture":"#0","tintindex":0}}},{"from":[6.6646743,13.517623,11.293718],"to":[9.269414,15.085572,16.366806],"rotation":{"angle":0.0,"axis":"y","origin":[7.967044,13.278577,13.233755]},"faces":{"east":{"uv":[5.6875,1.8125,6.25,2.0],"rotation":0,"texture":"#0","tintindex":0},"south":{"uv":[1.875,9.9375,2.1875,10.125],"rotation":0,"texture":"#0","tintindex":0},"north":{"uv":[1.5625,9.9375,1.875,10.125],"rotation":0,"texture":"#0","tintindex":0},"west":{"uv":[7.75,1.5625,8.3125,1.75],"rotation":0,"texture":"#0","tintindex":0},"up":{"uv":[9.5625,3.875,9.25,3.3125],"rotation":0,"texture":"#0","tintindex":0},"down":{"uv":[9.5625,3.875,9.25,4.4375],"rotation":0,"texture":"#0","tintindex":0}}},{"from":[7.151846,14.266523,15.864828],"to":[8.761297,15.635986,20.412788],"rotation":{"angle":22.5,"axis":"x","origin":[8.049714,13.916381,14.395021]},"faces":{"east":{"uv":[3.4375,3.3125,3.9375,3.4375],"rotation":0,"texture":"#0","tintindex":0},"south":{"uv":[2.1875,4.625,2.375,4.75],"rotation":0,"texture":"#0","tintindex":0},"north":{"uv":[2.0,4.625,2.1875,4.75],"rotation":0,"texture":"#0","tintindex":0},"west":{"uv":[3.8125,2.125,4.3125,2.25],"rotation":0,"texture":"#0","tintindex":0},"up":{"uv":[9.875,9.375,9.6875,8.875],"rotation":0,"texture":"#0","tintindex":0},"down":{"uv":[9.875,9.375,9.6875,9.875],"rotation":0,"texture":"#0","tintindex":0}}}],"display":{"head":{"translation":[0.0,-6.4,0.0],"scale":[4.0,4.0,4.0]}}}