{"textures":{"0":"modelengine:entity/parasaur"},"elements":[{"from":[6.857143,4.1866517,7.351258],"to":[9.142858,8.7580805,15.922687],"rotation":{"angle":45.0,"axis":"x","origin":[8.0,7.7689548,11.296589]},"faces":{"east":{"uv":[7.6875,1.8125,8.625,2.3125],"rotation":0,"texture":"#0","tintindex":0},"south":{"uv":[9.5625,3.25,9.8125,3.75],"rotation":0,"texture":"#0","tintindex":0},"north":{"uv":[1.3125,9.5625,1.5625,10.0625],"rotation":0,"texture":"#0","tintindex":0},"west":{"uv":[7.75,1.0625,8.6875,1.5625],"rotation":0,"texture":"#0","tintindex":0},"up":{"uv":[9.25,1.5625,9.0,0.625],"rotation":0,"texture":"#0","tintindex":0},"down":{"uv":[9.25,3.3125,9.0,4.25],"rotation":0,"texture":"#0","tintindex":0}}},{"from":[7.142857,4.315645,11.616417],"to":[8.857143,12.315645,13.330702],"rotation":{"angle":-22.5,"axis":"x","origin":[8.0,7.7689548,11.296589]},"faces":{"east":{"uv":[6.125,9.375,6.3125,10.25],"rotation":0,"texture":"#0","tintindex":0},"south":{"uv":[6.3125,9.375,6.5,10.25],"rotation":0,"texture":"#0","tintindex":0},"north":{"uv":[5.0625,7.0,5.25,7.875],"rotation":0,"texture":"#0","tintindex":0},"west":{"uv":[6.5,9.375,6.6875,10.25],"rotation":0,"texture":"#0","tintindex":0},"up":{"uv":[4.5,10.3125,4.3125,10.125],"rotation":0,"texture":"#0","tintindex":0},"down":{"uv":[10.3125,4.4375,10.125,4.625],"rotation":0,"texture":"#0","tintindex":0}}}],"display":{"head":{"translation":[0.0,-6.4,0.0],"scale":[4.0,4.0,4.0]}}}