{"textures":{"0":"modelengine:entity/parasaur"},"elements":[{"from":[7.0571427,4.911303,7.3808365],"to":[9.342857,7.768446,8.523694],"rotation":{"angle":45.0,"axis":"x","origin":[8.2,7.876989,7.8199654]},"faces":{"east":{"uv":[9.75,10.0625,9.875,10.375],"rotation":0,"texture":"#0","tintindex":0},"south":{"uv":[9.875,5.5,10.125,5.8125],"rotation":0,"texture":"#0","tintindex":0},"north":{"uv":[9.875,5.0,10.125,5.3125],"rotation":0,"texture":"#0","tintindex":0},"west":{"uv":[9.875,10.0625,10.0,10.375],"rotation":0,"texture":"#0","tintindex":0},"up":{"uv":[4.1875,3.4375,3.9375,3.3125],"rotation":0,"texture":"#0","tintindex":0},"down":{"uv":[4.5625,2.125,4.3125,2.25],"rotation":0,"texture":"#0","tintindex":0}}}],"display":{"head":{"translation":[0.0,-6.4,0.0],"scale":[4.0,4.0,4.0]}}}