{"textures":{"0":"modelengine:entity/parasaur"},"elements":[{"from":[7.170559,0.71937656,4.953774],"to":[8.884845,9.290806,7.810917],"rotation":{"angle":22.5,"axis":"x","origin":[8.027702,3.2908049,6.6109166]},"faces":{"east":{"uv":[1.3125,8.625,1.625,9.5625],"rotation":0,"texture":"#0","tintindex":0},"south":{"uv":[0.3125,9.3125,0.5,10.25],"rotation":0,"texture":"#0","tintindex":0},"north":{"uv":[5.9375,9.25,6.125,10.1875],"rotation":0,"texture":"#0","tintindex":0},"west":{"uv":[8.6875,1.0,9.0,1.9375],"rotation":0,"texture":"#0","tintindex":0},"up":{"uv":[4.125,10.25,3.9375,9.9375],"rotation":0,"texture":"#0","tintindex":0},"down":{"uv":[4.875,9.9375,4.6875,10.25],"rotation":0,"texture":"#0","tintindex":0}}}],"display":{"head":{"translation":[0.0,-6.4,0.0],"scale":[4.0,4.0,4.0]}}}