{"textures":{"0":"modelengine:entity/parasaur"},"elements":[{"from":[6.2917724,-1.6731062,3.3147902],"to":[9.720345,12.04118,10.743362],"rotation":{"angle":22.5,"axis":"x","origin":[8.006059,5.7554655,8.457648]},"faces":{"east":{"uv":[3.8125,0.0,4.625,1.5],"rotation":0,"texture":"#0","tintindex":0},"south":{"uv":[2.8125,7.0,3.1875,8.5],"rotation":0,"texture":"#0","tintindex":0},"north":{"uv":[5.8125,6.8125,6.1875,8.3125],"rotation":0,"texture":"#0","tintindex":0},"west":{"uv":[4.25,3.3125,5.0625,4.8125],"rotation":0,"texture":"#0","tintindex":0},"up":{"uv":[6.5,9.375,6.125,8.5625],"rotation":0,"texture":"#0","tintindex":0},"down":{"uv":[6.875,8.5625,6.5,9.375],"rotation":0,"texture":"#0","tintindex":0}}},{"from":[6.720344,-1.6976042,7.569418],"to":[9.577487,8.58811,12.712275],"rotation":{"angle":45.0,"axis":"x","origin":[8.291773,3.445253,12.712275]},"faces":{"east":{"uv":[3.3125,6.75,3.875,7.875],"rotation":0,"texture":"#0","tintindex":0},"south":{"uv":[5.3125,8.4375,5.625,9.5625],"rotation":0,"texture":"#0","tintindex":0},"north":{"uv":[5.0,8.4375,5.3125,9.5625],"rotation":0,"texture":"#0","tintindex":0},"west":{"uv":[3.875,6.75,4.4375,7.875],"rotation":0,"texture":"#0","tintindex":0},"up":{"uv":[9.625,1.9375,9.3125,1.375],"rotation":0,"texture":"#0","tintindex":0},"down":{"uv":[9.625,5.5,9.3125,6.0625],"rotation":0,"texture":"#0","tintindex":0}}}],"display":{"head":{"translation":[0.0,-6.4,0.0],"scale":[4.0,4.0,4.0]}}}