{"textures":{"0":"modelengine:entity/parasaur"},"elements":[{"from":[6.5991306,5.862234,6.8966312],"to":[9.456273,7.57652,9.753774],"rotation":{"angle":-22.5,"axis":"x","origin":[8.027702,6.7193766,7.7537737]},"faces":{"east":{"uv":[6.6875,9.9375,7.0,10.125],"rotation":0,"texture":"#0","tintindex":0},"south":{"uv":[7.4375,9.9375,7.75,10.125],"rotation":0,"texture":"#0","tintindex":0},"north":{"uv":[5.3125,9.9375,5.625,10.125],"rotation":0,"texture":"#0","tintindex":0},"west":{"uv":[9.9375,7.625,10.25,7.8125],"rotation":0,"texture":"#0","tintindex":0},"up":{"uv":[10.0,2.0625,9.6875,1.75],"rotation":0,"texture":"#0","tintindex":0},"down":{"uv":[2.625,9.6875,2.3125,10.0],"rotation":0,"texture":"#0","tintindex":0}}},{"from":[7.456273,7.3082013,6.98721],"to":[8.599131,8.451058,8.701495],"rotation":{"angle":0.0,"axis":"y","origin":[8.027702,7.9939156,7.8443527]},"faces":{"east":{"uv":[5.5625,3.0,5.75,3.125],"rotation":0,"texture":"#0","tintindex":0},"south":{"uv":[8.5625,3.875,8.6875,4.0],"rotation":0,"texture":"#0","tintindex":0},"north":{"uv":[6.3125,4.0625,6.4375,4.1875],"rotation":0,"texture":"#0","tintindex":0},"west":{"uv":[5.75,3.0,5.9375,3.125],"rotation":0,"texture":"#0","tintindex":0},"up":{"uv":[3.8125,1.1875,3.6875,1.0],"rotation":0,"texture":"#0","tintindex":0},"down":{"uv":[1.0625,4.6875,0.9375,4.875],"rotation":0,"texture":"#0","tintindex":0}}},{"from":[7.141988,5.1589575,5.3563347],"to":[8.856274,6.8732433,7.6420493],"rotation":{"angle":0.0,"axis":"y","origin":[8.027702,5.8446717,5.642049]},"faces":{"east":{"uv":[0.75,10.0625,1.0,10.25],"rotation":0,"texture":"#0","tintindex":0},"south":{"uv":[3.4375,10.125,3.625,10.3125],"rotation":0,"texture":"#0","tintindex":0},"north":{"uv":[3.25,10.125,3.4375,10.3125],"rotation":0,"texture":"#0","tintindex":0},"west":{"uv":[1.3125,10.0625,1.5625,10.25],"rotation":0,"texture":"#0","tintindex":0},"up":{"uv":[10.25,2.3125,10.0625,2.0625],"rotation":0,"texture":"#0","tintindex":0},"down":{"uv":[2.8125,10.0625,2.625,10.3125],"rotation":0,"texture":"#0","tintindex":0}}},{"from":[7.3705587,5.1589575,3.6420488],"to":[8.513416,6.3018146,5.3563347],"rotation":{"angle":0.0,"axis":"y","origin":[8.027702,5.8446717,5.642049]},"faces":{"east":{"uv":[5.9375,4.0625,6.125,4.1875],"rotation":0,"texture":"#0","tintindex":0},"south":{"uv":[8.6875,4.875,8.8125,5.0],"rotation":0,"texture":"#0","tintindex":0},"north":{"uv":[8.625,6.9375,8.75,7.0625],"rotation":0,"texture":"#0","tintindex":0},"west":{"uv":[6.125,4.0625,6.3125,4.1875],"rotation":0,"texture":"#0","tintindex":0},"up":{"uv":[6.6875,1.0,6.5625,0.8125],"rotation":0,"texture":"#0","tintindex":0},"down":{"uv":[1.1875,8.4375,1.0625,8.625],"rotation":0,"texture":"#0","tintindex":0}}},{"from":[4.856273,5.2161,5.3563347],"to":[6.570559,6.930386,7.6420493],"rotation":{"angle":22.5,"axis":"y","origin":[6.2562733,5.930386,5.499192]},"faces":{"east":{"uv":[2.8125,10.0625,3.0625,10.25],"rotation":0,"texture":"#0","tintindex":0},"south":{"uv":[10.125,3.875,10.3125,4.0625],"rotation":0,"texture":"#0","tintindex":0},"north":{"uv":[10.125,3.6875,10.3125,3.875],"rotation":0,"texture":"#0","tintindex":0},"west":{"uv":[10.0625,3.0,10.3125,3.1875],"rotation":0,"texture":"#0","tintindex":0},"up":{"uv":[10.25,3.4375,10.0625,3.1875],"rotation":0,"texture":"#0","tintindex":0},"down":{"uv":[10.25,3.4375,10.0625,3.6875],"rotation":0,"texture":"#0","tintindex":0}}},{"from":[5.0848446,5.2161,3.6420488],"to":[6.2277017,6.3589573,5.3563347],"rotation":{"angle":22.5,"axis":"y","origin":[6.2562733,5.930386,5.499192]},"faces":{"east":{"uv":[7.3125,1.0625,7.5,1.1875],"rotation":0,"texture":"#0","tintindex":0},"south":{"uv":[9.0,4.25,9.125,4.375],"rotation":0,"texture":"#0","tintindex":0},"north":{"uv":[8.8125,4.875,8.9375,5.0],"rotation":0,"texture":"#0","tintindex":0},"west":{"uv":[7.5,1.0625,7.6875,1.1875],"rotation":0,"texture":"#0","tintindex":0},"up":{"uv":[1.75,9.1875,1.625,9.0],"rotation":0,"texture":"#0","tintindex":0},"down":{"uv":[10.25,5.0625,10.125,5.25],"rotation":0,"texture":"#0","tintindex":0}}},{"from":[9.941988,5.2161,9.927764],"to":[11.656274,6.930386,12.213478],"rotation":{"angle":-22.5,"axis":"y","origin":[21.227703,5.930386,6.6420493]},"faces":{"east":{"uv":[10.0625,7.0,10.3125,7.1875],"rotation":0,"texture":"#0","tintindex":0},"south":{"uv":[10.125,4.25,10.3125,4.4375],"rotation":0,"texture":"#0","tintindex":0},"north":{"uv":[4.125,10.125,4.3125,10.3125],"rotation":0,"texture":"#0","tintindex":0},"west":{"uv":[10.0625,7.1875,10.3125,7.375],"rotation":0,"texture":"#0","tintindex":0},"up":{"uv":[8.3125,10.3125,8.125,10.0625],"rotation":0,"texture":"#0","tintindex":0},"down":{"uv":[9.3125,10.0625,9.125,10.3125],"rotation":0,"texture":"#0","tintindex":0}}},{"from":[10.684845,5.2161,8.213478],"to":[11.827702,6.3589573,9.927764],"rotation":{"angle":-22.5,"axis":"y","origin":[21.227703,5.930386,5.499192]},"faces":{"east":{"uv":[7.6875,2.3125,7.875,2.4375],"rotation":0,"texture":"#0","tintindex":0},"south":{"uv":[9.125,4.25,9.25,4.375],"rotation":0,"texture":"#0","tintindex":0},"north":{"uv":[9.0,8.375,9.125,8.5],"rotation":0,"texture":"#0","tintindex":0},"west":{"uv":[8.4375,6.9375,8.625,7.0625],"rotation":0,"texture":"#0","tintindex":0},"up":{"uv":[5.4375,10.3125,5.3125,10.125],"rotation":0,"texture":"#0","tintindex":0},"down":{"uv":[5.5625,10.125,5.4375,10.3125],"rotation":0,"texture":"#0","tintindex":0}}}],"display":{"head":{"translation":[0.0,-6.4,0.0],"scale":[4.0,4.0,4.0]}}}