{"textures":{"0":"modelengine:entity/parasaur"},"elements":[{"from":[7.802142,6.8953967,1.0209136],"to":[9.44957,8.642683,3.2829862],"rotation":{"angle":0.0,"axis":"y","origin":[8.625855,7.8519025,2.190587]},"faces":{"east":{"uv":[10.0,5.8125,10.25,6.0],"rotation":0,"texture":"#0","tintindex":0},"south":{"uv":[6.6875,9.375,6.875,9.5625],"rotation":0,"texture":"#0","tintindex":0},"north":{"uv":[6.25,1.8125,6.4375,2.0],"rotation":0,"texture":"#0","tintindex":0},"west":{"uv":[10.0,6.0,10.25,6.1875],"rotation":0,"texture":"#0","tintindex":0},"up":{"uv":[8.125,10.25,7.9375,10.0],"rotation":0,"texture":"#0","tintindex":0},"down":{"uv":[9.125,10.0,8.9375,10.25],"rotation":0,"texture":"#0","tintindex":0}}},{"from":[7.3350058,6.6918383,2.8053093],"to":[9.621794,8.509238,5.9127235],"rotation":{"angle":0.0,"axis":"y","origin":[8.2095995,7.6443887,8.372056]},"faces":{"east":{"uv":[9.9375,2.625,10.25,2.8125],"rotation":0,"texture":"#0","tintindex":0},"south":{"uv":[10.0,10.0,10.25,10.1875],"rotation":0,"texture":"#0","tintindex":0},"north":{"uv":[10.0,9.8125,10.25,10.0],"rotation":0,"texture":"#0","tintindex":0},"west":{"uv":[9.9375,2.8125,10.25,3.0],"rotation":0,"texture":"#0","tintindex":0},"up":{"uv":[10.125,2.625,9.875,2.3125],"rotation":0,"texture":"#0","tintindex":0},"down":{"uv":[10.125,4.375,9.875,4.6875],"rotation":0,"texture":"#0","tintindex":0}}},{"from":[7.7921486,5.548981,4.519595],"to":[9.507507,7.366381,7.6270094],"rotation":{"angle":0.0,"axis":"y","origin":[8.2095995,7.6443887,8.372056]},"faces":{"east":{"uv":[3.125,9.9375,3.4375,10.125],"rotation":0,"texture":"#0","tintindex":0},"south":{"uv":[1.5625,10.125,1.75,10.3125],"rotation":0,"texture":"#0","tintindex":0},"north":{"uv":[10.0625,8.1875,10.25,8.375],"rotation":0,"texture":"#0","tintindex":0},"west":{"uv":[3.4375,9.9375,3.75,10.125],"rotation":0,"texture":"#0","tintindex":0},"up":{"uv":[3.9375,10.25,3.75,9.9375],"rotation":0,"texture":"#0","tintindex":0},"down":{"uv":[10.125,3.75,9.9375,4.0625],"rotation":0,"texture":"#0","tintindex":0}}},{"from":[7.431006,8.035838,3.2853093],"to":[7.797793,9.853238,5.9127235],"rotation":{"angle":0.0,"axis":"y","origin":[8.2095995,7.6443887,8.372056]},"faces":{"east":{"uv":[9.9375,4.0625,10.25,4.25],"rotation":0,"texture":"#0","tintindex":0},"south":{"uv":[5.0,3.125,5.0625,3.3125],"rotation":0,"texture":"#0","tintindex":0},"north":{"uv":[4.5625,2.0625,4.625,2.25],"rotation":0,"texture":"#0","tintindex":0},"west":{"uv":[4.375,9.9375,4.6875,10.125],"rotation":0,"texture":"#0","tintindex":0},"up":{"uv":[0.9375,5.3125,0.875,5.0],"rotation":0,"texture":"#0","tintindex":0},"down":{"uv":[0.9375,5.3125,0.875,5.625],"rotation":0,"texture":"#0","tintindex":0}}},{"from":[9.145291,8.035838,3.2853093],"to":[9.512079,9.853238,5.9127235],"rotation":{"angle":0.0,"axis":"y","origin":[8.2095995,7.6443887,8.372056]},"faces":{"east":{"uv":[9.9375,4.0625,10.25,4.25],"rotation":0,"texture":"#0","tintindex":0},"south":{"uv":[5.0,3.125,5.0625,3.3125],"rotation":0,"texture":"#0","tintindex":0},"north":{"uv":[4.5625,2.0625,4.625,2.25],"rotation":0,"texture":"#0","tintindex":0},"west":{"uv":[4.375,9.9375,4.6875,10.125],"rotation":0,"texture":"#0","tintindex":0},"up":{"uv":[0.9375,5.3125,0.875,5.0],"rotation":0,"texture":"#0","tintindex":0},"down":{"uv":[0.9375,5.3125,0.875,5.625],"rotation":0,"texture":"#0","tintindex":0}}},{"from":[6.8952346,6.0347066,4.35137],"to":[10.17585,9.292111,8.05398],"rotation":{"angle":22.5,"axis":"x","origin":[7.9983997,5.5697904,6.531145]},"faces":{"east":{"uv":[8.625,1.9375,9.0,2.3125],"rotation":0,"texture":"#0","tintindex":0},"south":{"uv":[9.5625,6.375,9.875,6.75],"rotation":0,"texture":"#0","tintindex":0},"north":{"uv":[5.3125,9.5625,5.625,9.9375],"rotation":0,"texture":"#0","tintindex":0},"west":{"uv":[9.3125,1.9375,9.6875,2.3125],"rotation":0,"texture":"#0","tintindex":0},"up":{"uv":[7.0,9.9375,6.6875,9.5625],"rotation":0,"texture":"#0","tintindex":0},"down":{"uv":[9.875,6.75,9.5625,7.125],"rotation":0,"texture":"#0","tintindex":0}}},{"from":[7.968606,7.0242796,6.9375496],"to":[8.9881935,9.686484,9.62256],"rotation":{"angle":-22.5,"axis":"x","origin":[7.9983997,8.177151,8.516425]},"faces":{"east":{"uv":[7.4375,9.625,7.75,9.9375],"rotation":0,"texture":"#0","tintindex":0},"south":{"uv":[4.5,9.375,4.625,9.6875],"rotation":0,"texture":"#0","tintindex":0},"north":{"uv":[7.4375,8.375,7.5625,8.6875],"rotation":0,"texture":"#0","tintindex":0},"west":{"uv":[9.625,7.6875,9.9375,8.0],"rotation":0,"texture":"#0","tintindex":0},"up":{"uv":[8.4375,10.375,8.3125,10.0625],"rotation":0,"texture":"#0","tintindex":0},"down":{"uv":[9.75,10.0625,9.625,10.375],"rotation":0,"texture":"#0","tintindex":0}}}],"display":{"head":{"translation":[0.0,-6.4,0.0],"scale":[4.0,4.0,4.0]}}}