{"textures":{"0":"modelengine:entity/parasaur"},"elements":[{"from":[7.414659,8.062582,8.081728],"to":[8.724949,11.971543,10.315418],"rotation":{"angle":-22.5,"axis":"x","origin":[8.0,9.714286,6.857143]},"faces":{"east":{"uv":[9.625,4.375,9.875,4.8125],"rotation":0,"texture":"#0","tintindex":0},"south":{"uv":[8.5625,3.4375,8.6875,3.875],"rotation":0,"texture":"#0","tintindex":0},"north":{"uv":[6.1875,6.8125,6.3125,7.25],"rotation":0,"texture":"#0","tintindex":0},"west":{"uv":[9.625,5.5,9.875,5.9375],"rotation":0,"texture":"#0","tintindex":0},"up":{"uv":[8.9375,3.0625,8.8125,2.8125],"rotation":0,"texture":"#0","tintindex":0},"down":{"uv":[5.75,9.0,5.625,9.25],"rotation":0,"texture":"#0","tintindex":0}}},{"from":[6.7132807,6.963417,5.788896],"to":[9.375688,12.00223,9.12643],"rotation":{"angle":-22.5,"axis":"x","origin":[8.0,9.714286,6.857143]},"faces":{"east":{"uv":[0.5,9.0625,0.875,9.625],"rotation":0,"texture":"#0","tintindex":0},"south":{"uv":[0.0,9.3125,0.3125,9.875],"rotation":0,"texture":"#0","tintindex":0},"north":{"uv":[5.625,9.25,5.9375,9.8125],"rotation":0,"texture":"#0","tintindex":0},"west":{"uv":[2.0625,9.0625,2.4375,9.625],"rotation":0,"texture":"#0","tintindex":0},"up":{"uv":[0.8125,10.0,0.5,9.625],"rotation":0,"texture":"#0","tintindex":0},"down":{"uv":[9.9375,1.375,9.625,1.75],"rotation":0,"texture":"#0","tintindex":0}}},{"from":[7.470368,6.9378166,5.046872],"to":[8.57252,11.885201,7.2805667],"rotation":{"angle":-22.5,"axis":"x","origin":[8.0,9.714286,6.857143]},"faces":{"east":{"uv":[6.4375,2.4375,6.6875,3.0],"rotation":0,"texture":"#0","tintindex":0},"south":{"uv":[5.625,8.4375,5.75,9.0],"rotation":0,"texture":"#0","tintindex":0},"north":{"uv":[4.5,1.5,4.625,2.0625],"rotation":0,"texture":"#0","tintindex":0},"west":{"uv":[9.5,0.5,9.75,1.0625],"rotation":0,"texture":"#0","tintindex":0},"up":{"uv":[3.75,10.375,3.625,10.125],"rotation":0,"texture":"#0","tintindex":0},"down":{"uv":[10.25,4.8125,10.125,5.0625],"rotation":0,"texture":"#0","tintindex":0}}}],"display":{"head":{"translation":[0.0,-6.4,0.0],"scale":[4.0,4.0,4.0]}}}