{"textures":{"0":"modelengine:entity/parasaur"},"elements":[{"from":[4.9059215,4.8917437,4.963887],"to":[11.065099,10.733373,10.075315],"rotation":{"angle":22.5,"axis":"x","origin":[7.9855103,9.491943,8.738784]},"faces":{"east":{"uv":[0.5,8.4375,1.0625,9.0625],"rotation":0,"texture":"#0","tintindex":0},"south":{"uv":[7.8125,0.0,8.5,0.625],"rotation":0,"texture":"#0","tintindex":0},"north":{"uv":[3.8125,1.5,4.5,2.125],"rotation":0,"texture":"#0","tintindex":0},"west":{"uv":[2.0625,8.4375,2.625,9.0625],"rotation":0,"texture":"#0","tintindex":0},"up":{"uv":[8.5625,4.0,7.875,3.4375],"rotation":0,"texture":"#0","tintindex":0},"down":{"uv":[5.75,7.875,5.0625,8.4375],"rotation":0,"texture":"#0","tintindex":0}}},{"from":[6.572653,3.6178293,4.768304],"to":[9.398367,7.9990525,11.340138],"rotation":{"angle":22.5,"axis":"x","origin":[7.9855103,4.9321947,7.6891212]},"faces":{"east":{"uv":[2.0625,7.9375,2.8125,8.4375],"rotation":0,"texture":"#0","tintindex":0},"south":{"uv":[9.4375,2.75,9.75,3.25],"rotation":0,"texture":"#0","tintindex":0},"north":{"uv":[9.375,8.9375,9.6875,9.4375],"rotation":0,"texture":"#0","tintindex":0},"west":{"uv":[3.875,7.9375,4.625,8.4375],"rotation":0,"texture":"#0","tintindex":0},"up":{"uv":[3.8125,9.6875,3.5,8.9375],"rotation":0,"texture":"#0","tintindex":0},"down":{"uv":[4.9375,8.9375,4.625,9.6875],"rotation":0,"texture":"#0","tintindex":0}}},{"from":[6.837394,9.428467,3.7464428],"to":[9.290881,13.988802,8.040038],"rotation":{"angle":22.5,"axis":"x","origin":[8.064136,12.588748,4.6051626]},"faces":{"east":{"uv":[0.0,8.8125,0.5,9.3125],"rotation":0,"texture":"#0","tintindex":0},"south":{"uv":[8.0,9.5,8.25,10.0],"rotation":0,"texture":"#0","tintindex":0},"north":{"uv":[8.1875,7.4375,8.4375,7.9375],"rotation":0,"texture":"#0","tintindex":0},"west":{"uv":[8.9375,2.8125,9.4375,3.3125],"rotation":0,"texture":"#0","tintindex":0},"up":{"uv":[9.75,8.875,9.5,8.375],"rotation":0,"texture":"#0","tintindex":0},"down":{"uv":[9.1875,9.5,8.9375,10.0],"rotation":0,"texture":"#0","tintindex":0}}},{"from":[5.9117527,8.996594,1.3285093],"to":[9.909836,12.763487,6.286593],"rotation":{"angle":45.0,"axis":"x","origin":[7.9882617,10.889486,3.0865865]},"faces":{"east":{"uv":[8.9375,4.875,9.5,5.3125],"rotation":0,"texture":"#0","tintindex":0},"south":{"uv":[1.625,9.1875,2.0625,9.625],"rotation":0,"texture":"#0","tintindex":0},"north":{"uv":[9.0625,2.3125,9.5,2.75],"rotation":0,"texture":"#0","tintindex":0},"west":{"uv":[8.9375,8.5,9.5,8.9375],"rotation":0,"texture":"#0","tintindex":0},"up":{"uv":[8.4375,9.5,8.0,8.9375],"rotation":0,"texture":"#0","tintindex":0},"down":{"uv":[9.375,8.9375,8.9375,9.5],"rotation":0,"texture":"#0","tintindex":0}}},{"from":[7.1499643,8.363325,1.4583979],"to":[8.900196,10.270939,5.936481],"rotation":{"angle":45.0,"axis":"x","origin":[7.9882617,10.889486,3.0865865]},"faces":{"east":{"uv":[9.75,0.6875,10.25,0.875],"rotation":0,"texture":"#0","tintindex":0},"south":{"uv":[3.0625,10.125,3.25,10.3125],"rotation":0,"texture":"#0","tintindex":0},"north":{"uv":[10.125,2.3125,10.3125,2.5],"rotation":0,"texture":"#0","tintindex":0},"west":{"uv":[9.75,0.875,10.25,1.0625],"rotation":0,"texture":"#0","tintindex":0},"up":{"uv":[9.9375,8.875,9.75,8.375],"rotation":0,"texture":"#0","tintindex":0},"down":{"uv":[10.0,0.0,9.8125,0.5],"rotation":0,"texture":"#0","tintindex":0}}},{"from":[7.1360936,11.6040325,1.3625703],"to":[8.995374,13.603075,5.7008924],"rotation":{"angle":45.0,"axis":"x","origin":[7.9882617,10.889486,3.0865865]},"faces":{"east":{"uv":[9.3125,8.0,9.8125,8.1875],"rotation":0,"texture":"#0","tintindex":0},"south":{"uv":[1.9375,10.125,2.125,10.3125],"rotation":0,"texture":"#0","tintindex":0},"north":{"uv":[1.75,10.125,1.9375,10.3125],"rotation":0,"texture":"#0","tintindex":0},"west":{"uv":[9.75,0.5,10.25,0.6875],"rotation":0,"texture":"#0","tintindex":0},"up":{"uv":[9.9375,3.125,9.75,2.625],"rotation":0,"texture":"#0","tintindex":0},"down":{"uv":[7.9375,9.75,7.75,10.25],"rotation":0,"texture":"#0","tintindex":0}}}],"display":{"head":{"translation":[0.0,-6.4,0.0],"scale":[4.0,4.0,4.0]}}}