{"textures":{"0":"modelengine:entity/parasaur"},"elements":[{"from":[6.5714283,6.4415956,5.12731],"to":[9.428572,11.013024,10.270167],"rotation":{"angle":-45.0,"axis":"x","origin":[8.0,8.72731,8.72731]},"faces":{"east":{"uv":[9.3125,5.875,8.75,6.375],"rotation":0,"texture":"#0","tintindex":0},"south":{"uv":[9.8125,0.0,9.5,0.5],"rotation":0,"texture":"#0","tintindex":0},"north":{"uv":[9.6875,9.4375,9.375,9.9375],"rotation":0,"texture":"#0","tintindex":0},"west":{"uv":[9.25,4.375,8.6875,4.875],"rotation":0,"texture":"#0","tintindex":0},"up":{"uv":[9.3125,7.9375,9.625,7.375],"rotation":0,"texture":"#0","tintindex":0},"down":{"uv":[3.8125,9.375,4.125,9.9375],"rotation":0,"texture":"#0","tintindex":0}}},{"from":[6.885714,1.413024,7.355881],"to":[9.171429,8.270167,10.213024],"rotation":{"angle":-45.0,"axis":"x","origin":[8.171429,7.12731,9.070168]},"faces":{"east":{"uv":[9.3125,7.4375,9.0,8.1875],"rotation":0,"texture":"#0","tintindex":0},"south":{"uv":[9.5,0.625,9.25,1.375],"rotation":0,"texture":"#0","tintindex":0},"north":{"uv":[3.4375,9.1875,3.1875,9.9375],"rotation":0,"texture":"#0","tintindex":0},"west":{"uv":[9.3125,1.5625,9.0,2.3125],"rotation":0,"texture":"#0","tintindex":0},"up":{"uv":[9.875,5.0,10.125,4.6875],"rotation":0,"texture":"#0","tintindex":0},"down":{"uv":[4.875,9.875,5.125,10.1875],"rotation":0,"texture":"#0","tintindex":0}}}],"display":{"head":{"translation":[0.0,-6.4,0.0],"scale":[4.0,4.0,4.0]}}}