{"textures":{"0":"modelengine:entity/parasaur"},"elements":[{"from":[7.142857,3.1634507,6.904061],"to":[8.857143,8.306308,8.618347],"rotation":{"angle":22.5,"axis":"x","origin":[8.0,7.428571,8.571428]},"faces":{"east":{"uv":[9.8125,7.125,9.625,7.6875],"rotation":0,"texture":"#0","tintindex":0},"south":{"uv":[9.375,9.5,9.1875,10.0625],"rotation":0,"texture":"#0","tintindex":0},"north":{"uv":[7.5625,6.6875,7.375,7.25],"rotation":0,"texture":"#0","tintindex":0},"west":{"uv":[8.4375,9.5,8.25,10.0625],"rotation":0,"texture":"#0","tintindex":0},"up":{"uv":[4.5,10.3125,4.6875,10.125],"rotation":0,"texture":"#0","tintindex":0},"down":{"uv":[10.125,4.625,10.3125,4.8125],"rotation":0,"texture":"#0","tintindex":0}}}],"display":{"head":{"translation":[0.0,-6.4,0.0],"scale":[4.0,4.0,4.0]}}}