{"textures":{"0":"modelengine:entity/parasaur"},"elements":[{"from":[6.279656,-1.6731062,3.3147902],"to":[9.708227,12.04118,10.743362],"rotation":{"angle":22.5,"axis":"x","origin":[7.993942,5.7554655,8.457648]},"faces":{"east":{"uv":[5.0625,3.3125,4.25,4.8125],"rotation":0,"texture":"#0","tintindex":0},"south":{"uv":[3.1875,7.0,2.8125,8.5],"rotation":0,"texture":"#0","tintindex":0},"north":{"uv":[6.1875,6.8125,5.8125,8.3125],"rotation":0,"texture":"#0","tintindex":0},"west":{"uv":[4.625,0.0,3.8125,1.5],"rotation":0,"texture":"#0","tintindex":0},"up":{"uv":[6.125,9.375,6.5,8.5625],"rotation":0,"texture":"#0","tintindex":0},"down":{"uv":[6.5,8.5625,6.875,9.375],"rotation":0,"texture":"#0","tintindex":0}}},{"from":[6.422513,-1.6976042,7.569418],"to":[9.279656,8.58811,12.712275],"rotation":{"angle":45.0,"axis":"x","origin":[7.708227,3.445253,12.712275]},"faces":{"east":{"uv":[4.4375,6.75,3.875,7.875],"rotation":0,"texture":"#0","tintindex":0},"south":{"uv":[5.625,8.4375,5.3125,9.5625],"rotation":0,"texture":"#0","tintindex":0},"north":{"uv":[5.3125,8.4375,5.0,9.5625],"rotation":0,"texture":"#0","tintindex":0},"west":{"uv":[3.875,6.75,3.3125,7.875],"rotation":0,"texture":"#0","tintindex":0},"up":{"uv":[9.3125,1.9375,9.625,1.375],"rotation":0,"texture":"#0","tintindex":0},"down":{"uv":[9.3125,5.5,9.625,6.0625],"rotation":0,"texture":"#0","tintindex":0}}}],"display":{"head":{"translation":[0.0,-6.4,0.0],"scale":[4.0,4.0,4.0]}}}