{"textures":{"0":"modelengine:entity/parasaur"},"elements":[{"from":[6.5437264,6.167905,6.502776],"to":[9.400869,7.8821907,9.359919],"rotation":{"angle":-22.5,"axis":"x","origin":[7.972298,7.862234,8.325203]},"faces":{"east":{"uv":[10.25,7.625,9.9375,7.8125],"rotation":0,"texture":"#0","tintindex":0},"south":{"uv":[7.75,9.9375,7.4375,10.125],"rotation":0,"texture":"#0","tintindex":0},"north":{"uv":[5.625,9.9375,5.3125,10.125],"rotation":0,"texture":"#0","tintindex":0},"west":{"uv":[7.0,9.9375,6.6875,10.125],"rotation":0,"texture":"#0","tintindex":0},"up":{"uv":[9.6875,2.0625,10.0,1.75],"rotation":0,"texture":"#0","tintindex":0},"down":{"uv":[2.3125,9.6875,2.625,10.0],"rotation":0,"texture":"#0","tintindex":0}}},{"from":[7.4008694,7.3082013,6.98721],"to":[8.543727,8.451058,8.701495],"rotation":{"angle":0.0,"axis":"y","origin":[7.972298,7.862234,8.325203]},"faces":{"east":{"uv":[5.9375,3.0,5.75,3.125],"rotation":0,"texture":"#0","tintindex":0},"south":{"uv":[8.6875,3.875,8.5625,4.0],"rotation":0,"texture":"#0","tintindex":0},"north":{"uv":[6.4375,4.0625,6.3125,4.1875],"rotation":0,"texture":"#0","tintindex":0},"west":{"uv":[5.75,3.0,5.5625,3.125],"rotation":0,"texture":"#0","tintindex":0},"up":{"uv":[3.6875,1.1875,3.8125,1.0],"rotation":0,"texture":"#0","tintindex":0},"down":{"uv":[0.9375,4.6875,1.0625,4.875],"rotation":0,"texture":"#0","tintindex":0}}},{"from":[7.143727,5.1589575,5.3563347],"to":[8.858012,6.8732433,7.6420493],"rotation":{"angle":0.0,"axis":"y","origin":[7.972298,7.862234,8.325203]},"faces":{"east":{"uv":[1.5625,10.0625,1.3125,10.25],"rotation":0,"texture":"#0","tintindex":0},"south":{"uv":[3.625,10.125,3.4375,10.3125],"rotation":0,"texture":"#0","tintindex":0},"north":{"uv":[3.4375,10.125,3.25,10.3125],"rotation":0,"texture":"#0","tintindex":0},"west":{"uv":[1.0,10.0625,0.75,10.25],"rotation":0,"texture":"#0","tintindex":0},"up":{"uv":[10.0625,2.3125,10.25,2.0625],"rotation":0,"texture":"#0","tintindex":0},"down":{"uv":[2.625,10.0625,2.8125,10.3125],"rotation":0,"texture":"#0","tintindex":0}}},{"from":[7.4865837,5.1589575,3.6420488],"to":[8.629441,6.3018146,5.3563347],"rotation":{"angle":0.0,"axis":"y","origin":[7.972298,7.862234,8.325203]},"faces":{"east":{"uv":[6.3125,4.0625,6.125,4.1875],"rotation":0,"texture":"#0","tintindex":0},"south":{"uv":[8.8125,4.875,8.6875,5.0],"rotation":0,"texture":"#0","tintindex":0},"north":{"uv":[8.75,6.9375,8.625,7.0625],"rotation":0,"texture":"#0","tintindex":0},"west":{"uv":[6.125,4.0625,5.9375,4.1875],"rotation":0,"texture":"#0","tintindex":0},"up":{"uv":[6.5625,1.0,6.6875,0.8125],"rotation":0,"texture":"#0","tintindex":0},"down":{"uv":[1.0625,8.4375,1.1875,8.625],"rotation":0,"texture":"#0","tintindex":0}}},{"from":[8.213132,5.2161,4.8935556],"to":[9.927418,6.930386,7.1792703],"rotation":{"angle":-22.5,"axis":"y","origin":[7.972298,7.862234,8.325203]},"faces":{"east":{"uv":[10.3125,3.0,10.0625,3.1875],"rotation":0,"texture":"#0","tintindex":0},"south":{"uv":[10.3125,3.875,10.125,4.0625],"rotation":0,"texture":"#0","tintindex":0},"north":{"uv":[10.3125,3.6875,10.125,3.875],"rotation":0,"texture":"#0","tintindex":0},"west":{"uv":[3.0625,10.0625,2.8125,10.25],"rotation":0,"texture":"#0","tintindex":0},"up":{"uv":[10.0625,3.4375,10.25,3.1875],"rotation":0,"texture":"#0","tintindex":0},"down":{"uv":[10.0625,3.4375,10.25,3.6875],"rotation":0,"texture":"#0","tintindex":0}}},{"from":[8.555988,5.2161,3.1792698],"to":[9.698846,6.3589573,4.8935556],"rotation":{"angle":-22.5,"axis":"y","origin":[7.972298,7.862234,8.325203]},"faces":{"east":{"uv":[7.6875,1.0625,7.5,1.1875],"rotation":0,"texture":"#0","tintindex":0},"south":{"uv":[9.125,4.25,9.0,4.375],"rotation":0,"texture":"#0","tintindex":0},"north":{"uv":[8.9375,4.875,8.8125,5.0],"rotation":0,"texture":"#0","tintindex":0},"west":{"uv":[7.5,1.0625,7.3125,1.1875],"rotation":0,"texture":"#0","tintindex":0},"up":{"uv":[1.625,9.1875,1.75,9.0],"rotation":0,"texture":"#0","tintindex":0},"down":{"uv":[10.125,5.0625,10.25,5.25],"rotation":0,"texture":"#0","tintindex":0}}},{"from":[5.9926314,5.2161,5.004464],"to":[7.7069173,6.930386,7.290179],"rotation":{"angle":22.5,"axis":"y","origin":[7.972298,7.862234,8.325203]},"faces":{"east":{"uv":[10.3125,7.1875,10.0625,7.375],"rotation":0,"texture":"#0","tintindex":0},"south":{"uv":[10.3125,4.25,10.125,4.4375],"rotation":0,"texture":"#0","tintindex":0},"north":{"uv":[4.3125,10.125,4.125,10.3125],"rotation":0,"texture":"#0","tintindex":0},"west":{"uv":[10.3125,7.0,10.0625,7.1875],"rotation":0,"texture":"#0","tintindex":0},"up":{"uv":[8.125,10.3125,8.3125,10.0625],"rotation":0,"texture":"#0","tintindex":0},"down":{"uv":[9.125,10.0625,9.3125,10.3125],"rotation":0,"texture":"#0","tintindex":0}}},{"from":[6.2585554,5.2161,3.3771734],"to":[7.401413,6.3589573,5.0914593],"rotation":{"angle":22.5,"axis":"y","origin":[7.972298,7.862234,8.325203]},"faces":{"east":{"uv":[8.625,6.9375,8.4375,7.0625],"rotation":0,"texture":"#0","tintindex":0},"south":{"uv":[9.25,4.25,9.125,4.375],"rotation":0,"texture":"#0","tintindex":0},"north":{"uv":[9.125,8.375,9.0,8.5],"rotation":0,"texture":"#0","tintindex":0},"west":{"uv":[7.875,2.3125,7.6875,2.4375],"rotation":0,"texture":"#0","tintindex":0},"up":{"uv":[5.3125,10.3125,5.4375,10.125],"rotation":0,"texture":"#0","tintindex":0},"down":{"uv":[5.4375,10.125,5.5625,10.3125],"rotation":0,"texture":"#0","tintindex":0}}}],"display":{"head":{"translation":[0.0,-6.4,0.0],"scale":[4.0,4.0,4.0]}}}