{"textures":{"0":"modelengine:entity/parasaur"},"elements":[{"from":[7.115155,0.71937656,4.953774],"to":[8.829441,9.290806,7.810917],"rotation":{"angle":22.5,"axis":"x","origin":[7.972298,3.2908049,6.6109166]},"faces":{"east":{"uv":[9.0,1.0,8.6875,1.9375],"rotation":0,"texture":"#0","tintindex":0},"south":{"uv":[0.5,9.3125,0.3125,10.25],"rotation":0,"texture":"#0","tintindex":0},"north":{"uv":[6.125,9.25,5.9375,10.1875],"rotation":0,"texture":"#0","tintindex":0},"west":{"uv":[1.625,8.625,1.3125,9.5625],"rotation":0,"texture":"#0","tintindex":0},"up":{"uv":[3.9375,10.25,4.125,9.9375],"rotation":0,"texture":"#0","tintindex":0},"down":{"uv":[4.6875,9.9375,4.875,10.25],"rotation":0,"texture":"#0","tintindex":0}}}],"display":{"head":{"translation":[0.0,-6.4,0.0],"scale":[4.0,4.0,4.0]}}}