{"textures":{"0":"modelengine:entity/parasaur"},"elements":[{"from":[6.6571426,4.911303,7.3808365],"to":[8.942857,7.768446,8.523694],"rotation":{"angle":45.0,"axis":"x","origin":[7.8,7.876989,7.8199654]},"faces":{"east":{"uv":[10.0,10.0625,9.875,10.375],"rotation":0,"texture":"#0","tintindex":0},"south":{"uv":[10.125,5.5,9.875,5.8125],"rotation":0,"texture":"#0","tintindex":0},"north":{"uv":[10.125,5.0,9.875,5.3125],"rotation":0,"texture":"#0","tintindex":0},"west":{"uv":[9.875,10.0625,9.75,10.375],"rotation":0,"texture":"#0","tintindex":0},"up":{"uv":[3.9375,3.4375,4.1875,3.3125],"rotation":0,"texture":"#0","tintindex":0},"down":{"uv":[4.3125,2.125,4.5625,2.25],"rotation":0,"texture":"#0","tintindex":0}}}],"display":{"head":{"translation":[0.0,-6.4,0.0],"scale":[4.0,4.0,4.0]}}}