{"textures":{"0":"modelengine:entity/parasaur"},"elements":[{"from":[5.0771427,2.2071428,6.607],"to":[10.922857,11.241428,16.704144],"rotation":{"angle":0.0,"axis":"y","origin":[8.265715,6.99,8.732715]},"faces":{"east":{"uv":[2.625,1.1875,3.8125,2.25],"rotation":0,"texture":"#0","tintindex":0},"south":{"uv":[6.6875,2.4375,7.375,3.5],"rotation":0,"texture":"#0","tintindex":0},"north":{"uv":[6.4375,5.0,7.125,6.0625],"rotation":0,"texture":"#0","tintindex":0},"west":{"uv":[3.4375,2.25,4.625,3.3125],"rotation":0,"texture":"#0","tintindex":0},"up":{"uv":[5.25,7.0,4.5625,5.8125],"rotation":0,"texture":"#0","tintindex":0},"down":{"uv":[1.5625,5.875,0.875,7.0625],"rotation":0,"texture":"#0","tintindex":0}}},{"from":[5.342857,2.8979998,16.704144],"to":[10.657143,10.869429,23.612715],"rotation":{"angle":0.0,"axis":"y","origin":[8.265715,6.99,8.732715]},"faces":{"east":{"uv":[0.0,6.0625,0.8125,7.0],"rotation":0,"texture":"#0","tintindex":0},"south":{"uv":[4.4375,7.0,5.0625,7.9375],"rotation":0,"texture":"#0","tintindex":0},"north":{"uv":[2.1875,7.0,2.8125,7.9375],"rotation":0,"texture":"#0","tintindex":0},"west":{"uv":[6.4375,4.0625,7.25,5.0],"rotation":0,"texture":"#0","tintindex":0},"up":{"uv":[8.1875,7.9375,7.5625,7.125],"rotation":0,"texture":"#0","tintindex":0},"down":{"uv":[1.1875,7.625,0.5625,8.4375],"rotation":0,"texture":"#0","tintindex":0}}},{"from":[6.6714287,1.4631429,8.201285],"to":[9.328571,12.623143,16.172714],"rotation":{"angle":0.0,"axis":"y","origin":[8.0,1.5162854,10.061286]},"faces":{"east":{"uv":[1.0625,3.5625,2.0,4.875],"rotation":0,"texture":"#0","tintindex":0},"south":{"uv":[3.1875,7.875,3.5,9.1875],"rotation":0,"texture":"#0","tintindex":0},"north":{"uv":[1.75,7.875,2.0625,9.1875],"rotation":0,"texture":"#0","tintindex":0},"west":{"uv":[0.0,3.6875,0.9375,5.0],"rotation":0,"texture":"#0","tintindex":0},"up":{"uv":[9.0,4.375,8.6875,3.4375],"rotation":0,"texture":"#0","tintindex":0},"down":{"uv":[7.75,8.6875,7.4375,9.625],"rotation":0,"texture":"#0","tintindex":0}}},{"from":[6.937143,1.728857,16.544716],"to":[9.062857,11.826,23.453285],"rotation":{"angle":0.0,"axis":"y","origin":[8.0,1.5162854,10.061286]},"faces":{"east":{"uv":[2.9375,4.75,3.75,5.9375],"rotation":0,"texture":"#0","tintindex":0},"south":{"uv":[1.0625,8.625,1.3125,9.8125],"rotation":0,"texture":"#0","tintindex":0},"north":{"uv":[1.0625,2.375,1.3125,3.5625],"rotation":0,"texture":"#0","tintindex":0},"west":{"uv":[3.75,4.8125,4.5625,6.0],"rotation":0,"texture":"#0","tintindex":0},"up":{"uv":[8.6875,9.9375,8.4375,9.125],"rotation":0,"texture":"#0","tintindex":0},"down":{"uv":[8.9375,9.125,8.6875,9.9375],"rotation":0,"texture":"#0","tintindex":0}}}],"display":{"head":{"translation":[0.0,-6.4,0.0],"scale":[4.0,4.0,4.0]}}}