{"textures":{"0":"modelengine:entity/parasaur"},"elements":[{"from":[5.608571,6.155685,7.218909],"to":[10.391429,12.532828,16.253195],"rotation":{"angle":0.0,"axis":"y","origin":[8.265715,9.503685,8.281766]},"faces":{"east":{"uv":[3.3125,6.0,4.375,6.75],"rotation":0,"texture":"#0","tintindex":0},"south":{"uv":[7.875,2.3125,8.4375,3.0625],"rotation":0,"texture":"#0","tintindex":0},"north":{"uv":[1.1875,7.875,1.75,8.625],"rotation":0,"texture":"#0","tintindex":0},"west":{"uv":[5.25,6.0625,6.3125,6.8125],"rotation":0,"texture":"#0","tintindex":0},"up":{"uv":[5.8125,7.875,5.25,6.8125],"rotation":0,"texture":"#0","tintindex":0},"down":{"uv":[0.5625,7.0,0.0,8.0625],"rotation":0,"texture":"#0","tintindex":0}}},{"from":[7.202857,4.8802567,7.750337],"to":[8.797143,13.383114,15.7217655],"rotation":{"angle":0.0,"axis":"y","origin":[8.0,4.029971,9.610337]},"faces":{"east":{"uv":[4.5625,4.8125,5.5,5.8125],"rotation":0,"texture":"#0","tintindex":0},"south":{"uv":[0.875,9.0625,1.0625,10.0625],"rotation":0,"texture":"#0","tintindex":0},"north":{"uv":[6.875,8.5625,7.0625,9.5625],"rotation":0,"texture":"#0","tintindex":0},"west":{"uv":[0.9375,4.875,1.875,5.875],"rotation":0,"texture":"#0","tintindex":0},"up":{"uv":[7.25,10.25,7.0625,9.3125],"rotation":0,"texture":"#0","tintindex":0},"down":{"uv":[7.4375,9.3125,7.25,10.25],"rotation":0,"texture":"#0","tintindex":0}}},{"from":[7.4685717,5.836828,16.093765],"to":[8.531428,12.745399,24.596624],"rotation":{"angle":0.0,"axis":"y","origin":[8.0,4.029971,9.610337]},"faces":{"east":{"uv":[5.6875,1.0,6.6875,1.8125],"rotation":0,"texture":"#0","tintindex":0},"south":{"uv":[3.1875,7.0,3.3125,7.8125],"rotation":0,"texture":"#0","tintindex":0},"north":{"uv":[6.5625,0.0,6.6875,0.8125],"rotation":0,"texture":"#0","tintindex":0},"west":{"uv":[1.5625,5.875,2.5625,6.6875],"rotation":0,"texture":"#0","tintindex":0},"up":{"uv":[3.8125,1.0,3.6875,0.0],"rotation":0,"texture":"#0","tintindex":0},"down":{"uv":[1.0625,3.6875,0.9375,4.6875],"rotation":0,"texture":"#0","tintindex":0}}},{"from":[5.8742857,6.474542,16.253195],"to":[10.125714,11.788828,25.287481],"rotation":{"angle":0.0,"axis":"y","origin":[8.265715,9.503685,8.281766]},"faces":{"east":{"uv":[6.6875,1.1875,7.75,1.8125],"rotation":0,"texture":"#0","tintindex":0},"south":{"uv":[8.4375,8.5,8.9375,9.125],"rotation":0,"texture":"#0","tintindex":0},"north":{"uv":[2.625,8.5,3.125,9.125],"rotation":0,"texture":"#0","tintindex":0},"west":{"uv":[6.3125,6.6875,7.375,7.3125],"rotation":0,"texture":"#0","tintindex":0},"up":{"uv":[7.875,3.5,7.375,2.4375],"rotation":0,"texture":"#0","tintindex":0},"down":{"uv":[8.0625,6.0625,7.5625,7.125],"rotation":0,"texture":"#0","tintindex":0}}}],"display":{"head":{"translation":[0.0,-6.4,0.0],"scale":[4.0,4.0,4.0]}}}