{"textures":{"0":"modelengine:entity/parasaur"},"elements":[{"from":[6.405714,5.878857,7.9531426],"to":[9.594286,10.130285,16.987429],"rotation":{"angle":0.0,"axis":"y","origin":[8.265715,8.376572,-9.052572]},"faces":{"east":{"uv":[7.25,4.0,8.3125,4.5],"rotation":0,"texture":"#0","tintindex":0},"south":{"uv":[9.1875,6.875,9.5625,7.375],"rotation":0,"texture":"#0","tintindex":0},"north":{"uv":[9.1875,6.375,9.5625,6.875],"rotation":0,"texture":"#0","tintindex":0},"west":{"uv":[7.25,4.5,8.3125,5.0],"rotation":0,"texture":"#0","tintindex":0},"up":{"uv":[2.375,4.625,2.0,3.5625],"rotation":0,"texture":"#0","tintindex":0},"down":{"uv":[3.875,7.875,3.5,8.9375],"rotation":0,"texture":"#0","tintindex":0}}},{"from":[6.937143,6.622857,16.987429],"to":[9.062857,9.811429,26.021715],"rotation":{"angle":0.0,"axis":"y","origin":[8.265715,8.376572,-9.052572]},"faces":{"east":{"uv":[7.8125,0.625,8.875,1.0],"rotation":0,"texture":"#0","tintindex":0},"south":{"uv":[1.0625,9.8125,1.3125,10.1875],"rotation":0,"texture":"#0","tintindex":0},"north":{"uv":[9.75,5.9375,10.0,6.3125],"rotation":0,"texture":"#0","tintindex":0},"west":{"uv":[7.875,3.0625,8.9375,3.4375],"rotation":0,"texture":"#0","tintindex":0},"up":{"uv":[8.0,9.75,7.75,8.6875],"rotation":0,"texture":"#0","tintindex":0},"down":{"uv":[9.0,7.4375,8.75,8.5],"rotation":0,"texture":"#0","tintindex":0}}},{"from":[7.4685717,7.898286,8.059428],"to":[8.531428,11.086857,16.562286],"rotation":{"angle":0.0,"axis":"y","origin":[8.0,2.9028568,-7.724001]},"faces":{"east":{"uv":[8.125,5.5,9.125,5.875],"rotation":0,"texture":"#0","tintindex":0},"south":{"uv":[8.875,0.625,9.0,1.0],"rotation":0,"texture":"#0","tintindex":0},"north":{"uv":[1.625,8.625,1.75,9.0],"rotation":0,"texture":"#0","tintindex":0},"west":{"uv":[8.1875,7.0625,9.1875,7.4375],"rotation":0,"texture":"#0","tintindex":0},"up":{"uv":[2.0,5.875,1.875,4.875],"rotation":0,"texture":"#0","tintindex":0},"down":{"uv":[4.5625,6.0,4.4375,7.0],"rotation":0,"texture":"#0","tintindex":0}}}],"display":{"head":{"translation":[0.0,-6.4,0.0],"scale":[4.0,4.0,4.0]}}}