{"textures":{"0":"modelengine:entity/brachiosaurus"},"elements":[{"from":[1.8067498,7.3473244,-1.1356897],"to":[14.126751,19.107325,12.864311],"rotation":{"angle":22.5,"axis":"x","origin":[7.96675,11.407325,5.8643103]},"faces":{"east":{"uv":[3.375,0.0,4.9375,1.3125],"rotation":0,"texture":"#0","tintindex":0},"south":{"uv":[1.375,4.09375,2.75,5.40625],"rotation":0,"texture":"#0","tintindex":0},"north":{"uv":[0.0,4.09375,1.375,5.40625],"rotation":0,"texture":"#0","tintindex":0},"west":{"uv":[3.375,1.3125,4.9375,2.625],"rotation":0,"texture":"#0","tintindex":0},"up":{"uv":[3.375,1.5625,2.0,0.0],"rotation":0,"texture":"#0","tintindex":0},"down":{"uv":[3.375,1.5625,2.0,3.125],"rotation":0,"texture":"#0","tintindex":0}}},{"from":[2.42275,8.180315,-6.202016],"to":[13.62275,18.820316,3.877985],"rotation":{"angle":-22.5,"axis":"x","origin":[8.02275,15.572315,-2.4220152]},"faces":{"east":{"uv":[5.625,2.375,6.75,3.5625],"rotation":0,"texture":"#0","tintindex":0},"south":{"uv":[4.875,3.8125,6.125,5.0],"rotation":0,"texture":"#0","tintindex":0},"north":{"uv":[4.375,2.625,5.625,3.8125],"rotation":0,"texture":"#0","tintindex":0},"west":{"uv":[6.125,3.5625,7.25,4.75],"rotation":0,"texture":"#0","tintindex":0},"up":{"uv":[6.125,6.125,4.875,5.0],"rotation":0,"texture":"#0","tintindex":0},"down":{"uv":[1.25,5.40625,0.0,6.53125],"rotation":0,"texture":"#0","tintindex":0}}},{"from":[3.3467498,7.2014537,-9.914457],"to":[12.866751,15.881454,2.6855435],"rotation":{"angle":45.0,"axis":"x","origin":[8.52675,9.189454,-4.1464567]},"faces":{"east":{"uv":[1.25,5.40625,2.65625,6.375],"rotation":0,"texture":"#0","tintindex":0},"south":{"uv":[1.25,6.375,2.3125,7.34375],"rotation":0,"texture":"#0","tintindex":0},"north":{"uv":[6.15625,1.03125,7.21875,2.0],"rotation":0,"texture":"#0","tintindex":0},"west":{"uv":[2.65625,5.5,4.0625,6.46875],"rotation":0,"texture":"#0","tintindex":0},"up":{"uv":[3.8125,5.5,2.75,4.09375],"rotation":0,"texture":"#0","tintindex":0},"down":{"uv":[4.875,4.09375,3.8125,5.5],"rotation":0,"texture":"#0","tintindex":0}}},{"from":[3.4867501,2.5873246,-1.1356897],"to":[12.446751,11.267324,18.46431],"rotation":{"angle":0.0,"axis":"y","origin":[7.96675,14.067325,-0.85569]},"faces":{"east":{"uv":[0.0,3.125,2.1875,4.09375],"rotation":0,"texture":"#0","tintindex":0},"south":{"uv":[6.46875,5.78125,7.46875,6.75],"rotation":0,"texture":"#0","tintindex":0},"north":{"uv":[2.3125,6.46875,3.3125,7.4375],"rotation":0,"texture":"#0","tintindex":0},"west":{"uv":[2.1875,3.125,4.375,4.09375],"rotation":0,"texture":"#0","tintindex":0},"up":{"uv":[1.0,2.1875,0.0,0.0],"rotation":0,"texture":"#0","tintindex":0},"down":{"uv":[2.0,0.0,1.0,2.1875],"rotation":0,"texture":"#0","tintindex":0}}},{"from":[4.32675,0.68332434,-1.6676893],"to":[11.6067505,4.8833246,8.13231],"rotation":{"angle":22.5,"axis":"x","origin":[7.96675,0.7673249,3.7643104]},"faces":{"east":{"uv":[8.84375,3.65625,9.9375,4.125],"rotation":0,"texture":"#0","tintindex":0},"south":{"uv":[9.65625,6.03125,10.46875,6.5],"rotation":0,"texture":"#0","tintindex":0},"north":{"uv":[3.375,2.625,4.1875,3.09375],"rotation":0,"texture":"#0","tintindex":0},"west":{"uv":[8.84375,4.125,9.9375,4.59375],"rotation":0,"texture":"#0","tintindex":0},"up":{"uv":[8.0625,4.1875,7.25,3.09375],"rotation":0,"texture":"#0","tintindex":0},"down":{"uv":[8.125,6.75,7.3125,7.84375],"rotation":0,"texture":"#0","tintindex":0}}},{"from":[4.60675,0.86060953,8.038257],"to":[11.32675,5.06061,19.518257],"rotation":{"angle":-22.5,"axis":"x","origin":[7.96675,-0.5953903,12.322257]},"faces":{"east":{"uv":[8.3125,4.75,9.59375,5.21875],"rotation":0,"texture":"#0","tintindex":0},"south":{"uv":[10.125,2.25,10.875,2.71875],"rotation":0,"texture":"#0","tintindex":0},"north":{"uv":[1.0,10.125,1.75,10.59375],"rotation":0,"texture":"#0","tintindex":0},"west":{"uv":[8.3125,5.21875,9.59375,5.6875],"rotation":0,"texture":"#0","tintindex":0},"up":{"uv":[4.0625,7.75,3.3125,6.46875],"rotation":0,"texture":"#0","tintindex":0},"down":{"uv":[0.75,6.53125,0.0,7.8125],"rotation":0,"texture":"#0","tintindex":0}}},{"from":[5.16675,0.4658966,15.357759],"to":[10.76675,6.0658965,25.157759],"rotation":{"angle":22.5,"axis":"x","origin":[7.96675,5.9258966,18.77376]},"faces":{"east":{"uv":[8.125,6.71875,9.21875,7.34375],"rotation":0,"texture":"#0","tintindex":0},"south":{"uv":[9.5,9.8125,10.125,10.4375],"rotation":0,"texture":"#0","tintindex":0},"north":{"uv":[7.03125,9.75,7.65625,10.375],"rotation":0,"texture":"#0","tintindex":0},"west":{"uv":[0.0,8.21875,1.09375,8.84375],"rotation":0,"texture":"#0","tintindex":0},"up":{"uv":[3.9375,8.84375,3.3125,7.75],"rotation":0,"texture":"#0","tintindex":0},"down":{"uv":[8.84375,3.65625,8.21875,4.75],"rotation":0,"texture":"#0","tintindex":0}}},{"from":[2.5767503,5.7513247,10.6243105],"to":[13.49675,14.991325,21.264309],"rotation":{"angle":22.5,"axis":"x","origin":[8.03675,10.567325,15.94431]},"faces":{"east":{"uv":[5.28125,6.125,6.46875,7.15625],"rotation":0,"texture":"#0","tintindex":0},"south":{"uv":[6.125,4.75,7.34375,5.78125],"rotation":0,"texture":"#0","tintindex":0},"north":{"uv":[4.0625,6.125,5.28125,7.15625],"rotation":0,"texture":"#0","tintindex":0},"west":{"uv":[6.15625,0.0,7.34375,1.03125],"rotation":0,"texture":"#0","tintindex":0},"up":{"uv":[6.15625,1.1875,4.9375,0.0],"rotation":0,"texture":"#0","tintindex":0},"down":{"uv":[6.15625,1.1875,4.9375,2.375],"rotation":0,"texture":"#0","tintindex":0}}}],"display":{"head":{"translation":[0.0,-6.4,0.0],"scale":[4.0,4.0,4.0]}}}