{"textures":{"0":"modelengine:entity/brachiosaurus"},"elements":[{"from":[-0.84749985,7.0676064,-3.9699907],"to":[16.7525,23.867607,16.03001],"rotation":{"angle":22.5,"axis":"x","origin":[7.9525,12.867607,6.03001]},"faces":{"east":{"uv":[3.375,0.0,4.9375,1.3125],"rotation":0,"texture":"#0","tintindex":0},"south":{"uv":[1.375,4.09375,2.75,5.40625],"rotation":0,"texture":"#0","tintindex":0},"north":{"uv":[0.0,4.09375,1.375,5.40625],"rotation":0,"texture":"#0","tintindex":0},"west":{"uv":[3.375,1.3125,4.9375,2.625],"rotation":0,"texture":"#0","tintindex":0},"up":{"uv":[3.375,1.5625,2.0,0.0],"rotation":0,"texture":"#0","tintindex":0},"down":{"uv":[3.375,1.5625,2.0,3.125],"rotation":0,"texture":"#0","tintindex":0}}},{"from":[0.03249979,8.257593,-11.207598],"to":[16.032501,23.457592,3.1924024],"rotation":{"angle":-22.5,"axis":"x","origin":[8.0325,18.817593,-5.807597]},"faces":{"east":{"uv":[5.625,2.375,6.75,3.5625],"rotation":0,"texture":"#0","tintindex":0},"south":{"uv":[4.875,3.8125,6.125,5.0],"rotation":0,"texture":"#0","tintindex":0},"north":{"uv":[4.375,2.625,5.625,3.8125],"rotation":0,"texture":"#0","tintindex":0},"west":{"uv":[6.125,3.5625,7.25,4.75],"rotation":0,"texture":"#0","tintindex":0},"up":{"uv":[6.125,6.125,4.875,5.0],"rotation":0,"texture":"#0","tintindex":0},"down":{"uv":[1.25,5.40625,0.0,6.53125],"rotation":0,"texture":"#0","tintindex":0}}},{"from":[1.3525,6.8592196,-16.511086],"to":[14.9525,19.25922,1.488915],"rotation":{"angle":45.0,"axis":"x","origin":[8.7525,9.69922,-8.271084]},"faces":{"east":{"uv":[1.25,5.40625,2.65625,6.375],"rotation":0,"texture":"#0","tintindex":0},"south":{"uv":[1.25,6.375,2.3125,7.34375],"rotation":0,"texture":"#0","tintindex":0},"north":{"uv":[6.15625,1.03125,7.21875,2.0],"rotation":0,"texture":"#0","tintindex":0},"west":{"uv":[2.65625,5.5,4.0625,6.46875],"rotation":0,"texture":"#0","tintindex":0},"up":{"uv":[3.8125,5.5,2.75,4.09375],"rotation":0,"texture":"#0","tintindex":0},"down":{"uv":[4.875,4.09375,3.8125,5.5],"rotation":0,"texture":"#0","tintindex":0}}},{"from":[1.5525002,0.26760626,-3.9699907],"to":[14.352501,12.667606,24.03001],"rotation":{"angle":0.0,"axis":"y","origin":[7.9525,16.667606,-3.5699892]},"faces":{"east":{"uv":[0.0,3.125,2.1875,4.09375],"rotation":0,"texture":"#0","tintindex":0},"south":{"uv":[6.46875,5.78125,7.46875,6.75],"rotation":0,"texture":"#0","tintindex":0},"north":{"uv":[2.3125,6.46875,3.3125,7.4375],"rotation":0,"texture":"#0","tintindex":0},"west":{"uv":[2.1875,3.125,4.375,4.09375],"rotation":0,"texture":"#0","tintindex":0},"up":{"uv":[1.0,2.1875,0.0,0.0],"rotation":0,"texture":"#0","tintindex":0},"down":{"uv":[2.0,0.0,1.0,2.1875],"rotation":0,"texture":"#0","tintindex":0}}},{"from":[2.7525,-2.4523935,-4.729989],"to":[13.1525,3.547606,9.27001],"rotation":{"angle":22.5,"axis":"x","origin":[7.9525,-2.3323936,3.0300102]},"faces":{"east":{"uv":[8.84375,3.65625,9.9375,4.125],"rotation":0,"texture":"#0","tintindex":0},"south":{"uv":[9.65625,6.03125,10.46875,6.5],"rotation":0,"texture":"#0","tintindex":0},"north":{"uv":[3.375,2.625,4.1875,3.09375],"rotation":0,"texture":"#0","tintindex":0},"west":{"uv":[8.84375,4.125,9.9375,4.59375],"rotation":0,"texture":"#0","tintindex":0},"up":{"uv":[8.0625,4.1875,7.25,3.09375],"rotation":0,"texture":"#0","tintindex":0},"down":{"uv":[8.125,6.75,7.3125,7.84375],"rotation":0,"texture":"#0","tintindex":0}}},{"from":[3.1525002,-2.199129,9.135648],"to":[12.752501,3.800871,25.535648],"rotation":{"angle":-22.5,"axis":"x","origin":[7.9525,-4.279129,15.255648]},"faces":{"east":{"uv":[8.3125,4.75,9.59375,5.21875],"rotation":0,"texture":"#0","tintindex":0},"south":{"uv":[10.125,2.25,10.875,2.71875],"rotation":0,"texture":"#0","tintindex":0},"north":{"uv":[1.0,10.125,1.75,10.59375],"rotation":0,"texture":"#0","tintindex":0},"west":{"uv":[8.3125,5.21875,9.59375,5.6875],"rotation":0,"texture":"#0","tintindex":0},"up":{"uv":[4.0625,7.75,3.3125,6.46875],"rotation":0,"texture":"#0","tintindex":0},"down":{"uv":[0.75,6.53125,0.0,7.8125],"rotation":0,"texture":"#0","tintindex":0}}},{"from":[3.9524999,-2.7630053,19.592081],"to":[11.9525,5.2369947,33.59208],"rotation":{"angle":22.5,"axis":"x","origin":[7.9525,5.036995,24.47208]},"faces":{"east":{"uv":[8.125,6.71875,9.21875,7.34375],"rotation":0,"texture":"#0","tintindex":0},"south":{"uv":[9.5,9.8125,10.125,10.4375],"rotation":0,"texture":"#0","tintindex":0},"north":{"uv":[7.03125,9.75,7.65625,10.375],"rotation":0,"texture":"#0","tintindex":0},"west":{"uv":[0.0,8.21875,1.09375,8.84375],"rotation":0,"texture":"#0","tintindex":0},"up":{"uv":[3.9375,8.84375,3.3125,7.75],"rotation":0,"texture":"#0","tintindex":0},"down":{"uv":[8.84375,3.65625,8.21875,4.75],"rotation":0,"texture":"#0","tintindex":0}}},{"from":[0.25250006,4.7876062,12.83001],"to":[15.852501,17.987606,28.03001],"rotation":{"angle":22.5,"axis":"x","origin":[8.0525,11.667606,20.430012]},"faces":{"east":{"uv":[5.28125,6.125,6.46875,7.15625],"rotation":0,"texture":"#0","tintindex":0},"south":{"uv":[6.125,4.75,7.34375,5.78125],"rotation":0,"texture":"#0","tintindex":0},"north":{"uv":[4.0625,6.125,5.28125,7.15625],"rotation":0,"texture":"#0","tintindex":0},"west":{"uv":[6.15625,0.0,7.34375,1.03125],"rotation":0,"texture":"#0","tintindex":0},"up":{"uv":[6.15625,1.1875,4.9375,0.0],"rotation":0,"texture":"#0","tintindex":0},"down":{"uv":[6.15625,1.1875,4.9375,2.375],"rotation":0,"texture":"#0","tintindex":0}}}],"display":{"head":{"translation":[0.0,-6.4,-4.3239822],"scale":[4.0,4.0,4.0]}}}