{"textures":{"0":"modelengine:entity/brachiosaurus"},"elements":[{"from":[4.233824,3.2525606,0.1324997],"to":[4.233824,4.1394176,1.0193572],"rotation":{"angle":-22.5,"axis":"x","origin":[7.448681,8.836989,-6.80993]},"faces":{"east":{"uv":[0.0625,12.21875,0.1125,12.26875],"rotation":0,"texture":"#0","tintindex":0},"south":{"uv":[0.09375,0.125,0.09375,0.175],"rotation":0,"texture":"#missing","tintindex":0},"north":{"uv":[0.09375,0.125,0.09375,0.175],"rotation":0,"texture":"#missing","tintindex":0},"west":{"uv":[0.0,12.21875,0.05,12.26875],"rotation":0,"texture":"#0","tintindex":0},"up":{"uv":[0.09375,0.125,0.09375,0.175],"rotation":0,"texture":"#missing","tintindex":0},"down":{"uv":[0.09375,0.125,0.09375,0.175],"rotation":0,"texture":"#missing","tintindex":0}}},{"from":[11.963954,3.2525606,0.1324997],"to":[11.963954,4.1394176,1.0193572],"rotation":{"angle":-22.5,"axis":"x","origin":[7.2525253,8.836989,-6.80993]},"faces":{"east":{"uv":[0.05,12.21875,0.0,12.26875],"rotation":0,"texture":"#0","tintindex":0},"south":{"uv":[0.09375,0.125,0.09375,0.175],"rotation":0,"texture":"#missing","tintindex":0},"north":{"uv":[0.09375,0.125,0.09375,0.175],"rotation":0,"texture":"#missing","tintindex":0},"west":{"uv":[0.1125,12.21875,0.0625,12.26875],"rotation":0,"texture":"#0","tintindex":0},"up":{"uv":[0.09375,0.125,0.09375,0.175],"rotation":0,"texture":"#missing","tintindex":0},"down":{"uv":[0.09375,0.125,0.09375,0.175],"rotation":0,"texture":"#missing","tintindex":0}}},{"from":[4.241171,3.0496082,-0.17537689],"to":[11.956607,10.199007,8.447758],"rotation":{"angle":-22.5,"axis":"x","origin":[8.098889,6.624308,4.1361904]},"faces":{"east":{"uv":[6.75,3.09375,7.25,3.5],"rotation":0,"texture":"#0","tintindex":0},"south":{"uv":[11.0,7.0,11.4375,7.40625],"rotation":0,"texture":"#0","tintindex":0},"north":{"uv":[10.96875,9.21875,11.40625,9.625],"rotation":0,"texture":"#0","tintindex":0},"west":{"uv":[5.5625,10.90625,6.0625,11.3125],"rotation":0,"texture":"#0","tintindex":0},"up":{"uv":[11.3125,2.625,10.875,2.125],"rotation":0,"texture":"#0","tintindex":0},"down":{"uv":[4.03125,10.875,3.59375,11.375],"rotation":0,"texture":"#0","tintindex":0}}},{"from":[5.3497424,5.661766,6.613211],"to":[10.848036,11.513472,11.545467],"rotation":{"angle":0.0,"axis":"y","origin":[8.098889,9.363619,9.301054]},"faces":{"east":{"uv":[7.9375,8.6875,8.21875,9.03125],"rotation":0,"texture":"#0","tintindex":0},"south":{"uv":[11.125,0.0,11.4375,0.34375],"rotation":0,"texture":"#0","tintindex":0},"north":{"uv":[6.125,5.78125,6.4375,6.125],"rotation":0,"texture":"#0","tintindex":0},"west":{"uv":[9.84375,10.4375,10.125,10.78125],"rotation":0,"texture":"#0","tintindex":0},"up":{"uv":[10.65625,1.40625,10.34375,1.125],"rotation":0,"texture":"#0","tintindex":0},"down":{"uv":[11.53125,4.3125,11.21875,4.59375],"rotation":0,"texture":"#0","tintindex":0}}},{"from":[4.69502,3.3834934,-5.3045607],"to":[11.502758,6.9020996,0.1416297],"rotation":{"angle":-22.5,"axis":"x","origin":[8.212351,5.994401,5.1339703]},"faces":{"east":{"uv":[5.4375,11.3125,5.75,11.5],"rotation":0,"texture":"#0","tintindex":0},"south":{"uv":[4.6875,11.25,5.0625,11.4375],"rotation":0,"texture":"#0","tintindex":0},"north":{"uv":[2.125,11.25,2.5,11.4375],"rotation":0,"texture":"#0","tintindex":0},"west":{"uv":[5.75,11.3125,6.0625,11.5],"rotation":0,"texture":"#0","tintindex":0},"up":{"uv":[3.0625,11.40625,2.6875,11.09375],"rotation":0,"texture":"#0","tintindex":0},"down":{"uv":[7.59375,11.09375,7.21875,11.40625],"rotation":0,"texture":"#0","tintindex":0}}},{"from":[5.035407,3.3834934,-8.027655],"to":[10.935446,5.6409883,-5.3045607],"rotation":{"angle":-22.5,"axis":"x","origin":[8.212351,5.994401,5.1339703]},"faces":{"east":{"uv":[5.5625,10.15625,5.71875,10.28125],"rotation":0,"texture":"#0","tintindex":0},"south":{"uv":[11.3125,7.71875,11.65625,7.84375],"rotation":0,"texture":"#0","tintindex":0},"north":{"uv":[11.3125,2.5,11.65625,2.625],"rotation":0,"texture":"#0","tintindex":0},"west":{"uv":[4.25,10.34375,4.40625,10.46875],"rotation":0,"texture":"#0","tintindex":0},"up":{"uv":[7.375,9.75,7.03125,9.59375],"rotation":0,"texture":"#0","tintindex":0},"down":{"uv":[9.96875,1.40625,9.625,1.5625],"rotation":0,"texture":"#0","tintindex":0}}},{"from":[5.943105,0.3857913,-6.064372],"to":[10.027748,3.9161482,-3.795126],"rotation":{"angle":22.5,"axis":"x","origin":[7.9854264,1.6015177,-6.064372]},"faces":{"east":{"uv":[7.34375,5.5,7.46875,5.6875],"rotation":0,"texture":"#0","tintindex":0},"south":{"uv":[1.5,10.59375,1.71875,10.78125],"rotation":0,"texture":"#0","tintindex":0},"north":{"uv":[8.125,10.5,8.34375,10.6875],"rotation":0,"texture":"#0","tintindex":0},"west":{"uv":[3.9375,7.75,4.0625,7.9375],"rotation":0,"texture":"#0","tintindex":0},"up":{"uv":[8.03125,1.03125,7.8125,0.90625],"rotation":0,"texture":"#0","tintindex":0},"down":{"uv":[7.3125,9.46875,7.09375,9.59375],"rotation":0,"texture":"#0","tintindex":0}}},{"from":[4.808482,3.5702448,-1.928484],"to":[11.162371,7.654887,0.79461193],"rotation":{"angle":22.5,"axis":"x","origin":[7.9854264,5.3856416,-0.56693554]},"faces":{"east":{"uv":[9.3125,10.21875,9.46875,10.4375],"rotation":0,"texture":"#0","tintindex":0},"south":{"uv":[11.21875,4.59375,11.5625,4.8125],"rotation":0,"texture":"#0","tintindex":0},"north":{"uv":[8.09375,1.6875,8.4375,1.90625],"rotation":0,"texture":"#0","tintindex":0},"west":{"uv":[2.25,10.25,2.40625,10.46875],"rotation":0,"texture":"#0","tintindex":0},"up":{"uv":[10.65625,5.1875,10.3125,5.03125],"rotation":0,"texture":"#0","tintindex":0},"down":{"uv":[11.65625,7.40625,11.3125,7.5625],"rotation":0,"texture":"#0","tintindex":0}}},{"from":[5.262332,1.5740519,-4.6813707],"to":[10.708522,4.297147,-0.5967283],"rotation":{"angle":-22.5,"axis":"x","origin":[7.9854264,2.9355989,-3.5467482]},"faces":{"east":{"uv":[9.96875,1.40625,10.1875,1.5625],"rotation":0,"texture":"#0","tintindex":0},"south":{"uv":[7.59375,11.3125,7.90625,11.46875],"rotation":0,"texture":"#0","tintindex":0},"north":{"uv":[11.3125,7.5625,11.625,7.71875],"rotation":0,"texture":"#0","tintindex":0},"west":{"uv":[10.125,2.9375,10.34375,3.09375],"rotation":0,"texture":"#0","tintindex":0},"up":{"uv":[10.8125,11.5,10.5,11.28125],"rotation":0,"texture":"#0","tintindex":0},"down":{"uv":[11.625,2.09375,11.3125,2.3125],"rotation":0,"texture":"#0","tintindex":0}}},{"from":[6.623879,6.8041506,-4.006402],"to":[9.346974,12.25034,5.070582],"rotation":{"angle":45.0,"axis":"x","origin":[7.9854264,9.073397,1.8936377]},"faces":{"east":{"uv":[3.09375,11.03125,3.59375,11.34375],"rotation":0,"texture":"#0","tintindex":0},"south":{"uv":[4.25,10.03125,4.40625,10.34375],"rotation":0,"texture":"#0","tintindex":0},"north":{"uv":[9.3125,9.90625,9.46875,10.21875],"rotation":0,"texture":"#0","tintindex":0},"west":{"uv":[4.03125,11.03125,4.53125,11.34375],"rotation":0,"texture":"#0","tintindex":0},"up":{"uv":[4.34375,3.125,4.1875,2.625],"rotation":0,"texture":"#0","tintindex":0},"down":{"uv":[8.21875,3.65625,8.0625,4.15625],"rotation":0,"texture":"#0","tintindex":0}}},{"from":[6.850804,8.311466,-3.9724512],"to":[9.120049,11.488411,0.11219168],"rotation":{"angle":0.0,"axis":"y","origin":[7.9854264,9.627629,-2.157055]},"faces":{"east":{"uv":[3.59375,10.6875,3.8125,10.875],"rotation":0,"texture":"#0","tintindex":0},"south":{"uv":[0.5,9.6875,0.625,9.875],"rotation":0,"texture":"#0","tintindex":0},"north":{"uv":[3.9375,7.9375,4.0625,8.125],"rotation":0,"texture":"#0","tintindex":0},"west":{"uv":[8.125,10.6875,8.34375,10.875],"rotation":0,"texture":"#0","tintindex":0},"up":{"uv":[7.46875,5.28125,7.34375,5.0625],"rotation":0,"texture":"#0","tintindex":0},"down":{"uv":[7.46875,5.28125,7.34375,5.5],"rotation":0,"texture":"#0","tintindex":0}}},{"from":[6.623879,5.1345224,-3.2916775],"to":[9.346974,8.765316,0.79296494],"rotation":{"angle":-22.5,"axis":"x","origin":[7.9854264,6.7229943,-1.93013]},"faces":{"east":{"uv":[7.65625,9.75,7.875,9.96875],"rotation":0,"texture":"#0","tintindex":0},"south":{"uv":[2.5,11.25,2.65625,11.46875],"rotation":0,"texture":"#0",