{"textures":{"0":"modelengine:entity/brachiosaurus"},"elements":[{"from":[5.3636765,4.6767926,2.4927497],"to":[5.3636765,5.2975926,3.1135497],"rotation":{"angle":-22.5,"axis":"x","origin":[7.6140766,8.585893,-2.36695]},"faces":{"east":{"uv":[0.0625,12.21875,0.1125,12.26875],"rotation":0,"texture":"#0","tintindex":0},"south":{"uv":[0.09375,0.125,0.09375,0.175],"rotation":0,"texture":"#missing","tintindex":0},"north":{"uv":[0.09375,0.125,0.09375,0.175],"rotation":0,"texture":"#missing","tintindex":0},"west":{"uv":[0.0,12.21875,0.05,12.26875],"rotation":0,"texture":"#0","tintindex":0},"up":{"uv":[0.09375,0.125,0.09375,0.175],"rotation":0,"texture":"#missing","tintindex":0},"down":{"uv":[0.09375,0.125,0.09375,0.175],"rotation":0,"texture":"#missing","tintindex":0}}},{"from":[10.774768,4.6767926,2.4927497],"to":[10.774768,5.2975926,3.1135497],"rotation":{"angle":-22.5,"axis":"x","origin":[7.4767675,8.585893,-2.36695]},"faces":{"east":{"uv":[0.05,12.21875,0.0,12.26875],"rotation":0,"texture":"#0","tintindex":0},"south":{"uv":[0.09375,0.125,0.09375,0.175],"rotation":0,"texture":"#missing","tintindex":0},"north":{"uv":[0.09375,0.125,0.09375,0.175],"rotation":0,"texture":"#missing","tintindex":0},"west":{"uv":[0.1125,12.21875,0.0625,12.26875],"rotation":0,"texture":"#0","tintindex":0},"up":{"uv":[0.09375,0.125,0.09375,0.175],"rotation":0,"texture":"#missing","tintindex":0},"down":{"uv":[0.09375,0.125,0.09375,0.175],"rotation":0,"texture":"#missing","tintindex":0}}},{"from":[5.3688197,4.534726,2.277236],"to":[10.769625,9.539305,8.31343],"rotation":{"angle":-22.5,"axis":"x","origin":[8.069222,7.0370154,5.295333]},"faces":{"east":{"uv":[6.75,3.09375,7.25,3.5],"rotation":0,"texture":"#0","tintindex":0},"south":{"uv":[11.0,7.0,11.4375,7.40625],"rotation":0,"texture":"#0","tintindex":0},"north":{"uv":[10.96875,9.21875,11.40625,9.625],"rotation":0,"texture":"#0","tintindex":0},"west":{"uv":[5.5625,10.90625,6.0625,11.3125],"rotation":0,"texture":"#0","tintindex":0},"up":{"uv":[11.3125,2.625,10.875,2.125],"rotation":0,"texture":"#0","tintindex":0},"down":{"uv":[4.03125,10.875,3.59375,11.375],"rotation":0,"texture":"#0","tintindex":0}}},{"from":[6.1448197,6.3632364,7.0292478],"to":[9.993625,10.45943,10.481827],"rotation":{"angle":0.0,"axis":"y","origin":[8.069222,8.954534,8.910737]},"faces":{"east":{"uv":[7.9375,8.6875,8.21875,9.03125],"rotation":0,"texture":"#0","tintindex":0},"south":{"uv":[11.125,0.0,11.4375,0.34375],"rotation":0,"texture":"#0","tintindex":0},"north":{"uv":[6.125,5.78125,6.4375,6.125],"rotation":0,"texture":"#0","tintindex":0},"west":{"uv":[9.84375,10.4375,10.125,10.78125],"rotation":0,"texture":"#0","tintindex":0},"up":{"uv":[10.65625,1.40625,10.34375,1.125],"rotation":0,"texture":"#0","tintindex":0},"down":{"uv":[11.53125,4.3125,11.21875,4.59375],"rotation":0,"texture":"#0","tintindex":0}}},{"from":[5.686514,4.7684455,-1.3131924],"to":[10.45193,7.2314696,2.4991407],"rotation":{"angle":-22.5,"axis":"x","origin":[8.148645,6.596081,5.993779]},"faces":{"east":{"uv":[5.4375,11.3125,5.75,11.5],"rotation":0,"texture":"#0","tintindex":0},"south":{"uv":[4.6875,11.25,5.0625,11.4375],"rotation":0,"texture":"#0","tintindex":0},"north":{"uv":[2.125,11.25,2.5,11.4375],"rotation":0,"texture":"#0","tintindex":0},"west":{"uv":[5.75,11.3125,6.0625,11.5],"rotation":0,"texture":"#0","tintindex":0},"up":{"uv":[3.0625,11.40625,2.6875,11.09375],"rotation":0,"texture":"#0","tintindex":0},"down":{"uv":[7.59375,11.09375,7.21875,11.40625],"rotation":0,"texture":"#0","tintindex":0}}},{"from":[5.9247847,4.7684455,-3.2193584],"to":[10.054812,6.348692,-1.3131924],"rotation":{"angle":-22.5,"axis":"x","origin":[8.148645,6.596081,5.993779]},"faces":{"east":{"uv":[5.5625,10.15625,5.71875,10.28125],"rotation":0,"texture":"#0","tintindex":0},"south":{"uv":[11.3125,7.71875,11.65625,7.84375],"rotation":0,"texture":"#0","tintindex":0},"north":{"uv":[11.3125,2.5,11.65625,2.625],"rotation":0,"texture":"#0","tintindex":0},"west":{"uv":[4.25,10.34375,4.40625,10.46875],"rotation":0,"texture":"#0","tintindex":0},"up":{"uv":[7.375,9.75,7.03125,9.59375],"rotation":0,"texture":"#0","tintindex":0},"down":{"uv":[9.96875,1.40625,9.625,1.5625],"rotation":0,"texture":"#0","tintindex":0}}},{"from":[6.560174,2.670054,-1.8450603],"to":[9.419423,5.1413035,-0.25658798],"rotation":{"angle":22.5,"axis":"x","origin":[7.9897985,3.521062,-1.8450603]},"faces":{"east":{"uv":[7.34375,5.5,7.46875,5.6875],"rotation":0,"texture":"#0","tintindex":0},"south":{"uv":[1.5,10.59375,1.71875,10.78125],"rotation":0,"texture":"#0","tintindex":0},"north":{"uv":[8.125,10.5,8.34375,10.6875],"rotation":0,"texture":"#0","tintindex":0},"west":{"uv":[3.9375,7.75,4.0625,7.9375],"rotation":0,"texture":"#0","tintindex":0},"up":{"uv":[8.03125,1.03125,7.8125,0.90625],"rotation":0,"texture":"#0","tintindex":0},"down":{"uv":[7.3125,9.46875,7.09375,9.59375],"rotation":0,"texture":"#0","tintindex":0}}},{"from":[5.765938,4.8991714,1.0500617],"to":[10.213659,7.758421,2.9562283],"rotation":{"angle":22.5,"axis":"x","origin":[7.9897985,6.169949,2.0031452]},"faces":{"east":{"uv":[9.3125,10.21875,9.46875,10.4375],"rotation":0,"texture":"#0","tintindex":0},"south":{"uv":[11.21875,4.59375,11.5625,4.8125],"rotation":0,"texture":"#0","tintindex":0},"north":{"uv":[8.09375,1.6875,8.4375,1.90625],"rotation":0,"texture":"#0","tintindex":0},"west":{"uv":[2.25,10.25,2.40625,10.46875],"rotation":0,"texture":"#0","tintindex":0},"up":{"uv":[10.65625,5.1875,10.3125,5.03125],"rotation":0,"texture":"#0","tintindex":0},"down":{"uv":[11.65625,7.40625,11.3125,7.5625],"rotation":0,"texture":"#0","tintindex":0}}},{"from":[6.083632,3.5018358,-0.8769598],"to":[9.895966,5.408003,1.9822903],"rotation":{"angle":-22.5,"axis":"x","origin":[7.9897985,4.4549193,-0.08272362]},"faces":{"east":{"uv":[9.96875,1.40625,10.1875,1.5625],"rotation":0,"texture":"#0","tintindex":0},"south":{"uv":[7.59375,11.3125,7.90625,11.46875],"rotation":0,"texture":"#0","tintindex":0},"north":{"uv":[11.3125,7.5625,11.625,7.71875],"rotation":0,"texture":"#0","tintindex":0},"west":{"uv":[10.125,2.9375,10.34375,3.09375],"rotation":0,"texture":"#0","tintindex":0},"up":{"uv":[10.8125,11.5,10.5,11.28125],"rotation":0,"texture":"#0","tintindex":0},"down":{"uv":[11.625,2.09375,11.3125,2.3125],"rotation":0,"texture":"#0","tintindex":0}}},{"from":[7.0367155,7.162905,-0.40448093],"to":[8.942882,10.975239,5.949407],"rotation":{"angle":45.0,"axis":"x","origin":[7.9897985,8.751377,3.7255464]},"faces":{"east":{"uv":[3.09375,11.03125,3.59375,11.34375],"rotation":0,"texture":"#0","tintindex":0},"south":{"uv":[4.25,10.03125,4.40625,10.34375],"rotation":0,"texture":"#0","tintindex":0},"north":{"uv":[9.3125,9.90625,9.46875,10.21875],"rotation":0,"texture":"#0","tintindex":0},"west":{"uv":[4.03125,11.03125,4.53125,11.34375],"rotation":0,"texture":"#0","tintindex":0},"up":{"uv":[4.34375,3.125,4.1875,2.625],"rotation":0,"texture":"#0","tintindex":0},"down":{"uv":[8.21875,3.65625,8.0625,4.15625],"rotation":0,"texture":"#0","tintindex":0}}},{"from":[7.1955624,8.218026,-0.38071632],"to":[8.784035,10.441887,2.4785337],"rotation":{"angle":0.0,"axis":"y","origin":[7.9897985,9.13934,0.89006186]},"faces":{"east":{"uv":[3.59375,10.6875,3.8125,10.875],"rotation":0,"texture":"#0","tintindex":0},"south":{"uv":[0.5,9.6875,0.625,9.875],"rotation":0,"texture":"#0","tintindex":0},"north":{"uv":[3.9375,7.9375,4.0625,8.125],"rotation":0,"texture":"#0","tintindex":0},"west":{"uv":[8.125,10.6875,8.34375,10.875],"rotation":0,"texture":"#0","tintindex":0},"up":{"uv":[7.46875,5.28125,7.34375,5.0625],"rotation":0,"texture":"#0","tintindex":0},"down":{"uv":[7.46875,5.28125,7.34375,5.5],"rotation":0,"texture":"#0","tintindex":0}}},{"from":[7.0367155,5.9941654,0.09582615],"to":[8.942882,8.535721,2.9550757],"rotation":{"angle":-22.5,"axis":"x","origin":[7.9897985,7.1060963,1.0489092]},"faces":{"east":{"uv":[7.65625,9.75,7.875,9.96875],"rotation":0,"texture":"#0","tintindex":0},"south":{"uv":[2.5,11.25,2.65625,11.46875],"rotation":0,"texture":"#0",