{"textures":{"0":"modelengine:entity/brachiosaurus"},"elements":[{"from":[2.8571424,-2.0,0.28571415],"to":[13.142858,18.0,15.714286],"rotation":{"angle":45.0,"axis":"x","origin":[8.0,8.0,8.0]},"faces":{"east":{"uv":[4.0625,7.15625,4.90625,8.25],"rotation":0,"texture":"#0","tintindex":0},"south":{"uv":[2.21875,8.3125,2.78125,9.40625],"rotation":0,"texture":"#0","tintindex":0},"north":{"uv":[1.65625,8.3125,2.21875,9.40625],"rotation":0,"texture":"#0","tintindex":0},"west":{"uv":[4.90625,7.15625,5.75,8.25],"rotation":0,"texture":"#0","tintindex":0},"up":{"uv":[9.5,9.90625,8.9375,9.0625],"rotation":0,"texture":"#0","tintindex":0},"down":{"uv":[9.65625,5.6875,9.09375,6.53125],"rotation":0,"texture":"#0","tintindex":0}}}],"display":{"head":{"translation":[0.0,-6.4,0.0],"scale":[4.0,4.0,4.0]}}}