{"textures":{"0":"modelengine:entity/brachiosaurus"},"elements":[{"from":[3.142857,-5.714287,2.8571424],"to":[12.857143,10.285714,13.142858],"rotation":{"angle":-22.5,"axis":"x","origin":[8.0,4.5714283,8.0]},"faces":{"east":{"uv":[3.3125,8.84375,3.875,9.71875],"rotation":0,"texture":"#0","tintindex":0},"south":{"uv":[3.875,9.15625,4.40625,10.03125],"rotation":0,"texture":"#0","tintindex":0},"north":{"uv":[7.9375,9.09375,8.46875,9.96875],"rotation":0,"texture":"#0","tintindex":0},"west":{"uv":[8.9375,8.1875,9.5,9.0625],"rotation":0,"texture":"#0","tintindex":0},"up":{"uv":[11.0,7.125,10.46875,6.5625],"rotation":0,"texture":"#0","tintindex":0},"down":{"uv":[11.0,7.9375,10.46875,8.5],"rotation":0,"texture":"#0","tintindex":0}}}],"display":{"head":{"translation":[0.0,-6.4,0.0],"scale":[4.0,4.0,4.0]}}}