{"textures":{"0":"modelengine:entity/brachiosaurus"},"elements":[{"from":[4.2666664,-0.95767117,2.0087156],"to":[11.466667,13.04233,12.808716],"rotation":{"angle":-22.5,"axis":"x","origin":[8.066667,6.8423285,10.008717]},"faces":{"east":{"uv":[6.75,2.0,7.59375,3.09375],"rotation":0,"texture":"#0","tintindex":0},"south":{"uv":[1.09375,8.3125,1.65625,9.40625],"rotation":0,"texture":"#0","tintindex":0},"north":{"uv":[4.65625,8.25,5.21875,9.34375],"rotation":0,"texture":"#0","tintindex":0},"west":{"uv":[6.46875,6.75,7.3125,7.84375],"rotation":0,"texture":"#0","tintindex":0},"up":{"uv":[9.5625,2.40625,9.0,1.5625],"rotation":0,"texture":"#0","tintindex":0},"down":{"uv":[9.5625,7.34375,9.0,8.1875],"rotation":0,"texture":"#0","tintindex":0}}}],"display":{"head":{"translation":[0.0,-6.4,0.0],"scale":[4.0,4.0,4.0]}}}