{"textures":{"0":"modelengine:entity/brachiosaurus"},"elements":[{"from":[3.142857,-10.285715,2.5714283],"to":[12.857143,-5.1428576,13.428572],"rotation":{"angle":0.0,"axis":"y","origin":[8.0,-8.0,8.0]},"faces":{"east":{"uv":[6.15625,2.0,6.75,2.28125],"rotation":0,"texture":"#0","tintindex":0},"south":{"uv":[9.25,11.03125,9.78125,11.3125],"rotation":0,"texture":"#0","tintindex":0},"north":{"uv":[7.625,11.03125,8.15625,11.3125],"rotation":0,"texture":"#0","tintindex":0},"west":{"uv":[9.0,2.40625,9.59375,2.6875],"rotation":0,"texture":"#0","tintindex":0},"up":{"uv":[6.09375,10.90625,5.5625,10.3125],"rotation":0,"texture":"#0","tintindex":0},"down":{"uv":[7.21875,10.375,6.6875,10.96875],"rotation":0,"texture":"#0","tintindex":0}}},{"from":[3.4285712,-5.9142866,3.2857141],"to":[12.571428,9.514286,13.0],"rotation":{"angle":0.0,"axis":"y","origin":[8.0,0.9428568,5.1142855]},"faces":{"east":{"uv":[5.21875,9.3125,5.75,10.15625],"rotation":0,"texture":"#0","tintindex":0},"south":{"uv":[9.625,2.25,10.125,3.09375],"rotation":0,"texture":"#0","tintindex":0},"north":{"uv":[9.625,0.0,10.125,0.84375],"rotation":0,"texture":"#0","tintindex":0},"west":{"uv":[2.78125,9.375,3.3125,10.21875],"rotation":0,"texture":"#0","tintindex":0},"up":{"uv":[3.59375,11.03125,3.09375,10.5],"rotation":0,"texture":"#0","tintindex":0},"down":{"uv":[8.125,10.5,7.625,11.03125],"rotation":0,"texture":"#0","tintindex":0}}}],"display":{"head":{"translation":[0.0,-6.4,0.0],"scale":[4.0,4.0,4.0]}}}