{"textures":{"0":"modelengine:entity/brachiosaurus"},"elements":[{"from":[4.6,-4.8,4.2],"to":[11.4,-1.2000008,11.8],"rotation":{"angle":0.0,"axis":"y","origin":[8.0,-3.2000008,8.0]},"faces":{"east":{"uv":[6.15625,2.0,6.75,2.28125],"rotation":0,"texture":"#0","tintindex":0},"south":{"uv":[9.25,11.03125,9.78125,11.3125],"rotation":0,"texture":"#0","tintindex":0},"north":{"uv":[7.625,11.03125,8.15625,11.3125],"rotation":0,"texture":"#0","tintindex":0},"west":{"uv":[9.0,2.40625,9.59375,2.6875],"rotation":0,"texture":"#0","tintindex":0},"up":{"uv":[6.09375,10.90625,5.5625,10.3125],"rotation":0,"texture":"#0","tintindex":0},"down":{"uv":[7.21875,10.375,6.6875,10.96875],"rotation":0,"texture":"#0","tintindex":0}}},{"from":[4.8,-1.7400007,4.7],"to":[11.2,9.06,11.5],"rotation":{"angle":0.0,"axis":"y","origin":[8.0,3.0599995,5.9799995]},"faces":{"east":{"uv":[5.21875,9.3125,5.75,10.15625],"rotation":0,"texture":"#0","tintindex":0},"south":{"uv":[9.625,2.25,10.125,3.09375],"rotation":0,"texture":"#0","tintindex":0},"north":{"uv":[9.625,0.0,10.125,0.84375],"rotation":0,"texture":"#0","tintindex":0},"west":{"uv":[2.78125,9.375,3.3125,10.21875],"rotation":0,"texture":"#0","tintindex":0},"up":{"uv":[3.59375,11.03125,3.09375,10.5],"rotation":0,"texture":"#0","tintindex":0},"down":{"uv":[8.125,10.5,7.625,11.03125],"rotation":0,"texture":"#0","tintindex":0}}}],"display":{"head":{"translation":[0.0,-6.4,0.0],"scale":[4.0,4.0,4.0]}}}