{"textures":{"0":"modelengine:entity/brachiosaurus"},"elements":[{"from":[3.142857,-8.287931,-0.18227959],"to":[12.857143,11.140641,10.103435],"rotation":{"angle":22.5,"axis":"x","origin":[8.0,-1.430788,7.2462916]},"faces":{"east":{"uv":[8.4375,1.6875,9.0,2.75],"rotation":0,"texture":"#0","tintindex":0},"south":{"uv":[2.78125,8.3125,3.3125,9.375],"rotation":0,"texture":"#0","tintindex":0},"north":{"uv":[5.21875,8.25,5.75,9.3125],"rotation":0,"texture":"#0","tintindex":0},"west":{"uv":[7.375,8.6875,7.9375,9.75],"rotation":0,"texture":"#0","tintindex":0},"up":{"uv":[4.78125,11.03125,4.25,10.46875],"rotation":0,"texture":"#0","tintindex":0},"down":{"uv":[11.0,6.0,10.46875,6.5625],"rotation":0,"texture":"#0","tintindex":0}}}],"display":{"head":{"translation":[0.0,-6.4,0.0],"scale":[4.0,4.0,4.0]}}}