{"textures":{"0":"modelengine:entity/brachiosaurus"},"elements":[{"from":[4.8,-1.9700003,4.6499996],"to":[11.2,8.83,11.45],"rotation":{"angle":0.0,"axis":"y","origin":[8.0,3.4299998,8.05]},"faces":{"east":{"uv":[1.875,9.40625,2.40625,10.25],"rotation":0,"texture":"#0","tintindex":0},"south":{"uv":[0.0,9.6875,0.5,10.53125],"rotation":0,"texture":"#0","tintindex":0},"north":{"uv":[9.65625,5.1875,10.15625,6.03125],"rotation":0,"texture":"#0","tintindex":0},"west":{"uv":[9.5,8.1875,10.03125,9.03125],"rotation":0,"texture":"#0","tintindex":0},"up":{"uv":[0.5,11.0625,0.0,10.53125],"rotation":0,"texture":"#0","tintindex":0},"down":{"uv":[11.0625,9.625,10.5625,10.15625],"rotation":0,"texture":"#0","tintindex":0}}},{"from":[4.6,-5.0300007,4.1499996],"to":[11.4,-1.8299999,11.75],"rotation":{"angle":0.0,"axis":"y","origin":[8.0,-3.4300013,7.95]},"faces":{"east":{"uv":[11.0,4.0625,11.59375,4.3125],"rotation":0,"texture":"#0","tintindex":0},"south":{"uv":[8.15625,11.0625,8.6875,11.3125],"rotation":0,"texture":"#0","tintindex":0},"north":{"uv":[6.0625,11.0625,6.59375,11.3125],"rotation":0,"texture":"#0","tintindex":0},"west":{"uv":[10.5,11.03125,11.09375,11.28125],"rotation":0,"texture":"#0","tintindex":0},"up":{"uv":[10.65625,11.0,10.125,10.40625],"rotation":0,"texture":"#0","tintindex":0},"down":{"uv":[7.21875,10.375,6.6875,10.96875],"rotation":0,"texture":"#0","tintindex":0}}}],"display":{"head":{"translation":[0.0,-6.4,0.0],"scale":[4.0,4.0,4.0]}}}