{"textures":{"0":"modelengine:entity/brachiosaurus"},"elements":[{"from":[5.457117,5.8587646,5.4998035],"to":[10.540228,8.361054,11.218303],"rotation":{"angle":-22.5,"axis":"x","origin":[7.998672,3.2779436,8.994442]},"faces":{"east":{"uv":[9.5625,7.96875,10.03125,8.15625],"rotation":0,"texture":"#0","tintindex":0},"south":{"uv":[11.1875,1.90625,11.59375,2.09375],"rotation":0,"texture":"#0","tintindex":0},"north":{"uv":[11.125,0.34375,11.53125,0.53125],"rotation":0,"texture":"#0","tintindex":0},"west":{"uv":[10.1875,2.0625,10.65625,2.25],"rotation":0,"texture":"#0","tintindex":0},"up":{"uv":[11.40625,3.59375,11.0,3.125],"rotation":0,"texture":"#0","tintindex":0},"down":{"uv":[11.40625,3.59375,11.0,4.0625],"rotation":0,"texture":"#0","tintindex":0}}},{"from":[5.883917,7.2351933,3.9373178],"to":[5.883917,10.513483,8.879818],"rotation":{"angle":-22.5,"axis":"x","origin":[5.651117,8.874338,6.408568]},"faces":{"east":{"uv":[5.625,3.5625,6.03125,3.8125],"rotation":0,"texture":"#0","tintindex":0},"south":{"uv":[0.0,0.0,0.0,0.25],"rotation":0,"texture":"#0","tintindex":0},"north":{"uv":[0.0,0.0,0.0,0.25],"rotation":0,"texture":"#0","tintindex":0},"west":{"uv":[11.1875,1.34375,11.59375,1.59375],"rotation":0,"texture":"#0","tintindex":0},"up":{"uv":[0.0,0.40625,0.0,0.0],"rotation":0,"texture":"#0","tintindex":0},"down":{"uv":[0.0,0.0,0.0,0.40625],"rotation":0,"texture":"#0","tintindex":0}}},{"from":[10.032181,7.2351933,3.9373178],"to":[10.032181,10.513483,8.879818],"rotation":{"angle":-22.5,"axis":"x","origin":[9.13978,8.874338,6.408568]},"faces":{"east":{"uv":[11.59375,1.34375,11.1875,1.59375],"rotation":0,"texture":"#0","tintindex":0},"south":{"uv":[0.0,0.0,0.0,0.25],"rotation":0,"texture":"#0","tintindex":0},"north":{"uv":[0.0,0.0,0.0,0.25],"rotation":0,"texture":"#0","tintindex":0},"west":{"uv":[6.03125,3.5625,5.625,3.8125],"rotation":0,"texture":"#0","tintindex":0},"up":{"uv":[0.0,0.40625,0.0,0.0],"rotation":0,"texture":"#0","tintindex":0},"down":{"uv":[0.0,0.0,0.0,0.40625],"rotation":0,"texture":"#0","tintindex":0}}},{"from":[6.698717,4.660838,-1.3873119],"to":[6.698717,6.3871274,4.3311872],"rotation":{"angle":-22.5,"axis":"x","origin":[6.698717,5.9895825,1.4719372]},"faces":{"east":{"uv":[7.34375,0.90625,7.8125,1.03125],"rotation":0,"texture":"#0","tintindex":0},"south":{"uv":[0.0,0.0,0.0,0.125],"rotation":0,"texture":"#0","tintindex":0},"north":{"uv":[0.0,0.0,0.0,0.125],"rotation":0,"texture":"#0","tintindex":0},"west":{"uv":[8.84375,4.59375,9.3125,4.71875],"rotation":0,"texture":"#0","tintindex":0},"up":{"uv":[0.0,0.46875,0.0,0.0],"rotation":0,"texture":"#0","tintindex":0},"down":{"uv":[0.0,0.0,0.0,0.46875],"rotation":0,"texture":"#0","tintindex":0}}},{"from":[9.33378,4.660838,-1.3873119],"to":[9.33378,6.3871274,4.3311872],"rotation":{"angle":-22.5,"axis":"x","origin":[8.09218,5.9895825,1.4719372]},"faces":{"east":{"uv":[9.3125,4.59375,8.84375,4.71875],"rotation":0,"texture":"#0","tintindex":0},"south":{"uv":[0.0,0.0,0.0,0.125],"rotation":0,"texture":"#0","tintindex":0},"north":{"uv":[0.0,0.0,0.0,0.125],"rotation":0,"texture":"#0","tintindex":0},"west":{"uv":[7.8125,0.90625,7.34375,1.03125],"rotation":0,"texture":"#0","tintindex":0},"up":{"uv":[0.0,0.46875,0.0,0.0],"rotation":0,"texture":"#0","tintindex":0},"down":{"uv":[0.0,0.0,0.0,0.46875],"rotation":0,"texture":"#0","tintindex":0}}},{"from":[6.7494674,3.7580261,-1.1815157],"to":[9.363967,5.484316,-1.1815157],"rotation":{"angle":0.0,"axis":"y","origin":[8.056717,4.8539705,-1.1815157]},"faces":{"east":{"uv":[0.0,0.0,0.0,0.125],"rotation":0,"texture":"#0","tintindex":0},"south":{"uv":[10.46875,7.125,10.6875,7.25],"rotation":0,"texture":"#0","tintindex":0},"north":{"uv":[10.125,0.71875,10.34375,0.84375],"rotation":0,"texture":"#0","tintindex":0},"west":{"uv":[0.0,0.0,0.0,0.125],"rotation":0,"texture":"#0","tintindex":0},"up":{"uv":[0.21875,0.0,0.0,0.0],"rotation":0,"texture":"#0","tintindex":0},"down":{"uv":[0.21875,0.0,0.0,0.0],"rotation":0,"texture":"#0","tintindex":0}}},{"from":[6.0925055,3.7890658,0.55927277],"to":[9.904839,5.9736614,4.6893005],"rotation":{"angle":-22.5,"axis":"x","origin":[7.998672,4.881364,2.6242862]},"faces":{"east":{"uv":[6.6875,10.1875,7.03125,10.375],"rotation":0,"texture":"#0","tintindex":0},"south":{"uv":[6.375,11.3125,6.6875,11.5],"rotation":0,"texture":"#0","tintindex":0},"north":{"uv":[6.0625,11.3125,6.375,11.5],"rotation":0,"texture":"#0","tintindex":0},"west":{"uv":[11.3125,2.3125,11.65625,2.5],"rotation":0,"texture":"#0","tintindex":0},"up":{"uv":[11.4375,1.0625,11.125,0.71875],"rotation":0,"texture":"#0","tintindex":0},"down":{"uv":[1.21875,11.125,0.90625,11.46875],"rotation":0,"texture":"#0","tintindex":0}}},{"from":[6.4102,3.5508986,-1.2995195],"to":[9.587144,4.7824106,0.606647],"rotation":{"angle":-22.5,"axis":"x","origin":[7.998672,4.166655,-0.34643555]},"faces":{"east":{"uv":[0.0,8.125,0.15625,8.21875],"rotation":0,"texture":"#0","tintindex":0},"south":{"uv":[2.3125,6.375,2.5625,6.46875],"rotation":0,"texture":"#0","tintindex":0},"north":{"uv":[6.15625,2.28125,6.40625,2.375],"rotation":0,"texture":"#0","tintindex":0},"west":{"uv":[0.15625,8.125,0.3125,8.21875],"rotation":0,"texture":"#0","tintindex":0},"up":{"uv":[9.5625,4.75,9.3125,4.59375],"rotation":0,"texture":"#0","tintindex":0},"down":{"uv":[1.46875,11.125,1.21875,11.28125],"rotation":0,"texture":"#0","tintindex":0}}},{"from":[6.7278943,3.279984,-0.7766819],"to":[9.26945,4.5114956,1.4471793],"rotation":{"angle":0.0,"axis":"y","origin":[7.998672,3.8957396,0.33524895]},"faces":{"east":{"uv":[1.84375,7.34375,2.03125,7.4375],"rotation":0,"texture":"#0","tintindex":0},"south":{"uv":[1.625,7.34375,1.84375,7.4375],"rotation":0,"texture":"#0","tintindex":0},"north":{"uv":[6.40625,2.28125,6.625,2.375],"rotation":0,"texture":"#0","tintindex":0},"west":{"uv":[2.03125,7.34375,2.21875,7.4375],"rotation":0,"texture":"#0","tintindex":0},"up":{"uv":[10.0625,10.96875,9.84375,10.78125],"rotation":0,"texture":"#0","tintindex":0},"down":{"uv":[8.375,10.875,8.15625,11.0625],"rotation":0,"texture":"#0","tintindex":0}}}],"display":{"head":{"translation":[0.0,-6.4,0.0],"scale":[4.0,4.0,4.0]}}}