{"textures":{"0":"modelengine:entity/brachiosaurus"},"elements":[{"from":[4.3673096,4.941092,4.428291],"to":[11.628897,8.515792,12.597576],"rotation":{"angle":-22.5,"axis":"x","origin":[7.998103,1.2542052,9.420631]},"faces":{"east":{"uv":[9.5625,7.96875,10.03125,8.15625],"rotation":0,"texture":"#0","tintindex":0},"south":{"uv":[11.1875,1.90625,11.59375,2.09375],"rotation":0,"texture":"#0","tintindex":0},"north":{"uv":[11.125,0.34375,11.53125,0.53125],"rotation":0,"texture":"#0","tintindex":0},"west":{"uv":[10.1875,2.0625,10.65625,2.25],"rotation":0,"texture":"#0","tintindex":0},"up":{"uv":[11.40625,3.59375,11.0,3.125],"rotation":0,"texture":"#0","tintindex":0},"down":{"uv":[11.40625,3.59375,11.0,4.0625],"rotation":0,"texture":"#0","tintindex":0}}},{"from":[4.977024,6.907419,2.196169],"to":[4.977024,11.590691,9.256883],"rotation":{"angle":-22.5,"axis":"x","origin":[4.6444526,9.249055,5.7265253]},"faces":{"east":{"uv":[5.625,3.5625,6.03125,3.8125],"rotation":0,"texture":"#0","tintindex":0},"south":{"uv":[0.0,0.0,0.0,0.25],"rotation":0,"texture":"#0","tintindex":0},"north":{"uv":[0.0,0.0,0.0,0.25],"rotation":0,"texture":"#0","tintindex":0},"west":{"uv":[11.1875,1.34375,11.59375,1.59375],"rotation":0,"texture":"#0","tintindex":0},"up":{"uv":[0.0,0.40625,0.0,0.0],"rotation":0,"texture":"#0","tintindex":0},"down":{"uv":[0.0,0.0,0.0,0.40625],"rotation":0,"texture":"#0","tintindex":0}}},{"from":[10.903114,6.907419,2.196169],"to":[10.903114,11.590691,9.256883],"rotation":{"angle":-22.5,"axis":"x","origin":[9.628258,9.249055,5.7265253]},"faces":{"east":{"uv":[11.59375,1.34375,11.1875,1.59375],"rotation":0,"texture":"#0","tintindex":0},"south":{"uv":[0.0,0.0,0.0,0.25],"rotation":0,"texture":"#0","tintindex":0},"north":{"uv":[0.0,0.0,0.0,0.25],"rotation":0,"texture":"#0","tintindex":0},"west":{"uv":[6.03125,3.5625,5.625,3.8125],"rotation":0,"texture":"#0","tintindex":0},"up":{"uv":[0.0,0.40625,0.0,0.0],"rotation":0,"texture":"#0","tintindex":0},"down":{"uv":[0.0,0.0,0.0,0.40625],"rotation":0,"texture":"#0","tintindex":0}}},{"from":[6.141024,3.2297683,-5.410447],"to":[6.141024,5.695896,2.7588387],"rotation":{"angle":-22.5,"axis":"x","origin":[6.141024,5.127975,-1.3258038]},"faces":{"east":{"uv":[7.34375,0.90625,7.8125,1.03125],"rotation":0,"texture":"#0","tintindex":0},"south":{"uv":[0.0,0.0,0.0,0.125],"rotation":0,"texture":"#0","tintindex":0},"north":{"uv":[0.0,0.0,0.0,0.125],"rotation":0,"texture":"#0","tintindex":0},"west":{"uv":[8.84375,4.59375,9.3125,4.71875],"rotation":0,"texture":"#0","tintindex":0},"up":{"uv":[0.0,0.46875,0.0,0.0],"rotation":0,"texture":"#0","tintindex":0},"down":{"uv":[0.0,0.0,0.0,0.46875],"rotation":0,"texture":"#0","tintindex":0}}},{"from":[9.9054,3.2297683,-5.410447],"to":[9.9054,5.695896,2.7588387],"rotation":{"angle":-22.5,"axis":"x","origin":[8.131686,5.127975,-1.3258038]},"faces":{"east":{"uv":[9.3125,4.59375,8.84375,4.71875],"rotation":0,"texture":"#0","tintindex":0},"south":{"uv":[0.0,0.0,0.0,0.125],"rotation":0,"texture":"#0","tintindex":0},"north":{"uv":[0.0,0.0,0.0,0.125],"rotation":0,"texture":"#0","tintindex":0},"west":{"uv":[7.8125,0.90625,7.34375,1.03125],"rotation":0,"texture":"#0","tintindex":0},"up":{"uv":[0.0,0.46875,0.0,0.0],"rotation":0,"texture":"#0","tintindex":0},"down":{"uv":[0.0,0.0,0.0,0.46875],"rotation":0,"texture":"#0","tintindex":0}}},{"from":[6.213525,1.9400373,-5.1164503],"to":[9.9485235,4.406165,-5.1164503],"rotation":{"angle":0.0,"axis":"y","origin":[8.081024,3.5056725,-5.1164503]},"faces":{"east":{"uv":[0.0,0.0,0.0,0.125],"rotation":0,"texture":"#0","tintindex":0},"south":{"uv":[10.46875,7.125,10.6875,7.25],"rotation":0,"texture":"#0","tintindex":0},"north":{"uv":[10.125,0.71875,10.34375,0.84375],"rotation":0,"texture":"#0","tintindex":0},"west":{"uv":[0.0,0.0,0.0,0.125],"rotation":0,"texture":"#0","tintindex":0},"up":{"uv":[0.21875,0.0,0.0,0.0],"rotation":0,"texture":"#0","tintindex":0},"down":{"uv":[0.21875,0.0,0.0,0.0],"rotation":0,"texture":"#0","tintindex":0}}},{"from":[5.275008,1.9843798,-2.62961],"to":[10.721198,5.1052303,3.2704291],"rotation":{"angle":-22.5,"axis":"x","origin":[7.998103,3.544805,0.32040977]},"faces":{"east":{"uv":[6.6875,10.1875,7.03125,10.375],"rotation":0,"texture":"#0","tintindex":0},"south":{"uv":[6.375,11.3125,6.6875,11.5],"rotation":0,"texture":"#0","tintindex":0},"north":{"uv":[6.0625,11.3125,6.375,11.5],"rotation":0,"texture":"#0","tintindex":0},"west":{"uv":[11.3125,2.3125,11.65625,2.5],"rotation":0,"texture":"#0","tintindex":0},"up":{"uv":[11.4375,1.0625,11.125,0.71875],"rotation":0,"texture":"#0","tintindex":0},"down":{"uv":[1.21875,11.125,0.90625,11.46875],"rotation":0,"texture":"#0","tintindex":0}}},{"from":[5.728857,1.6441412,-5.2850275],"to":[10.267349,3.4034443,-2.5619326],"rotation":{"angle":-22.5,"axis":"x","origin":[7.998103,2.5237927,-3.92348]},"faces":{"east":{"uv":[0.0,8.125,0.15625,8.21875],"rotation":0,"texture":"#0","tintindex":0},"south":{"uv":[2.3125,6.375,2.5625,6.46875],"rotation":0,"texture":"#0","tintindex":0},"north":{"uv":[6.15625,2.28125,6.40625,2.375],"rotation":0,"texture":"#0","tintindex":0},"west":{"uv":[0.15625,8.125,0.3125,8.21875],"rotation":0,"texture":"#0","tintindex":0},"up":{"uv":[9.5625,4.75,9.3125,4.59375],"rotation":0,"texture":"#0","tintindex":0},"down":{"uv":[1.46875,11.125,1.21875,11.28125],"rotation":0,"texture":"#0","tintindex":0}}},{"from":[6.1827064,1.2571197,-4.5381174],"to":[9.813499,3.0164227,-1.3611727],"rotation":{"angle":0.0,"axis":"y","origin":[7.998103,2.1367712,-2.949644]},"faces":{"east":{"uv":[1.84375,7.34375,2.03125,7.4375],"rotation":0,"texture":"#0","tintindex":0},"south":{"uv":[1.625,7.34375,1.84375,7.4375],"rotation":0,"texture":"#0","tintindex":0},"north":{"uv":[6.40625,2.28125,6.625,2.375],"rotation":0,"texture":"#0","tintindex":0},"west":{"uv":[2.03125,7.34375,2.21875,7.4375],"rotation":0,"texture":"#0","tintindex":0},"up":{"uv":[10.0625,10.96875,9.84375,10.78125],"rotation":0,"texture":"#0","tintindex":0},"down":{"uv":[8.375,10.875,8.15625,11.0625],"rotation":0,"texture":"#0","tintindex":0}}}],"display":{"head":{"translation":[0.0,-6.4,0.0],"scale":[4.0,4.0,4.0]}}}