{"textures":{"0":"modelengine:entity/brachiosaurus"},"elements":[{"from":[2.2071428,3.609116,-1.7735109],"to":[13.635715,16.180546,11.369348],"rotation":{"angle":45.0,"axis":"x","origin":[7.292857,7.609116,6.7979183]},"faces":{"east":{"uv":[5.75,7.15625,6.46875,7.84375],"rotation":0,"texture":"#0","tintindex":0},"south":{"uv":[9.5625,7.28125,10.1875,7.96875],"rotation":0,"texture":"#0","tintindex":0},"north":{"uv":[9.5625,1.5625,10.1875,2.25],"rotation":0,"texture":"#0","tintindex":0},"west":{"uv":[8.90625,2.75,9.625,3.4375],"rotation":0,"texture":"#0","tintindex":0},"up":{"uv":[1.25,10.125,0.625,9.40625],"rotation":0,"texture":"#0","tintindex":0},"down":{"uv":[1.875,9.40625,1.25,10.125],"rotation":0,"texture":"#0","tintindex":0}}},{"from":[5.0642858,0.57178974,-0.48779583],"to":[10.778572,14.857504,9.797918],"rotation":{"angle":45.0,"axis":"x","origin":[7.292857,7.609116,6.7979183]},"faces":{"east":{"uv":[9.5,9.03125,10.0625,9.8125],"rotation":0,"texture":"#0","tintindex":0},"south":{"uv":[10.6875,7.125,11.0,7.90625],"rotation":0,"texture":"#0","tintindex":0},"north":{"uv":[4.78125,10.46875,5.09375,11.25],"rotation":0,"texture":"#0","tintindex":0},"west":{"uv":[5.75,9.53125,6.3125,10.3125],"rotation":0,"texture":"#0","tintindex":0},"up":{"uv":[11.3125,7.96875,11.0,7.40625],"rotation":0,"texture":"#0","tintindex":0},"down":{"uv":[10.15625,11.0,9.84375,11.5625],"rotation":0,"texture":"#0","tintindex":0}}},{"from":[3.0642858,4.566259,-13.202082],"to":[12.778572,15.423403,-0.059225082],"rotation":{"angle":45.0,"axis":"x","origin":[7.292857,7.609116,6.7979183]},"faces":{"east":{"uv":[9.59375,4.59375,10.3125,5.1875],"rotation":0,"texture":"#0","tintindex":0},"south":{"uv":[10.46875,3.71875,11.0,4.3125],"rotation":0,"texture":"#0","tintindex":0},"north":{"uv":[10.46875,3.125,11.0,3.71875],"rotation":0,"texture":"#0","tintindex":0},"west":{"uv":[6.3125,9.59375,7.03125,10.1875],"rotation":0,"texture":"#0","tintindex":0},"up":{"uv":[9.3125,10.625,8.78125,9.90625],"rotation":0,"texture":"#0","tintindex":0},"down":{"uv":[10.46875,3.65625,9.9375,4.375],"rotation":0,"texture":"#0","tintindex":0}}},{"from":[5.9214287,1.8146467,-11.74494],"to":[9.921429,5.2432184,1.3979182],"rotation":{"angle":45.0,"axis":"x","origin":[7.292857,7.609116,6.7979183]},"faces":{"east":{"uv":[8.90625,3.4375,9.625,3.625],"rotation":0,"texture":"#0","tintindex":0},"south":{"uv":[3.59375,10.5,3.8125,10.6875],"rotation":0,"texture":"#0","tintindex":0},"north":{"uv":[4.40625,9.15625,4.625,9.34375],"rotation":0,"texture":"#0","tintindex":0},"west":{"uv":[10.625,0.53125,11.34375,0.71875],"rotation":0,"texture":"#0","tintindex":0},"up":{"uv":[7.3125,9.46875,7.09375,8.75],"rotation":0,"texture":"#0","tintindex":0},"down":{"uv":[6.3125,10.3125,6.09375,11.03125],"rotation":0,"texture":"#0","tintindex":0}}}],"display":{"head":{"translation":[0.0,-6.4,0.0],"scale":[4.0,4.0,4.0]}}}