{"textures":{"0":"modelengine:entity/brachiosaurus"},"elements":[{"from":[0.12857151,6.571428,-2.4144955],"to":[15.557143,22.571428,13.014076],"rotation":{"angle":45.0,"axis":"x","origin":[7.7,11.142857,-1.8430672]},"faces":{"east":{"uv":[2.46875,7.4375,3.3125,8.3125],"rotation":0,"texture":"#0","tintindex":0},"south":{"uv":[7.46875,5.0625,8.3125,5.9375],"rotation":0,"texture":"#0","tintindex":0},"north":{"uv":[1.625,7.4375,2.46875,8.3125],"rotation":0,"texture":"#0","tintindex":0},"west":{"uv":[7.59375,1.9375,8.4375,2.8125],"rotation":0,"texture":"#0","tintindex":0},"up":{"uv":[8.21875,8.6875,7.375,7.84375],"rotation":0,"texture":"#0","tintindex":0},"down":{"uv":[8.90625,2.8125,8.0625,3.65625],"rotation":0,"texture":"#0","tintindex":0}}},{"from":[4.1571426,1.9187899,-1.4716387],"to":[12.157143,7.0616474,13.956933],"rotation":{"angle":45.0,"axis":"x","origin":[7.5857143,11.142857,-1.8430672]},"faces":{"east":{"uv":[10.46875,8.5,11.3125,8.78125],"rotation":0,"texture":"#0","tintindex":0},"south":{"uv":[11.09375,10.0,11.53125,10.28125],"rotation":0,"texture":"#0","tintindex":0},"north":{"uv":[7.59375,2.8125,8.03125,3.09375],"rotation":0,"texture":"#0","tintindex":0},"west":{"uv":[10.65625,10.75,11.5,11.03125],"rotation":0,"texture":"#0","tintindex":0},"up":{"uv":[4.25,10.875,3.8125,10.03125],"rotation":0,"texture":"#0","tintindex":0},"down":{"uv":[10.46875,7.96875,10.03125,8.8125],"rotation":0,"texture":"#0","tintindex":0}}},{"from":[1.4428568,17.714285,-11.557354],"to":[14.585714,32.0,5.0140753],"rotation":{"angle":45.0,"axis":"x","origin":[7.3,22.285713,-12.128782]},"faces":{"east":{"uv":[7.46875,5.9375,8.375,6.71875],"rotation":0,"texture":"#0","tintindex":0},"south":{"uv":[5.75,8.75,6.46875,9.53125],"rotation":0,"texture":"#0","tintindex":0},"north":{"uv":[8.375,5.6875,9.09375,6.46875],"rotation":0,"texture":"#0","tintindex":0},"west":{"uv":[8.09375,0.90625,9.0,1.6875],"rotation":0,"texture":"#0","tintindex":0},"up":{"uv":[8.9375,9.09375,8.21875,8.1875],"rotation":0,"texture":"#0","tintindex":0},"down":{"uv":[4.65625,8.25,3.9375,9.15625],"rotation":0,"texture":"#0","tintindex":0}}},{"from":[4.7285714,14.204504,-9.814497],"to":[11.585714,18.204504,6.185504],"rotation":{"angle":45.0,"axis":"x","origin":[7.5857143,22.285713,-12.128782]},"faces":{"east":{"uv":[10.96875,8.78125,11.84375,9.0],"rotation":0,"texture":"#0","tintindex":0},"south":{"uv":[11.125,2.90625,11.5,3.125],"rotation":0,"texture":"#0","tintindex":0},"north":{"uv":[9.9375,4.375,10.3125,4.59375],"rotation":0,"texture":"#0","tintindex":0},"west":{"uv":[10.96875,9.0,11.84375,9.21875],"rotation":0,"texture":"#0","tintindex":0},"up":{"uv":[6.6875,11.0625,6.3125,10.1875],"rotation":0,"texture":"#0","tintindex":0},"down":{"uv":[3.09375,10.21875,2.71875,11.09375],"rotation":0,"texture":"#0","tintindex":0}}}],"display":{"head":{"translation":[0.0,20.054499,0.0],"scale":[4.0,4.0,4.0]}}}