{"textures":{"0":"modelengine:entity/brachiosaurus"},"elements":[{"from":[7.2,-12.014288,-9.672153],"to":[10.057143,-8.585714,3.4707046],"rotation":{"angle":45.0,"axis":"x","origin":[8.0,-6.8571434,22.270706]},"faces":{"east":{"uv":[11.0625,9.625,11.78125,9.8125],"rotation":0,"texture":"#0","tintindex":0},"south":{"uv":[2.25,10.46875,2.40625,10.65625],"rotation":0,"texture":"#0","tintindex":0},"north":{"uv":[9.0625,6.53125,9.21875,6.71875],"rotation":0,"texture":"#0","tintindex":0},"west":{"uv":[11.0625,9.8125,11.78125,10.0],"rotation":0,"texture":"#0","tintindex":0},"up":{"uv":[8.9375,9.8125,8.78125,9.09375],"rotation":0,"texture":"#0","tintindex":0},"down":{"uv":[4.6875,11.03125,4.53125,11.75],"rotation":0,"texture":"#0","tintindex":0}}},{"from":[4.0571427,-9.328573,-9.729296],"to":[13.200001,0.38571405,3.4135618],"rotation":{"angle":45.0,"axis":"x","origin":[8.0,-6.8571434,22.270706]},"faces":{"east":{"uv":[4.40625,9.9375,5.125,10.46875],"rotation":0,"texture":"#0","tintindex":0},"south":{"uv":[10.625,0.0,11.125,0.53125],"rotation":0,"texture":"#0","tintindex":0},"north":{"uv":[1.0,10.59375,1.5,11.125],"rotation":0,"texture":"#0","tintindex":0},"west":{"uv":[7.65625,9.96875,8.375,10.5],"rotation":0,"texture":"#0","tintindex":0},"up":{"uv":[10.625,0.71875,10.125,0.0],"rotation":0,"texture":"#0","tintindex":0},"down":{"uv":[1.0,10.125,0.5,10.84375],"rotation":0,"texture":"#0","tintindex":0}}},{"from":[5.0571427,13.746716,-8.285713],"to":[12.485714,24.03243,4.857144],"rotation":{"angle":22.5,"axis":"x","origin":[8.771429,21.632431,-3.999999]},"faces":{"east":{"uv":[9.625,0.84375,10.34375,1.40625],"rotation":0,"texture":"#0","tintindex":0},"south":{"uv":[0.5,10.84375,0.90625,11.40625],"rotation":0,"texture":"#0","tintindex":0},"north":{"uv":[10.8125,4.3125,11.21875,4.875],"rotation":0,"texture":"#0","tintindex":0},"west":{"uv":[9.625,3.09375,10.34375,3.65625],"rotation":0,"texture":"#0","tintindex":0},"up":{"uv":[8.78125,11.0625,8.375,10.34375],"rotation":0,"texture":"#0","tintindex":0},"down":{"uv":[7.625,10.375,7.21875,11.09375],"rotation":0,"texture":"#0","tintindex":0}}},{"from":[5.6285715,11.518145,-16.0],"to":[11.914286,21.80386,-7.42857],"rotation":{"angle":-22.5,"axis":"x","origin":[8.771429,25.632431,-16.0]},"faces":{"east":{"uv":[0.625,8.84375,1.09375,9.40625],"rotation":0,"texture":"#0","tintindex":0},"south":{"uv":[6.6875,10.96875,7.03125,11.53125],"rotation":0,"texture":"#0","tintindex":0},"north":{"uv":[5.09375,10.9375,5.4375,11.5],"rotation":0,"texture":"#0","tintindex":0},"west":{"uv":[8.78125,10.625,9.25,11.1875],"rotation":0,"texture":"#0","tintindex":0},"up":{"uv":[11.34375,8.4375,11.0,7.96875],"rotation":0,"texture":"#0","tintindex":0},"down":{"uv":[10.5,11.0,10.15625,11.46875],"rotation":0,"texture":"#0","tintindex":0}}}],"display":{"head":{"translation":[0.0,-6.4,-4.5113907],"scale":[4.0,4.0,4.0]}}}