{"textures":{"0":"modelengine:entity/brachiosaurus"},"elements":[{"from":[2.4899998,11.629537,0.7098527],"to":[13.29,22.829536,11.509853],"rotation":{"angle":45.0,"axis":"x","origin":[7.79,14.829536,1.1098528]},"faces":{"east":{"uv":[2.46875,7.4375,3.3125,8.3125],"rotation":0,"texture":"#0","tintindex":0},"south":{"uv":[7.46875,5.0625,8.3125,5.9375],"rotation":0,"texture":"#0","tintindex":0},"north":{"uv":[1.625,7.4375,2.46875,8.3125],"rotation":0,"texture":"#0","tintindex":0},"west":{"uv":[7.59375,1.9375,8.4375,2.8125],"rotation":0,"texture":"#0","tintindex":0},"up":{"uv":[8.21875,8.6875,7.375,7.84375],"rotation":0,"texture":"#0","tintindex":0},"down":{"uv":[8.90625,2.8125,8.0625,3.65625],"rotation":0,"texture":"#0","tintindex":0}}},{"from":[5.31,8.37269,1.3698525],"to":[10.91,11.972691,12.169853],"rotation":{"angle":45.0,"axis":"x","origin":[7.71,14.829536,1.1098528]},"faces":{"east":{"uv":[10.46875,8.5,11.3125,8.78125],"rotation":0,"texture":"#0","tintindex":0},"south":{"uv":[11.09375,10.0,11.53125,10.28125],"rotation":0,"texture":"#0","tintindex":0},"north":{"uv":[7.59375,2.8125,8.03125,3.09375],"rotation":0,"texture":"#0","tintindex":0},"west":{"uv":[10.65625,10.75,11.5,11.03125],"rotation":0,"texture":"#0","tintindex":0},"up":{"uv":[4.25,10.875,3.8125,10.03125],"rotation":0,"texture":"#0","tintindex":0},"down":{"uv":[10.46875,7.96875,10.03125,8.8125],"rotation":0,"texture":"#0","tintindex":0}}},{"from":[3.4099998,19.429539,-5.6901484],"to":[12.610001,29.429539,5.909853],"rotation":{"angle":45.0,"axis":"x","origin":[7.5099998,22.629536,-6.090147]},"faces":{"east":{"uv":[7.46875,5.9375,8.375,6.71875],"rotation":0,"texture":"#0","tintindex":0},"south":{"uv":[5.75,8.75,6.46875,9.53125],"rotation":0,"texture":"#0","tintindex":0},"north":{"uv":[8.375,5.6875,9.09375,6.46875],"rotation":0,"texture":"#0","tintindex":0},"west":{"uv":[8.09375,0.90625,9.0,1.6875],"rotation":0,"texture":"#0","tintindex":0},"up":{"uv":[8.9375,9.09375,8.21875,8.1875],"rotation":0,"texture":"#0","tintindex":0},"down":{"uv":[4.65625,8.25,3.9375,9.15625],"rotation":0,"texture":"#0","tintindex":0}}},{"from":[5.71,16.97269,-4.470148],"to":[10.51,19.77269,6.7298527],"rotation":{"angle":45.0,"axis":"x","origin":[7.71,22.629536,-6.090147]},"faces":{"east":{"uv":[10.96875,8.78125,11.84375,9.0],"rotation":0,"texture":"#0","tintindex":0},"south":{"uv":[11.125,2.90625,11.5,3.125],"rotation":0,"texture":"#0","tintindex":0},"north":{"uv":[9.9375,4.375,10.3125,4.59375],"rotation":0,"texture":"#0","tintindex":0},"west":{"uv":[10.96875,9.0,11.84375,9.21875],"rotation":0,"texture":"#0","tintindex":0},"up":{"uv":[6.6875,11.0625,6.3125,10.1875],"rotation":0,"texture":"#0","tintindex":0},"down":{"uv":[3.09375,10.21875,2.71875,11.09375],"rotation":0,"texture":"#0","tintindex":0}}}],"display":{"head":{"translation":[0.0,-6.4,0.0],"scale":[4.0,4.0,4.0]}}}