{"textures":{"0":"modelengine:entity/brachiosaurus"},"elements":[{"from":[4.6,-5.200001,4.2],"to":[11.4,-1.6000004,11.8],"rotation":{"angle":0.0,"axis":"y","origin":[8.0,-3.6000004,8.0]},"faces":{"east":{"uv":[9.59375,2.40625,9.0,2.6875],"rotation":0,"texture":"#0","tintindex":0},"south":{"uv":[9.78125,11.03125,9.25,11.3125],"rotation":0,"texture":"#0","tintindex":0},"north":{"uv":[8.15625,11.03125,7.625,11.3125],"rotation":0,"texture":"#0","tintindex":0},"west":{"uv":[6.75,2.0,6.15625,2.28125],"rotation":0,"texture":"#0","tintindex":0},"up":{"uv":[5.5625,10.90625,6.09375,10.3125],"rotation":0,"texture":"#0","tintindex":0},"down":{"uv":[6.6875,10.375,7.21875,10.96875],"rotation":0,"texture":"#0","tintindex":0}}},{"from":[4.8,-2.1400013,4.7],"to":[11.2,8.66,11.5],"rotation":{"angle":0.0,"axis":"y","origin":[8.0,2.6599994,5.9799995]},"faces":{"east":{"uv":[3.3125,9.375,2.78125,10.21875],"rotation":0,"texture":"#0","tintindex":0},"south":{"uv":[10.125,2.25,9.625,3.09375],"rotation":0,"texture":"#0","tintindex":0},"north":{"uv":[10.125,0.0,9.625,0.84375],"rotation":0,"texture":"#0","tintindex":0},"west":{"uv":[5.75,9.3125,5.21875,10.15625],"rotation":0,"texture":"#0","tintindex":0},"up":{"uv":[3.09375,11.03125,3.59375,10.5],"rotation":0,"texture":"#0","tintindex":0},"down":{"uv":[7.625,10.5,8.125,11.03125],"rotation":0,"texture":"#0","tintindex":0}}}],"display":{"head":{"translation":[0.0,-6.4,0.0],"scale":[4.0,4.0,4.0]}}}