{"textures":{"0":"modelengine:entity/brachiosaurus"},"elements":[{"from":[3.0476189,-4.796674,-0.5589771],"to":[13.333334,15.203327,14.869595],"rotation":{"angle":-22.5,"axis":"x","origin":[7.904762,6.346184,10.869595]},"faces":{"east":{"uv":[7.3125,6.75,6.46875,7.84375],"rotation":0,"texture":"#0","tintindex":0},"south":{"uv":[1.65625,8.3125,1.09375,9.40625],"rotation":0,"texture":"#0","tintindex":0},"north":{"uv":[5.21875,8.25,4.65625,9.34375],"rotation":0,"texture":"#0","tintindex":0},"west":{"uv":[7.59375,2.0,6.75,3.09375],"rotation":0,"texture":"#0","tintindex":0},"up":{"uv":[9.0,2.40625,9.5625,1.5625],"rotation":0,"texture":"#0","tintindex":0},"down":{"uv":[9.0,7.34375,9.5625,8.1875],"rotation":0,"texture":"#0","tintindex":0}}}],"display":{"head":{"translation":[0.0,-6.4,0.0],"scale":[4.0,4.0,4.0]}}}