{"textures":{"0":"modelengine:entity/brachiosaurus"},"elements":[{"from":[3.4285712,-6.242857,3.2142854],"to":[12.571428,9.185715,12.928572],"rotation":{"angle":0.0,"axis":"y","origin":[8.0,1.4714284,8.071428]},"faces":{"east":{"uv":[10.03125,8.1875,9.5,9.03125],"rotation":0,"texture":"#0","tintindex":0},"south":{"uv":[0.5,9.6875,0.0,10.53125],"rotation":0,"texture":"#0","tintindex":0},"north":{"uv":[10.15625,5.1875,9.65625,6.03125],"rotation":0,"texture":"#0","tintindex":0},"west":{"uv":[2.40625,9.40625,1.875,10.25],"rotation":0,"texture":"#0","tintindex":0},"up":{"uv":[0.0,11.0625,0.5,10.53125],"rotation":0,"texture":"#0","tintindex":0},"down":{"uv":[10.5625,9.625,11.0625,10.15625],"rotation":0,"texture":"#0","tintindex":0}}},{"from":[3.142857,-10.614286,2.4999995],"to":[12.857143,-6.042858,13.357143],"rotation":{"angle":0.0,"axis":"y","origin":[8.0,-8.328573,7.928571]},"faces":{"east":{"uv":[11.09375,11.03125,10.5,11.28125],"rotation":0,"texture":"#0","tintindex":0},"south":{"uv":[8.6875,11.0625,8.15625,11.3125],"rotation":0,"texture":"#0","tintindex":0},"north":{"uv":[6.59375,11.0625,6.0625,11.3125],"rotation":0,"texture":"#0","tintindex":0},"west":{"uv":[11.59375,4.0625,11.0,4.3125],"rotation":0,"texture":"#0","tintindex":0},"up":{"uv":[10.125,11.0,10.65625,10.40625],"rotation":0,"texture":"#0","tintindex":0},"down":{"uv":[6.6875,10.375,7.21875,10.96875],"rotation":0,"texture":"#0","tintindex":0}}}],"display":{"head":{"translation":[0.0,-6.4,0.0],"scale":[4.0,4.0,4.0]}}}