{"textures":{"0":"modelengine:entity/brachiosaurus"},"elements":[{"from":[6.0,6.65,15.999998],"to":[10.0,11.45,32.0],"rotation":{"angle":0.0,"axis":"y","origin":[8.0,4.6499996,19.199997]},"faces":{"east":{"uv":[9.21875,6.53125,10.46875,6.90625],"rotation":0,"texture":"#0","tintindex":0},"south":{"uv":[11.09375,11.03125,11.40625,11.40625],"rotation":0,"texture":"#0","tintindex":0},"north":{"uv":[11.09375,10.28125,11.40625,10.65625],"rotation":0,"texture":"#0","tintindex":0},"west":{"uv":[9.21875,6.90625,10.46875,7.28125],"rotation":0,"texture":"#0","tintindex":0},"up":{"uv":[8.78125,10.34375,8.46875,9.09375],"rotation":0,"texture":"#0","tintindex":0},"down":{"uv":[2.71875,9.40625,2.40625,10.65625],"rotation":0,"texture":"#0","tintindex":0}}},{"from":[6.8,3.8892288,15.627722],"to":[9.2,7.089229,24.427723],"rotation":{"angle":0.0,"axis":"y","origin":[8.0,4.6499996,19.199997]},"faces":{"east":{"uv":[4.9375,2.375,5.625,2.625],"rotation":0,"texture":"#0","tintindex":0},"south":{"uv":[3.09375,10.21875,3.28125,10.46875],"rotation":0,"texture":"#0","tintindex":0},"north":{"uv":[1.8125,2.875,2.0,3.125],"rotation":0,"texture":"#0","tintindex":0},"west":{"uv":[8.375,6.46875,9.0625,6.71875],"rotation":0,"texture":"#0","tintindex":0},"up":{"uv":[2.0,2.875,1.8125,2.1875],"rotation":0,"texture":"#0","tintindex":0},"down":{"uv":[7.21875,10.96875,7.03125,11.65625],"rotation":0,"texture":"#0","tintindex":0}}},{"from":[5.2,4.73,6.8399982],"to":[10.8,12.33,16.839998],"rotation":{"angle":0.0,"axis":"y","origin":[8.0,8.13,1.0399976]},"faces":{"east":{"uv":[4.0625,5.5,4.84375,6.09375],"rotation":0,"texture":"#0","tintindex":0},"south":{"uv":[10.65625,10.15625,11.09375,10.75],"rotation":0,"texture":"#0","tintindex":0},"north":{"uv":[2.25,10.65625,2.6875,11.25],"rotation":0,"texture":"#0","tintindex":0},"west":{"uv":[4.40625,9.34375,5.1875,9.9375],"rotation":0,"texture":"#0","tintindex":0},"up":{"uv":[10.5625,10.40625,10.125,9.625],"rotation":0,"texture":"#0","tintindex":0},"down":{"uv":[5.5625,10.15625,5.125,10.9375],"rotation":0,"texture":"#0","tintindex":0}}},{"from":[6.0,2.4492288,7.027722],"to":[10.0,6.4492292,15.827722],"rotation":{"angle":0.0,"axis":"y","origin":[8.0,1.2499995,0.7999978]},"faces":{"east":{"uv":[0.0,7.8125,0.6875,8.125],"rotation":0,"texture":"#0","tintindex":0},"south":{"uv":[8.6875,11.1875,9.0,11.5],"rotation":0,"texture":"#0","tintindex":0},"north":{"uv":[11.1875,1.59375,11.5,1.90625],"rotation":0,"texture":"#0","tintindex":0},"west":{"uv":[10.8125,4.875,11.5,5.1875],"rotation":0,"texture":"#0","tintindex":0},"up":{"uv":[1.8125,11.59375,1.5,10.90625],"rotation":0,"texture":"#0","tintindex":0},"down":{"uv":[2.125,10.90625,1.8125,11.59375],"rotation":0,"texture":"#0","tintindex":0}}}],"display":{"head":{"translation":[0.0,-6.4,5.3600082],"scale":[4.0,4.0,4.0]}}}