{"textures":{"0":"modelengine:entity/brachiosaurus"},"elements":[{"from":[0.0,2.1511254,-2.8000002],"to":[16.0,18.151127,13.771429],"rotation":{"angle":0.0,"axis":"y","origin":[8.0,10.43684,5.485714]},"faces":{"east":{"uv":[0.0,2.1875,0.90625,3.0625],"rotation":0,"texture":"#0","tintindex":0},"south":{"uv":[7.34375,4.1875,8.21875,5.0625],"rotation":0,"texture":"#0","tintindex":0},"north":{"uv":[0.75,7.34375,1.625,8.21875],"rotation":0,"texture":"#0","tintindex":0},"west":{"uv":[0.90625,2.1875,1.8125,3.0625],"rotation":0,"texture":"#0","tintindex":0},"up":{"uv":[8.09375,1.9375,7.21875,1.03125],"rotation":0,"texture":"#0","tintindex":0},"down":{"uv":[8.21875,0.0,7.34375,0.90625],"rotation":0,"texture":"#0","tintindex":0}}},{"from":[0.5714283,-3.106017,-3.1428576],"to":[15.428572,4.322554,13.428572],"rotation":{"angle":0.0,"axis":"y","origin":[8.0,0.60826826,5.1428576]},"faces":{"east":{"uv":[10.0625,8.8125,10.96875,9.21875],"rotation":0,"texture":"#0","tintindex":0},"south":{"uv":[10.15625,5.59375,10.96875,6.0],"rotation":0,"texture":"#0","tintindex":0},"north":{"uv":[10.15625,5.1875,10.96875,5.59375],"rotation":0,"texture":"#0","tintindex":0},"west":{"uv":[10.0625,9.21875,10.96875,9.625],"rotation":0,"texture":"#0","tintindex":0},"up":{"uv":[6.5625,8.75,5.75,7.84375],"rotation":0,"texture":"#0","tintindex":0},"down":{"uv":[7.375,7.84375,6.5625,8.75],"rotation":0,"texture":"#0","tintindex":0}}},{"from":[3.4285712,-1.7917318,9.428572],"to":[12.571428,5.63684,23.714287],"rotation":{"angle":0.0,"axis":"y","origin":[8.0,0.60826826,1.1428571]},"faces":{"east":{"uv":[10.34375,0.71875,11.125,1.125],"rotation":0,"texture":"#0","tintindex":0},"south":{"uv":[10.96875,5.59375,11.46875,6.0],"rotation":0,"texture":"#0","tintindex":0},"north":{"uv":[10.96875,5.1875,11.46875,5.59375],"rotation":0,"texture":"#0","tintindex":0},"west":{"uv":[10.34375,2.71875,11.125,3.125],"rotation":0,"texture":"#0","tintindex":0},"up":{"uv":[1.25,7.3125,0.75,6.53125],"rotation":0,"texture":"#0","tintindex":0},"down":{"uv":[3.8125,9.71875,3.3125,10.5],"rotation":0,"texture":"#0","tintindex":0}}},{"from":[2.2857141,2.1511254,9.771429],"to":[13.714286,17.579697,24.057142],"rotation":{"angle":0.0,"axis":"y","origin":[8.0,10.43684,1.4857144]},"faces":{"east":{"uv":[8.21875,0.0,9.0,0.84375],"rotation":0,"texture":"#0","tintindex":0},"south":{"uv":[0.0,8.84375,0.625,9.6875],"rotation":0,"texture":"#0","tintindex":0},"north":{"uv":[6.46875,8.75,7.09375,9.59375],"rotation":0,"texture":"#0","tintindex":0},"west":{"uv":[8.21875,7.34375,9.0,8.1875],"rotation":0,"texture":"#0","tintindex":0},"up":{"uv":[9.625,0.78125,9.0,0.0],"rotation":0,"texture":"#0","tintindex":0},"down":{"uv":[9.625,0.78125,9.0,1.5625],"rotation":0,"texture":"#0","tintindex":0}}},{"from":[4.5714283,0.7214527,22.325321],"to":[11.428572,5.8643103,31.468178],"rotation":{"angle":0.0,"axis":"y","origin":[8.0,5.465411,27.428574]},"faces":{"east":{"uv":[4.375,3.8125,4.875,4.09375],"rotation":0,"texture":"#0","tintindex":0},"south":{"uv":[11.1875,1.0625,11.5625,1.34375],"rotation":0,"texture":"#0","tintindex":0},"north":{"uv":[11.125,2.625,11.5,2.90625],"rotation":0,"texture":"#0","tintindex":0},"west":{"uv":[0.0,11.0625,0.5,11.34375],"rotation":0,"texture":"#0","tintindex":0},"up":{"uv":[11.375,6.5,11.0,6.0],"rotation":0,"texture":"#0","tintindex":0},"down":{"uv":[11.375,6.5,11.0,7.0],"rotation":0,"texture":"#0","tintindex":0}}},{"from":[3.4285712,4.6082683,22.857143],"to":[12.571428,16.608269,32.0],"rotation":{"angle":0.0,"axis":"y","origin":[8.0,5.465411,27.428574]},"faces":{"east":{"uv":[10.1875,7.28125,10.6875,7.9375],"rotation":0,"texture":"#0","tintindex":0},"south":{"uv":[1.75,10.25,2.25,10.90625],"rotation":0,"texture":"#0","tintindex":0},"north":{"uv":[10.1875,1.40625,10.6875,2.0625],"rotation":0,"texture":"#0","tintindex":0},"west":{"uv":[10.3125,4.375,10.8125,5.03125],"rotation":0,"texture":"#0","tintindex":0},"up":{"uv":[11.1875,1.625,10.6875,1.125],"rotation":0,"texture":"#0","tintindex":0},"down":{"uv":[11.1875,1.625,10.6875,2.125],"rotation":0,"texture":"#0","tintindex":0}}}],"display":{"head":{"translation":[0.0,-6.4,42.852783],"scale":[4.0,4.0,4.0]}}}