{"textures":{"0":"modelengine:entity/brachiosaurus"},"elements":[{"from":[2.3999996,3.9057875,7.639999],"to":[13.6,15.105788,19.239998],"rotation":{"angle":0.0,"axis":"y","origin":[8.0,9.705788,13.439999]},"faces":{"east":{"uv":[0.0,2.1875,0.90625,3.0625],"rotation":0,"texture":"#0","tintindex":0},"south":{"uv":[7.34375,4.1875,8.21875,5.0625],"rotation":0,"texture":"#0","tintindex":0},"north":{"uv":[0.75,7.34375,1.625,8.21875],"rotation":0,"texture":"#0","tintindex":0},"west":{"uv":[0.90625,2.1875,1.8125,3.0625],"rotation":0,"texture":"#0","tintindex":0},"up":{"uv":[8.09375,1.9375,7.21875,1.03125],"rotation":0,"texture":"#0","tintindex":0},"down":{"uv":[8.21875,0.0,7.34375,0.90625],"rotation":0,"texture":"#0","tintindex":0}}},{"from":[2.7999997,0.22578764,7.3999987],"to":[13.200001,5.425788,19.0],"rotation":{"angle":0.0,"axis":"y","origin":[8.0,2.825788,13.199999]},"faces":{"east":{"uv":[10.0625,8.8125,10.96875,9.21875],"rotation":0,"texture":"#0","tintindex":0},"south":{"uv":[10.15625,5.59375,10.96875,6.0],"rotation":0,"texture":"#0","tintindex":0},"north":{"uv":[10.15625,5.1875,10.96875,5.59375],"rotation":0,"texture":"#0","tintindex":0},"west":{"uv":[10.0625,9.21875,10.96875,9.625],"rotation":0,"texture":"#0","tintindex":0},"up":{"uv":[6.5625,8.75,5.75,7.84375],"rotation":0,"texture":"#0","tintindex":0},"down":{"uv":[7.375,7.84375,6.5625,8.75],"rotation":0,"texture":"#0","tintindex":0}}},{"from":[4.8,1.1457877,16.199999],"to":[11.2,6.345788,26.199999],"rotation":{"angle":0.0,"axis":"y","origin":[8.0,2.825788,10.399999]},"faces":{"east":{"uv":[10.34375,0.71875,11.125,1.125],"rotation":0,"texture":"#0","tintindex":0},"south":{"uv":[10.96875,5.59375,11.46875,6.0],"rotation":0,"texture":"#0","tintindex":0},"north":{"uv":[10.96875,5.1875,11.46875,5.59375],"rotation":0,"texture":"#0","tintindex":0},"west":{"uv":[10.34375,2.71875,11.125,3.125],"rotation":0,"texture":"#0","tintindex":0},"up":{"uv":[1.25,7.3125,0.75,6.53125],"rotation":0,"texture":"#0","tintindex":0},"down":{"uv":[3.8125,9.71875,3.3125,10.5],"rotation":0,"texture":"#0","tintindex":0}}},{"from":[4.0,3.9057875,16.439999],"to":[12.0,14.705789,26.439999],"rotation":{"angle":0.0,"axis":"y","origin":[8.0,9.705788,10.639999]},"faces":{"east":{"uv":[8.21875,0.0,9.0,0.84375],"rotation":0,"texture":"#0","tintindex":0},"south":{"uv":[0.0,8.84375,0.625,9.6875],"rotation":0,"texture":"#0","tintindex":0},"north":{"uv":[6.46875,8.75,7.09375,9.59375],"rotation":0,"texture":"#0","tintindex":0},"west":{"uv":[8.21875,7.34375,9.0,8.1875],"rotation":0,"texture":"#0","tintindex":0},"up":{"uv":[9.625,0.78125,9.0,0.0],"rotation":0,"texture":"#0","tintindex":0},"down":{"uv":[9.625,0.78125,9.0,1.5625],"rotation":0,"texture":"#0","tintindex":0}}},{"from":[5.6,2.905017,25.227724],"to":[10.4,6.5050173,31.627724],"rotation":{"angle":0.0,"axis":"y","origin":[8.0,6.225788,28.8]},"faces":{"east":{"uv":[4.375,3.8125,4.875,4.09375],"rotation":0,"texture":"#0","tintindex":0},"south":{"uv":[11.1875,1.0625,11.5625,1.34375],"rotation":0,"texture":"#0","tintindex":0},"north":{"uv":[11.125,2.625,11.5,2.90625],"rotation":0,"texture":"#0","tintindex":0},"west":{"uv":[0.0,11.0625,0.5,11.34375],"rotation":0,"texture":"#0","tintindex":0},"up":{"uv":[11.375,6.5,11.0,6.0],"rotation":0,"texture":"#0","tintindex":0},"down":{"uv":[11.375,6.5,11.0,7.0],"rotation":0,"texture":"#0","tintindex":0}}},{"from":[4.8,5.6257877,25.599998],"to":[11.2,14.025788,32.0],"rotation":{"angle":0.0,"axis":"y","origin":[8.0,6.225788,28.8]},"faces":{"east":{"uv":[10.1875,7.28125,10.6875,7.9375],"rotation":0,"texture":"#0","tintindex":0},"south":{"uv":[1.75,10.25,2.25,10.90625],"rotation":0,"texture":"#0","tintindex":0},"north":{"uv":[10.1875,1.40625,10.6875,2.0625],"rotation":0,"texture":"#0","tintindex":0},"west":{"uv":[10.3125,4.375,10.8125,5.03125],"rotation":0,"texture":"#0","tintindex":0},"up":{"uv":[11.1875,1.625,10.6875,1.125],"rotation":0,"texture":"#0","tintindex":0},"down":{"uv":[11.1875,1.625,10.6875,2.125],"rotation":0,"texture":"#0","tintindex":0}}}],"display":{"head":{"translation":[0.0,-6.4,1.1969528],"scale":[4.0,4.0,4.0]}}}