{"textures":{"0":"modelengine:entity/trici"},"elements":[{"from":[1.865457,3.8117251,2.1638556],"to":[14.134542,14.670577,13.539793],"rotation":{"angle":0.0,"axis":"y","origin":[8.0,8.692651,7.9757757]},"faces":{"east":{"uv":[1.3125,2.375,2.5625,3.5625],"rotation":0,"texture":"#0","tintindex":0},"south":{"uv":[1.3125,1.1875,2.625,2.375],"rotation":0,"texture":"#0","tintindex":0},"north":{"uv":[1.3125,0.0,2.625,1.1875],"rotation":0,"texture":"#0","tintindex":0},"west":{"uv":[0.0,2.5,1.25,3.6875],"rotation":0,"texture":"#0","tintindex":0},"up":{"uv":[1.3125,1.25,0.0,0.0],"rotation":0,"texture":"#0","tintindex":0},"down":{"uv":[1.3125,1.25,0.0,2.5],"rotation":0,"texture":"#0","tintindex":0}}},{"from":[2.899634,-0.8420639,2.680941],"to":[13.100367,6.9142566,13.022702],"rotation":{"angle":0.0,"axis":"y","origin":[8.0,-6.0129433,7.8518214]},"faces":{"east":{"uv":[0.0,6.625,1.125,7.5],"rotation":0,"texture":"#0","tintindex":0},"south":{"uv":[6.6875,1.0625,7.8125,1.9375],"rotation":0,"texture":"#0","tintindex":0},"north":{"uv":[5.875,6.3125,7.0,7.1875],"rotation":0,"texture":"#0","tintindex":0},"west":{"uv":[6.6875,4.6875,7.8125,5.5625],"rotation":0,"texture":"#0","tintindex":0},"up":{"uv":[5.75,2.1875,4.625,1.0625],"rotation":0,"texture":"#0","tintindex":0},"down":{"uv":[5.75,2.1875,4.625,3.3125],"rotation":0,"texture":"#0","tintindex":0}}},{"from":[5.2500343,-2.6048632,3.2685413],"to":[10.749966,2.8010569,12.435102],"rotation":{"angle":0.0,"axis":"y","origin":[8.0,-6.0129433,7.8518214]},"faces":{"east":{"uv":[7.6875,6.1875,8.6875,6.75],"rotation":0,"texture":"#0","tintindex":0},"south":{"uv":[9.25,4.0,9.875,4.5625],"rotation":0,"texture":"#0","tintindex":0},"north":{"uv":[9.25,2.75,9.875,3.3125],"rotation":0,"texture":"#0","tintindex":0},"west":{"uv":[7.6875,6.75,8.6875,7.3125],"rotation":0,"texture":"#0","tintindex":0},"up":{"uv":[5.4375,8.375,4.8125,7.375],"rotation":0,"texture":"#0","tintindex":0},"down":{"uv":[0.625,7.5,0.0,8.5],"rotation":0,"texture":"#0","tintindex":0}}},{"from":[2.8291197,6.565651,10.596971],"to":[13.17088,15.8732395,22.184439],"rotation":{"angle":22.5,"axis":"x","origin":[8.0,8.692651,7.9757757]},"faces":{"east":{"uv":[4.6875,3.3125,5.9375,4.3125],"rotation":0,"texture":"#0","tintindex":0},"south":{"uv":[5.5625,5.3125,6.6875,6.3125],"rotation":0,"texture":"#0","tintindex":0},"north":{"uv":[4.4375,5.3125,5.5625,6.3125],"rotation":0,"texture":"#0","tintindex":0},"west":{"uv":[4.6875,4.3125,5.9375,5.3125],"rotation":0,"texture":"#0","tintindex":0},"up":{"uv":[4.625,2.8125,3.5,1.5625],"rotation":0,"texture":"#0","tintindex":0},"down":{"uv":[4.625,2.8125,3.5,4.0625],"rotation":0,"texture":"#0","tintindex":0}}},{"from":[3.7927828,-0.3685093,9.3308735],"to":[12.207217,4.802371,19.884165],"rotation":{"angle":22.5,"axis":"x","origin":[8.0,2.8891425,13.726119]},"faces":{"east":{"uv":[6.8125,7.3125,7.9375,7.875],"rotation":0,"texture":"#0","tintindex":0},"south":{"uv":[6.375,7.875,7.3125,8.4375],"rotation":0,"texture":"#0","tintindex":0},"north":{"uv":[5.4375,7.875,6.375,8.4375],"rotation":0,"texture":"#0","tintindex":0},"west":{"uv":[3.6875,7.375,4.8125,7.9375],"rotation":0,"texture":"#0","tintindex":0},"up":{"uv":[3.0625,6.75,2.125,5.625],"rotation":0,"texture":"#0","tintindex":0},"down":{"uv":[6.6875,1.0625,5.75,2.1875],"rotation":0,"texture":"#0","tintindex":0}}},{"from":[2.0534854,6.6086054,-4.452299],"to":[13.946514,15.916189,5.3723702],"rotation":{"angle":-22.5,"axis":"x","origin":[8.0,8.692651,7.9757757]},"faces":{"east":{"uv":[0.0,5.625,1.0625,6.625],"rotation":0,"texture":"#0","tintindex":0},"south":{"uv":[0.8125,4.625,2.125,5.625],"rotation":0,"texture":"#0","tintindex":0},"north":{"uv":[3.375,4.0625,4.6875,5.0625],"rotation":0,"texture":"#0","tintindex":0},"west":{"uv":[1.0625,5.625,2.125,6.625],"rotation":0,"texture":"#0","tintindex":0},"up":{"uv":[4.875,1.0625,3.5625,0.0],"rotation":0,"texture":"#0","tintindex":0},"down":{"uv":[2.5625,3.5625,1.25,4.625],"rotation":0,"texture":"#0","tintindex":0}}},{"from":[4.450897,-1.4889269,-2.2782536],"to":[11.549103,4.716125,4.44389],"rotation":{"angle":-22.5,"axis":"x","origin":[8.0,2.4409423,1.0311127]},"faces":{"east":{"uv":[3.3125,7.9375,4.0625,8.625],"rotation":0,"texture":"#0","tintindex":0},"south":{"uv":[4.0625,7.9375,4.8125,8.625],"rotation":0,"texture":"#0","tintindex":0},"north":{"uv":[7.3125,7.875,8.0625,8.5625],"rotation":0,"texture":"#0","tintindex":0},"west":{"uv":[8.0625,1.5,8.8125,2.1875],"rotation":0,"texture":"#0","tintindex":0},"up":{"uv":[2.625,8.5,1.875,7.75],"rotation":0,"texture":"#0","tintindex":0},"down":{"uv":[8.5625,0.75,7.8125,1.5],"rotation":0,"texture":"#0","tintindex":0}}}],"display":{"head":{"translation":[0.0,-6.4,0.0],"scale":[4.0,4.0,4.0]}}}