{"textures":{"0":"modelengine:entity/trici"},"elements":[{"from":[2.3821483,-2.6747837,5.4071198],"to":[10.935818,11.50532,7.654897],"rotation":{"angle":0.0,"axis":"y","origin":[8.525457,6.1507316,6.2970285]},"faces":{"east":{"uv":[4.5625,8.625,4.8125,10.1875],"rotation":0,"texture":"#0","tintindex":0},"south":{"uv":[2.625,0.0,3.5625,1.5625],"rotation":0,"texture":"#0","tintindex":0},"north":{"uv":[2.5625,2.375,3.5,3.9375],"rotation":0,"texture":"#0","tintindex":0},"west":{"uv":[1.75,9.0,2.0,10.5625],"rotation":0,"texture":"#0","tintindex":0},"up":{"uv":[10.625,1.25,9.6875,1.0],"rotation":0,"texture":"#0","tintindex":0},"down":{"uv":[4.4375,9.9375,3.5,10.1875],"rotation":0,"texture":"#0","tintindex":0}}},{"from":[2.8475251,2.9097652,6.531006],"to":[10.470434,18.486012,6.531006],"rotation":{"angle":0.0,"axis":"y","origin":[8.525457,6.1507316,6.2970285]},"faces":{"east":{"uv":[0.0,0.0,0.0,1.6875],"rotation":0,"texture":"#0","tintindex":0},"south":{"uv":[0.8125,3.6875,0.0,5.375],"rotation":0,"texture":"#0","tintindex":0},"north":{"uv":[0.0,3.6875,0.8125,5.375],"rotation":0,"texture":"#0","tintindex":0},"west":{"uv":[0.0,0.0,0.0,1.6875],"rotation":0,"texture":"#0","tintindex":0},"up":{"uv":[0.8125,0.0,0.0,0.0],"rotation":0,"texture":"#0","tintindex":0},"down":{"uv":[0.8125,0.0,0.0,0.0],"rotation":0,"texture":"#0","tintindex":0}}},{"from":[6.507617,2.4662395,5.779417],"to":[14.130526,11.527172,7.0964456],"rotation":{"angle":-45.0,"axis":"z","origin":[8.525457,6.1507316,6.2970285]},"faces":{"east":{"uv":[5.125,10.6875,5.25,11.6875],"rotation":0,"texture":"#0","tintindex":0},"south":{"uv":[1.9375,6.75,2.75,7.75],"rotation":0,"texture":"#0","tintindex":0},"north":{"uv":[1.125,6.625,1.9375,7.625],"rotation":0,"texture":"#0","tintindex":0},"west":{"uv":[7.875,10.6875,8.0,11.6875],"rotation":0,"texture":"#0","tintindex":0},"up":{"uv":[11.4375,7.625,10.625,7.5],"rotation":0,"texture":"#0","tintindex":0},"down":{"uv":[11.5625,0.375,10.75,0.5],"rotation":0,"texture":"#0","tintindex":0}}},{"from":[6.9729943,10.377686,6.4379315],"to":[13.665149,13.854069,6.4379315],"rotation":{"angle":-45.0,"axis":"z","origin":[8.525457,6.1507316,6.2970285]},"faces":{"east":{"uv":[0.0,0.0,0.0,0.375],"rotation":0,"texture":"#0","tintindex":0},"south":{"uv":[9.625,2.375,10.375,2.75],"rotation":0,"texture":"#0","tintindex":0},"north":{"uv":[9.625,2.375,10.375,2.75],"rotation":0,"texture":"#0","tintindex":0},"west":{"uv":[0.0,0.0,0.0,0.375],"rotation":0,"texture":"#0","tintindex":0},"up":{"uv":[0.75,0.0,0.0,0.0],"rotation":0,"texture":"#0","tintindex":0},"down":{"uv":[0.75,0.0,0.0,0.0],"rotation":0,"texture":"#0","tintindex":0}}},{"from":[8.262989,0.4202628,5.988846],"to":[17.323925,4.785514,6.8404856],"rotation":{"angle":22.5,"axis":"z","origin":[13.682657,2.1528287,6.5529943]},"faces":{"east":{"uv":[4.5625,1.0625,4.625,1.5625],"rotation":0,"texture":"#0","tintindex":0},"south":{"uv":[8.4375,3.5,9.4375,4.0],"rotation":0,"texture":"#0","tintindex":0},"north":{"uv":[3.5625,1.0625,4.5625,1.5625],"rotation":0,"texture":"#0","tintindex":0},"west":{"uv":[5.8125,7.375,5.875,7.875],"rotation":0,"texture":"#0","tintindex":0},"up":{"uv":[11.625,10.625,10.625,10.5625],"rotation":0,"texture":"#0","tintindex":0},"down":{"uv":[11.6875,10.1875,10.6875,10.25],"rotation":0,"texture":"#0","tintindex":0}}},{"from":[16.825972,0.8856392,6.3215885],"to":[18.906218,4.320137,6.3215885],"rotation":{"angle":22.5,"axis":"z","origin":[13.682657,2.1528287,6.5529943]},"faces":{"east":{"uv":[0.0,0.0,0.0,0.375],"rotation":0,"texture":"#0","tintindex":0},"south":{"uv":[8.0625,1.5,7.8125,1.875],"rotation":0,"texture":"#0","tintindex":0},"north":{"uv":[7.8125,1.5,8.0625,1.875],"rotation":0,"texture":"#0","tintindex":0},"west":{"uv":[0.0,0.0,0.0,0.375],"rotation":0,"texture":"#0","tintindex":0},"up":{"uv":[0.25,0.0,0.0,0.0],"rotation":0,"texture":"#0","tintindex":0},"down":{"uv":[0.25,0.0,0.0,0.0],"rotation":0,"texture":"#0","tintindex":0}}},{"from":[9.755274,-3.2766294,6.33788],"to":[17.420074,2.4847708,6.7241373],"rotation":{"angle":0.0,"axis":"y","origin":[14.518435,-0.47294903,6.27376]},"faces":{"east":{"uv":[1.25,2.5,1.3125,3.125],"rotation":0,"texture":"#0","tintindex":0},"south":{"uv":[4.8125,8.4375,5.625,9.0625],"rotation":0,"texture":"#0","tintindex":0},"north":{"uv":[8.4375,2.875,9.25,3.5],"rotation":0,"texture":"#0","tintindex":0},"west":{"uv":[3.4375,1.5625,3.5,2.1875],"rotation":0,"texture":"#0","tintindex":0},"up":{"uv":[3.4375,2.375,2.625,2.3125],"rotation":0,"texture":"#0","tintindex":0},"down":{"uv":[11.625,6.3125,10.8125,6.375],"rotation":0,"texture":"#0","tintindex":0}}},{"from":[17.201344,-2.8112516,6.531006],"to":[18.816212,1.5540109,6.531006],"rotation":{"angle":0.0,"axis":"y","origin":[14.518435,-0.47294903,6.27376]},"faces":{"east":{"uv":[0.0,0.0,0.0,0.5],"rotation":0,"texture":"#0","tintindex":0},"south":{"uv":[4.5625,9.375,4.375,9.875],"rotation":0,"texture":"#0","tintindex":0},"north":{"uv":[4.375,9.375,4.5625,9.875],"rotation":0,"texture":"#0","tintindex":0},"west":{"uv":[0.0,0.0,0.0,0.5],"rotation":0,"texture":"#0","tintindex":0},"up":{"uv":[0.1875,0.0,0.0,0.0],"rotation":0,"texture":"#0","tintindex":0},"down":{"uv":[0.1875,0.0,0.0,0.0],"rotation":0,"texture":"#0","tintindex":0}}},{"from":[-0.97417164,2.4662395,5.779417],"to":[6.648737,11.527172,7.0964456],"rotation":{"angle":45.0,"axis":"z","origin":[4.630897,6.1507316,6.2970285]},"faces":{"east":{"uv":[8.0,10.6875,7.875,11.6875],"rotation":0,"texture":"#0","tintindex":0},"south":{"uv":[2.75,6.75,1.9375,7.75],"rotation":0,"texture":"#0","tintindex":0},"north":{"uv":[1.9375,6.625,1.125,7.625],"rotation":0,"texture":"#0","tintindex":0},"west":{"uv":[5.25,10.6875,5.125,11.6875],"rotation":0,"texture":"#0","tintindex":0},"up":{"uv":[10.625,7.625,11.4375,7.5],"rotation":0,"texture":"#0","tintindex":0},"down":{"uv":[10.75,0.375,11.5625,0.5],"rotation":0,"texture":"#0","tintindex":0}}},{"from":[-4.167571,0.4202628,5.988846],"to":[4.8933654,4.785514,6.8404856],"rotation":{"angle":-22.5,"axis":"z","origin":[-0.5263033,2.1528287,6.5529943]},"faces":{"east":{"uv":[5.875,7.375,5.8125,7.875],"rotation":0,"texture":"#0","tintindex":0},"south":{"uv":[9.4375,3.5,8.4375,4.0],"rotation":0,"texture":"#0","tintindex":0},"north":{"uv":[4.5625,1.0625,3.5625,1.5625],"rotation":0,"texture":"#0","tintindex":0},"west":{"uv":[4.625,1.0625,4.5625,1.5625],"rotation":0,"texture":"#0","tintindex":0},"up":{"uv":[10.625,10.625,11.625,10.5625],"rotation":0,"texture":"#0","tintindex":0},"down":{"uv":[10.6875,10.1875,11.6875,10.25],"rotation":0,"texture":"#0","tintindex":0}}},{"from":[-4.2637205,-3.2766294,6.33788],"to":[3.4010797,2.4847708,6.7241373],"rotation":{"angle":0.0,"axis":"y","origin":[-1.3620806,-0.47294903,6.27376]},"faces":{"east":{"uv":[3.5,1.5625,3.4375,2.1875],"rotation":0,"texture":"#0","tintindex":0},"south":{"uv":[5.625,8.4375,4.8125,9.0625],"rotation":0,"texture":"#0","tintindex":0},"north":{"uv":[9.25,2.875,8.4375,3.5],"rotation":0,"texture":"#0","tintindex":0},"west":{"uv":[1.3125,2.5,1.25,3.125],"rotation":0,"texture":"#0","tintindex":0},"up":{"uv":[2.625,2.375,3.4375,2.3125],"rotation":0,"texture":"#0","tintindex":0},"down":{"uv":[10.8125,6.3125,11.625,6.375],"rotation":0,"texture":"#0","tintindex":0}}},{"from":[-5.6598577,-2.8112516,6.531006],"to":[-4.0449886,1.5540109,6.531006],"rotation":{"angle":0.0,"axis":"y","origin":[-1.3620806,-0.47294903,6.27376]},"faces":{"east":{"uv":[0.0,0.0,0.0,0.5],"rotation":0,"texture":"#0","tintindex":0},"south":{"uv":[4.375,9.375,4.5625,9.875],"rotation":0,"texture":"#0","tintindex":0},"north":{"uv":[4.5625,9.375,4.375,9.875],"rotation":0,"texture":"#0","tintindex":0},"west":{"uv":[0.0,0.0,0.0,0.5],"rotation":0,"texture":"#0","tintindex":0},"up":{"uv":[0.0,0.0,0.1875,0.0],"rotation":0,"texture":"#0","tintindex":0},"down":{"uv":[0.0,0.0,0.1875,0.0],"rotation":0,"texture":"#0","tintindex":0}}},{"from":[-5.7498636,0.8856392,6.3215885],"to":[-3.6696177,4.320137,6.3215885],"rotation":{"angle":-22.5,"axis":"z",