{"textures":{"0":"modelengine:entity/trici"},"elements":[{"from":[2.8611884,2.4719367,4.166091],"to":[10.4840975,9.205972,9.777572],"rotation":{"angle":0.0,"axis":"y","origin":[6.67264,1.5830569,10.62456]},"faces":{"east":{"uv":[3.3125,8.625,3.9375,9.375],"rotation":0,"texture":"#0","tintindex":0},"south":{"uv":[7.5625,0.0,8.375,0.75],"rotation":0,"texture":"#0","tintindex":0},"north":{"uv":[2.625,1.5625,3.4375,2.3125],"rotation":0,"texture":"#0","tintindex":0},"west":{"uv":[3.9375,8.625,4.5625,9.375],"rotation":0,"texture":"#0","tintindex":0},"up":{"uv":[8.875,8.625,8.0625,8.0],"rotation":0,"texture":"#0","tintindex":0},"down":{"uv":[9.1875,0.0,8.375,0.625],"rotation":0,"texture":"#0","tintindex":0}}},{"from":[5.1880856,7.4980345,5.6682796],"to":[8.157206,10.043652,11.173709],"rotation":{"angle":-22.5,"axis":"x","origin":[6.67264,9.79468,7.955617]},"faces":{"east":{"uv":[10.4375,2.875,11.0625,3.125],"rotation":0,"texture":"#0","tintindex":0},"south":{"uv":[9.0,10.875,9.3125,11.125],"rotation":0,"texture":"#0","tintindex":0},"north":{"uv":[6.6875,10.875,7.0,11.125],"rotation":0,"texture":"#0","tintindex":0},"west":{"uv":[10.4375,9.5,11.0625,9.75],"rotation":0,"texture":"#0","tintindex":0},"up":{"uv":[4.75,10.8125,4.4375,10.1875],"rotation":0,"texture":"#0","tintindex":0},"down":{"uv":[10.5,5.3125,10.1875,5.9375],"rotation":0,"texture":"#0","tintindex":0}}},{"from":[-0.57293224,2.5650053,5.063286],"to":[5.65384,4.1798744,7.776446],"rotation":{"angle":22.5,"axis":"z","origin":[2.5404568,5.6062627,8.4210005]},"faces":{"east":{"uv":[4.0,6.125,4.3125,6.3125],"rotation":0,"texture":"#0","tintindex":0},"south":{"uv":[10.6875,4.75,11.375,4.9375],"rotation":0,"texture":"#0","tintindex":0},"north":{"uv":[10.6875,4.5625,11.375,4.75],"rotation":0,"texture":"#0","tintindex":0},"west":{"uv":[3.6875,7.1875,4.0,7.375],"rotation":0,"texture":"#0","tintindex":0},"up":{"uv":[1.625,10.375,0.9375,10.0625],"rotation":0,"texture":"#0","tintindex":0},"down":{"uv":[10.75,5.0,10.0625,5.3125],"rotation":0,"texture":"#0","tintindex":0}}},{"from":[7.52984,3.3650055,5.063286],"to":[13.756612,4.979874,7.776446],"rotation":{"angle":-22.5,"axis":"z","origin":[8.928937,5.6062627,8.4210005]},"faces":{"east":{"uv":[4.0,7.1875,3.6875,7.375],"rotation":0,"texture":"#0","tintindex":0},"south":{"uv":[11.375,4.75,10.6875,4.9375],"rotation":0,"texture":"#0","tintindex":0},"north":{"uv":[11.375,4.5625,10.6875,4.75],"rotation":0,"texture":"#0","tintindex":0},"west":{"uv":[4.3125,6.125,4.0,6.3125],"rotation":0,"texture":"#0","tintindex":0},"up":{"uv":[0.9375,10.375,1.625,10.0625],"rotation":0,"texture":"#0","tintindex":0},"down":{"uv":[10.0625,5.0,10.75,5.3125],"rotation":0,"texture":"#0","tintindex":0}}},{"from":[4.17356,2.6523256,1.1580911],"to":[9.171732,5.5749083,5.996874],"rotation":{"angle":0.0,"axis":"y","origin":[6.67264,1.128211,6.9718456]},"faces":{"east":{"uv":[3.0,10.5,3.5,10.8125],"rotation":0,"texture":"#0","tintindex":0},"south":{"uv":[4.75,10.375,5.3125,10.6875],"rotation":0,"texture":"#0","tintindex":0},"north":{"uv":[10.375,3.1875,10.9375,3.5],"rotation":0,"texture":"#0","tintindex":0},"west":{"uv":[10.5,5.3125,11.0,5.625],"rotation":0,"texture":"#0","tintindex":0},"up":{"uv":[3.0625,10.25,2.5,9.75],"rotation":0,"texture":"#0","tintindex":0},"down":{"uv":[7.0,9.75,6.4375,10.25],"rotation":0,"texture":"#0","tintindex":0}}},{"from":[4.9786625,4.3044286,1.8038054],"to":[8.366623,7.6923885,6.3784857],"rotation":{"angle":-22.5,"axis":"x","origin":[6.67264,5.9984055,2.7368913]},"faces":{"east":{"uv":[6.25,10.25,6.75,10.625],"rotation":0,"texture":"#0","tintindex":0},"south":{"uv":[9.0,10.5,9.375,10.875],"rotation":0,"texture":"#0","tintindex":0},"north":{"uv":[8.8125,2.5,9.1875,2.875],"rotation":0,"texture":"#0","tintindex":0},"west":{"uv":[10.125,10.25,10.625,10.625],"rotation":0,"texture":"#0","tintindex":0},"up":{"uv":[5.8125,7.875,5.4375,7.375],"rotation":0,"texture":"#0","tintindex":0},"down":{"uv":[7.5625,10.25,7.1875,10.75],"rotation":0,"texture":"#0","tintindex":0}}},{"from":[5.2113543,2.750434,-0.79044056],"to":[8.133931,7.0691485,2.3881025],"rotation":{"angle":0.0,"axis":"y","origin":[6.67264,5.0028687,0.33345127]},"faces":{"east":{"uv":[10.3125,8.625,10.6875,9.125],"rotation":0,"texture":"#0","tintindex":0},"south":{"uv":[0.625,10.5,0.9375,11.0],"rotation":0,"texture":"#0","tintindex":0},"north":{"uv":[3.0625,5.625,3.375,6.125],"rotation":0,"texture":"#0","tintindex":0},"west":{"uv":[10.375,0.0,10.75,0.5],"rotation":0,"texture":"#0","tintindex":0},"up":{"uv":[11.0625,0.375,10.75,0.0],"rotation":0,"texture":"#0","tintindex":0},"down":{"uv":[1.25,10.75,0.9375,11.125],"rotation":0,"texture":"#0","tintindex":0}}},{"from":[5.909423,3.029657,-2.1865768],"to":[7.435863,5.9522457,0.061205387],"rotation":{"angle":-45.0,"axis":"x","origin":[6.67264,4.4444113,-1.062686]},"faces":{"east":{"uv":[7.5625,0.75,7.8125,1.0625],"rotation":0,"texture":"#0","tintindex":0},"south":{"uv":[6.5,10.9375,6.6875,11.25],"rotation":0,"texture":"#0","tintindex":0},"north":{"uv":[9.875,10.875,10.0625,11.1875],"rotation":0,"texture":"#0","tintindex":0},"west":{"uv":[2.5,9.4375,2.75,9.75],"rotation":0,"texture":"#0","tintindex":0},"up":{"uv":[0.8125,11.25,0.625,11.0],"rotation":0,"texture":"#0","tintindex":0},"down":{"uv":[11.1875,5.3125,11.0,5.5625],"rotation":0,"texture":"#0","tintindex":0}}},{"from":[6.0955715,2.7352052,-3.3645601],"to":[7.1566343,4.5176115,-0.9073601],"rotation":{"angle":22.5,"axis":"x","origin":[6.626103,3.1610284,-2.7409554]},"faces":{"east":{"uv":[10.9375,8.5,11.1875,8.6875],"rotation":0,"texture":"#0","tintindex":0},"south":{"uv":[8.875,11.0625,9.0,11.25],"rotation":0,"texture":"#0","tintindex":0},"north":{"uv":[6.125,11.0,6.25,11.1875],"rotation":0,"texture":"#0","tintindex":0},"west":{"uv":[11.0,3.75,11.25,3.9375],"rotation":0,"texture":"#0","tintindex":0},"up":{"uv":[6.6875,5.1875,6.5625,4.9375],"rotation":0,"texture":"#0","tintindex":0},"down":{"uv":[8.6875,5.875,8.5625,6.125],"rotation":0,"texture":"#0","tintindex":0}}},{"from":[5.676731,6.0080857,-1.6281261],"to":[7.6685543,8.930669,0.61965704],"rotation":{"angle":-45.0,"axis":"x","origin":[6.67264,7.003994,0.7988281]},"faces":{"east":{"uv":[9.625,10.875,9.875,11.1875],"rotation":0,"texture":"#0","tintindex":0},"south":{"uv":[10.9375,8.1875,11.125,8.5],"rotation":0,"texture":"#0","tintindex":0},"north":{"uv":[10.9375,7.625,11.125,7.9375],"rotation":0,"texture":"#0","tintindex":0},"west":{"uv":[0.0,10.9375,0.25,11.25],"rotation":0,"texture":"#0","tintindex":0},"up":{"uv":[5.75,11.25,5.5625,11.0],"rotation":0,"texture":"#0","tintindex":0},"down":{"uv":[5.9375,11.0,5.75,11.25],"rotation":0,"texture":"#0","tintindex":0}}},{"from":[5.8490343,6.8600283,-3.0697832],"to":[7.3754797,9.782618,-1.2873888],"rotation":{"angle":-45.0,"axis":"x","origin":[6.812257,8.321325,-1.8993549]},"faces":{"east":{"uv":[10.25,10.9375,10.4375,11.25],"rotation":0,"texture":"#0","tintindex":0},"south":{"uv":[10.4375,10.9375,10.625,11.25],"rotation":0,"texture":"#0","tintindex":0},"north":{"uv":[10.0625,10.9375,10.25,11.25],"rotation":0,"texture":"#0","tintindex":0},"west":{"uv":[10.625,10.9375,10.8125,11.25],"rotation":0,"texture":"#0","tintindex":0},"up":{"uv":[11.25,5.3125,11.0625,5.125],"rotation":0,"texture":"#0","tintindex":0},"down":{"uv":[11.25,5.5625,11.0625,5.75],"rotation":0,"texture":"#0","tintindex":0}}},{"from":[3.038497,5.7469025,0.830194],"to":[5.495697,10.531,3.5433483],"rotation":{"angle":-45.0,"axis":"x","origin":[4.2205544,12.244046,1.3886113]},"faces":{"east":{"uv":[5.625,10.5,5.9375,11.0],"rotation":0,"texture":"#0","tintindex":0},"south":{"uv":[8.25,10.6875,8.5,11.1875],"rotation":0,"texture":"#0","tintindex":0},"north":{"uv":[10.6875,8.1875,10.9375,8.6875],"rotation":0,"texture":"#0","tintindex":0},"west":{"uv":[5.9375,10.5,6.25,11.0],"rotation":0,"texture":"#0","tintindex":0},"up":{"uv":[1.6875,11.25,1.4375,10.9375],"rotation":0,"texture":"#0","tintindex":0},"down":{"uv":[11.1875,3.125,10.9375,3.4375],"rotation":0,