{"textures":{"0":"modelengine:entity/trici"},"elements":[{"from":[6.609686,3.5657997,5.3904285],"to":[10.299817,9.770857,13.804863],"rotation":{"angle":45.0,"axis":"x","origin":[8.2314625,5.6341543,8.49296]},"faces":{"east":{"uv":[2.75,7.1875,3.6875,7.875],"rotation":0,"texture":"#0","tintindex":0},"south":{"uv":[7.5625,9.875,7.9375,10.5625],"rotation":0,"texture":"#0","tintindex":0},"north":{"uv":[0.5625,9.8125,0.9375,10.5],"rotation":0,"texture":"#0","tintindex":0},"west":{"uv":[5.875,7.1875,6.8125,7.875],"rotation":0,"texture":"#0","tintindex":0},"up":{"uv":[1.1875,4.625,0.8125,3.6875],"rotation":0,"texture":"#0","tintindex":0},"down":{"uv":[7.5625,9.3125,7.1875,10.25],"rotation":0,"texture":"#0","tintindex":0}}}],"display":{"head":{"translation":[0.0,-6.4,0.0],"scale":[4.0,4.0,4.0]}}}