{"textures":{"0":"modelengine:entity/trici"},"elements":[{"from":[6.2002287,-0.6069832,2.8538055],"to":[10.901029,10.557417,10.492606],"rotation":{"angle":22.5,"axis":"x","origin":[8.550629,4.975217,6.6732054]},"faces":{"east":{"uv":[5.9375,2.1875,6.75,3.4375],"rotation":0,"texture":"#0","tintindex":0},"south":{"uv":[7.5625,1.9375,8.0625,3.1875],"rotation":0,"texture":"#0","tintindex":0},"north":{"uv":[0.625,7.5,1.125,8.75],"rotation":0,"texture":"#0","tintindex":0},"west":{"uv":[5.9375,3.4375,6.75,4.6875],"rotation":0,"texture":"#0","tintindex":0},"up":{"uv":[9.3125,7.4375,8.8125,6.625],"rotation":0,"texture":"#0","tintindex":0},"down":{"uv":[9.375,7.4375,8.875,8.25],"rotation":0,"texture":"#0","tintindex":0}}}],"display":{"head":{"translation":[0.0,-6.4,0.0],"scale":[4.0,4.0,4.0]}}}