{"textures":{"0":"modelengine:entity/trici"},"elements":[{"from":[6.773303,0.056759834,5.4578686],"to":[10.2989025,9.45836,9.571069],"rotation":{"angle":-22.5,"axis":"x","origin":[8.3892,5.93276,8.395868]},"faces":{"east":{"uv":[2.125,4.625,2.5625,5.625],"rotation":0,"texture":"#0","tintindex":0},"south":{"uv":[9.3125,5.5625,9.6875,6.5625],"rotation":0,"texture":"#0","tintindex":0},"north":{"uv":[9.25,1.75,9.625,2.75],"rotation":0,"texture":"#0","tintindex":0},"west":{"uv":[8.8125,1.5,9.25,2.5],"rotation":0,"texture":"#0","tintindex":0},"up":{"uv":[10.0625,10.875,9.6875,10.4375],"rotation":0,"texture":"#0","tintindex":0},"down":{"uv":[0.375,10.5,0.0,10.9375],"rotation":0,"texture":"#0","tintindex":0}}},{"from":[7.067103,2.4457426,7.0942],"to":[10.005103,7.734143,11.2074],"rotation":{"angle":0.0,"axis":"y","origin":[8.829903,5.3837423,11.55996]},"faces":{"east":{"uv":[9.6875,9.875,10.125,10.4375],"rotation":0,"texture":"#0","tintindex":0},"south":{"uv":[5.3125,10.375,5.625,10.9375],"rotation":0,"texture":"#0","tintindex":0},"north":{"uv":[1.4375,10.375,1.75,10.9375],"rotation":0,"texture":"#0","tintindex":0},"west":{"uv":[0.0,9.9375,0.4375,10.5],"rotation":0,"texture":"#0","tintindex":0},"up":{"uv":[3.0625,7.1875,2.75,6.75],"rotation":0,"texture":"#0","tintindex":0},"down":{"uv":[7.875,10.5625,7.5625,11.0],"rotation":0,"texture":"#0","tintindex":0}}}],"display":{"head":{"translation":[0.0,-6.4,0.0],"scale":[4.0,4.0,4.0]}}}