{"textures":{"0":"modelengine:entity/trici"},"elements":[{"from":[6.2016,4.3450055,5.1912627],"to":[10.54984,8.058635,10.503172],"rotation":{"angle":0.0,"axis":"y","origin":[8.37572,11.372703,9.610017]},"faces":{"east":{"uv":[10.125,1.875,10.6875,2.25],"rotation":0,"texture":"#0","tintindex":0},"south":{"uv":[10.1875,8.25,10.6875,8.625],"rotation":0,"texture":"#0","tintindex":0},"north":{"uv":[10.1875,4.5625,10.6875,4.9375],"rotation":0,"texture":"#0","tintindex":0},"west":{"uv":[5.6875,10.125,6.25,10.5],"rotation":0,"texture":"#0","tintindex":0},"up":{"uv":[10.1875,6.125,9.6875,5.5625],"rotation":0,"texture":"#0","tintindex":0},"down":{"uv":[10.1875,8.25,9.6875,8.8125],"rotation":0,"texture":"#0","tintindex":0}}},{"from":[8.8458,4.4021482,4.0160627],"to":[10.256041,6.3529773,5.802371],"rotation":{"angle":0.0,"axis":"y","origin":[8.37572,11.429846,9.610017]},"faces":{"east":{"uv":[9.25,3.3125,9.4375,3.5],"rotation":0,"texture":"#0","tintindex":0},"south":{"uv":[8.6875,7.125,8.8125,7.3125],"rotation":0,"texture":"#0","tintindex":0},"north":{"uv":[4.3125,6.125,4.4375,6.3125],"rotation":0,"texture":"#0","tintindex":0},"west":{"uv":[11.0625,1.0,11.25,1.1875],"rotation":0,"texture":"#0","tintindex":0},"up":{"uv":[9.25,1.5,9.125,1.3125],"rotation":0,"texture":"#0","tintindex":0},"down":{"uv":[9.3125,5.5625,9.1875,5.75],"rotation":0,"texture":"#0","tintindex":0}}},{"from":[6.4545255,4.4021482,4.106023],"to":[7.8647656,6.3529773,5.8923254],"rotation":{"angle":0.0,"axis":"y","origin":[6.748326,5.3775654,4.9991713]},"faces":{"east":{"uv":[11.0625,3.4375,11.25,3.625],"rotation":0,"texture":"#0","tintindex":0},"south":{"uv":[3.0625,9.75,3.1875,9.9375],"rotation":0,"texture":"#0","tintindex":0},"north":{"uv":[2.0,9.25,2.125,9.4375],"rotation":0,"texture":"#0","tintindex":0},"west":{"uv":[11.0625,3.9375,11.25,4.125],"rotation":0,"texture":"#0","tintindex":0},"up":{"uv":[4.5625,10.0625,4.4375,9.875],"rotation":0,"texture":"#0","tintindex":0},"down":{"uv":[1.75,10.0625,1.625,10.25],"rotation":0,"texture":"#0","tintindex":0}}},{"from":[4.825903,4.4021482,4.960086],"to":[6.2361426,6.3529773,7.3339887],"rotation":{"angle":45.0,"axis":"y","origin":[6.529943,5.3775654,5.67696]},"faces":{"east":{"uv":[10.1875,5.9375,10.4375,6.125],"rotation":0,"texture":"#0","tintindex":0},"south":{"uv":[10.0625,5.3125,10.1875,5.5],"rotation":0,"texture":"#0","tintindex":0},"north":{"uv":[2.375,10.0625,2.5,10.25],"rotation":0,"texture":"#0","tintindex":0},"west":{"uv":[10.875,2.4375,11.125,2.625],"rotation":0,"texture":"#0","tintindex":0},"up":{"uv":[0.8125,5.625,0.6875,5.375],"rotation":0,"texture":"#0","tintindex":0},"down":{"uv":[6.6875,4.6875,6.5625,4.9375],"rotation":0,"texture":"#0","tintindex":0}}},{"from":[10.724503,4.4021482,4.360537],"to":[12.134743,6.3529773,6.146846],"rotation":{"angle":-45.0,"axis":"y","origin":[9.903481,5.3775654,4.909217]},"faces":{"east":{"uv":[11.0625,4.125,11.25,4.3125],"rotation":0,"texture":"#0","tintindex":0},"south":{"uv":[3.9375,10.8125,4.0625,11.0],"rotation":0,"texture":"#0","tintindex":0},"north":{"uv":[10.1875,8.625,10.3125,8.8125],"rotation":0,"texture":"#0","tintindex":0},"west":{"uv":[11.0625,4.9375,11.25,5.125],"rotation":0,"texture":"#0","tintindex":0},"up":{"uv":[0.375,11.125,0.25,10.9375],"rotation":0,"texture":"#0","tintindex":0},"down":{"uv":[4.0625,11.0,3.9375,11.1875],"rotation":0,"texture":"#0","tintindex":0}}}],"display":{"head":{"translation":[0.0,-6.4,0.0],"scale":[4.0,4.0,4.0]}}}