{"textures":{"0":"modelengine:entity/trici"},"elements":[{"from":[4.8735256,5.5187597,3.1064801],"to":[10.458075,8.776417,7.7602687],"rotation":{"angle":0.0,"axis":"y","origin":[8.712903,12.224972,7.440383]},"faces":{"east":{"uv":[10.3125,9.125,10.8125,9.5],"rotation":0,"texture":"#0","tintindex":0},"south":{"uv":[10.0,6.875,10.625,7.25],"rotation":0,"texture":"#0","tintindex":0},"north":{"uv":[9.9375,6.5,10.5625,6.875],"rotation":0,"texture":"#0","tintindex":0},"west":{"uv":[10.375,0.5,10.875,0.875],"rotation":0,"texture":"#0","tintindex":0},"up":{"uv":[10.0,7.625,9.375,7.125],"rotation":0,"texture":"#0","tintindex":0},"down":{"uv":[8.1875,9.375,7.5625,9.875],"rotation":0,"texture":"#0","tintindex":0}}},{"from":[5.80428,5.6351027,0.31420517],"to":[9.527314,8.427382,3.1064801],"rotation":{"angle":0.0,"axis":"y","origin":[8.712903,12.224972,7.440383]},"faces":{"east":{"uv":[8.0625,2.875,8.375,3.1875],"rotation":0,"texture":"#0","tintindex":0},"south":{"uv":[6.25,10.625,6.6875,10.9375],"rotation":0,"texture":"#0","tintindex":0},"north":{"uv":[10.625,0.875,11.0625,1.1875],"rotation":0,"texture":"#0","tintindex":0},"west":{"uv":[3.0,10.8125,3.3125,11.125],"rotation":0,"texture":"#0","tintindex":0},"up":{"uv":[11.0625,7.1875,10.625,6.875],"rotation":0,"texture":"#0","tintindex":0},"down":{"uv":[11.0625,7.1875,10.625,7.5],"rotation":0,"texture":"#0","tintindex":0}}},{"from":[5.8250055,7.38028,0.4432168],"to":[6.290383,10.172554,4.1662455],"rotation":{"angle":0.0,"axis":"y","origin":[4.562663,12.224972,7.440383]},"faces":{"east":{"uv":[10.5,10.625,10.9375,10.9375],"rotation":0,"texture":"#0","tintindex":0},"south":{"uv":[9.3125,7.125,9.375,7.4375],"rotation":0,"texture":"#0","tintindex":0},"north":{"uv":[9.1875,2.5,9.25,2.8125],"rotation":0,"texture":"#0","tintindex":0},"west":{"uv":[10.6875,1.875,11.125,2.1875],"rotation":0,"texture":"#0","tintindex":0},"up":{"uv":[8.875,7.875,8.8125,7.4375],"rotation":0,"texture":"#0","tintindex":0},"down":{"uv":[0.5,9.9375,0.4375,10.375],"rotation":0,"texture":"#0","tintindex":0}}},{"from":[8.967863,7.38028,0.4432168],"to":[9.43324,10.172554,4.1662455],"rotation":{"angle":0.0,"axis":"y","origin":[4.562663,12.224972,7.440383]},"faces":{"east":{"uv":[10.5,10.625,10.9375,10.9375],"rotation":0,"texture":"#0","tintindex":0},"south":{"uv":[9.3125,7.125,9.375,7.4375],"rotation":0,"texture":"#0","tintindex":0},"north":{"uv":[9.1875,2.5,9.25,2.8125],"rotation":0,"texture":"#0","tintindex":0},"west":{"uv":[10.6875,1.875,11.125,2.1875],"rotation":0,"texture":"#0","tintindex":0},"up":{"uv":[8.875,7.875,8.8125,7.4375],"rotation":0,"texture":"#0","tintindex":0},"down":{"uv":[0.5,9.9375,0.4375,10.375],"rotation":0,"texture":"#0","tintindex":0}}},{"from":[6.7350397,5.867794,-2.0643997],"to":[8.59656,8.194692,0.7278738],"rotation":{"angle":0.0,"axis":"y","origin":[8.712903,12.224972,7.8540573]},"faces":{"east":{"uv":[10.9375,4.3125,11.25,4.5625],"rotation":0,"texture":"#0","tintindex":0},"south":{"uv":[11.0,10.9375,11.1875,11.1875],"rotation":0,"texture":"#0","tintindex":0},"north":{"uv":[7.6875,11.0,7.875,11.25],"rotation":0,"texture":"#0","tintindex":0},"west":{"uv":[5.25,10.9375,5.5625,11.1875],"rotation":0,"texture":"#0","tintindex":0},"up":{"uv":[11.125,10.9375,10.9375,10.625],"rotation":0,"texture":"#0","tintindex":0},"down":{"uv":[11.0,10.9375,10.8125,11.25],"rotation":0,"texture":"#0","tintindex":0}}},{"from":[7.200417,6.5834055,-3.1983147],"to":[8.131177,8.444925,-1.3367949],"rotation":{"angle":22.5,"axis":"x","origin":[7.6658,7.803869,-2.6169777]},"faces":{"east":{"uv":[11.0625,7.25,11.25,7.4375],"rotation":0,"texture":"#0","tintindex":0},"south":{"uv":[1.0,11.125,1.125,11.3125],"rotation":0,"texture":"#0","tintindex":0},"north":{"uv":[9.5,11.0625,9.625,11.25],"rotation":0,"texture":"#0","tintindex":0},"west":{"uv":[11.0625,7.9375,11.25,8.125],"rotation":0,"texture":"#0","tintindex":0},"up":{"uv":[1.25,11.3125,1.125,11.125],"rotation":0,"texture":"#0","tintindex":0},"down":{"uv":[11.25,1.1875,11.125,1.375],"rotation":0,"texture":"#0","tintindex":0}}},{"from":[4.9722395,6.415537,6.8686686],"to":[10.359354,9.673189,9.660943],"rotation":{"angle":-22.5,"axis":"x","origin":[7.6658,7.803869,9.3019085]},"faces":{"east":{"uv":[4.0625,10.75,4.375,11.125],"rotation":0,"texture":"#0","tintindex":0},"south":{"uv":[9.125,10.125,9.6875,10.5],"rotation":0,"texture":"#0","tintindex":0},"north":{"uv":[8.5625,10.125,9.125,10.5],"rotation":0,"texture":"#0","tintindex":0},"west":{"uv":[10.75,4.9375,11.0625,5.3125],"rotation":0,"texture":"#0","tintindex":0},"up":{"uv":[10.9375,7.9375,10.375,7.625],"rotation":0,"texture":"#0","tintindex":0},"down":{"uv":[8.5,10.375,7.9375,10.6875],"rotation":0,"texture":"#0","tintindex":0}}}],"display":{"head":{"translation":[0.0,-6.4,0.0],"scale":[4.0,4.0,4.0]}}}