{"textures":{"0":"modelengine:entity/trici"},"elements":[{"from":[4.121583,5.4495316,1.6453424],"to":[12.498405,12.430218,7.229897],"rotation":{"angle":0.0,"axis":"y","origin":[8.309995,5.4495316,10.022171]},"faces":{"east":{"uv":[8.5625,5.125,9.1875,5.875],"rotation":0,"texture":"#0","tintindex":0},"south":{"uv":[6.75,3.9375,7.6875,4.6875],"rotation":0,"texture":"#0","tintindex":0},"north":{"uv":[6.6875,5.5625,7.625,6.3125],"rotation":0,"texture":"#0","tintindex":0},"west":{"uv":[7.25,8.5625,7.875,9.3125],"rotation":0,"texture":"#0","tintindex":0},"up":{"uv":[8.5625,6.1875,7.625,5.5625],"rotation":0,"texture":"#0","tintindex":0},"down":{"uv":[8.625,4.0,7.6875,4.625],"rotation":0,"texture":"#0","tintindex":0}}},{"from":[5.6399374,1.626234,2.179811],"to":[10.980045,5.814646,9.969034],"rotation":{"angle":0.0,"axis":"y","origin":[8.309995,4.949697,5.547931]},"faces":{"east":{"uv":[9.1875,5.125,10.0625,5.5625],"rotation":0,"texture":"#0","tintindex":0},"south":{"uv":[9.875,3.9375,10.4375,4.375],"rotation":0,"texture":"#0","tintindex":0},"north":{"uv":[9.875,2.75,10.4375,3.1875],"rotation":0,"texture":"#0","tintindex":0},"west":{"uv":[9.25,1.3125,10.125,1.75],"rotation":0,"texture":"#0","tintindex":0},"up":{"uv":[0.5625,9.375,0.0,8.5],"rotation":0,"texture":"#0","tintindex":0},"down":{"uv":[9.125,0.625,8.5625,1.5],"rotation":0,"texture":"#0","tintindex":0}}},{"from":[7.402737,0.50979424,2.5672398],"to":[9.217246,4.6982055,8.593663],"rotation":{"angle":0.0,"axis":"y","origin":[8.309995,4.949697,5.547931]},"faces":{"east":{"uv":[9.5,4.5625,10.1875,5.0],"rotation":0,"texture":"#0","tintindex":0},"south":{"uv":[2.75,10.875,2.9375,11.3125],"rotation":0,"texture":"#0","tintindex":0},"north":{"uv":[2.5625,10.875,2.75,11.3125],"rotation":0,"texture":"#0","tintindex":0},"west":{"uv":[9.6875,0.5625,10.375,1.0],"rotation":0,"texture":"#0","tintindex":0},"up":{"uv":[2.1875,11.3125,2.0,10.625],"rotation":0,"texture":"#0","tintindex":0},"down":{"uv":[2.375,10.625,2.1875,11.3125],"rotation":0,"texture":"#0","tintindex":0}}}],"display":{"head":{"translation":[0.0,-6.4,0.0],"scale":[4.0,4.0,4.0]}}}