{"textures":{"0":"modelengine:entity/trici"},"elements":[{"from":[5.6916456,5.9665656,3.171914],"to":[10.928337,12.016498,8.413308],"rotation":{"angle":0.0,"axis":"y","origin":[8.309995,5.5011883,8.756469]},"faces":{"east":{"uv":[6.625,9.0625,7.1875,9.75],"rotation":0,"texture":"#0","tintindex":0},"south":{"uv":[9.125,0.625,9.6875,1.3125],"rotation":0,"texture":"#0","tintindex":0},"north":{"uv":[6.0625,9.0625,6.625,9.75],"rotation":0,"texture":"#0","tintindex":0},"west":{"uv":[9.125,8.25,9.6875,8.9375],"rotation":0,"texture":"#0","tintindex":0},"up":{"uv":[0.5625,9.9375,0.0,9.375],"rotation":0,"texture":"#0","tintindex":0},"down":{"uv":[4.375,9.375,3.8125,9.9375],"rotation":0,"texture":"#0","tintindex":0}}},{"from":[7.1394973,2.0548053,4.1012454],"to":[9.480492,6.95304,9.535372],"rotation":{"angle":22.5,"axis":"x","origin":[8.309995,4.7686625,5.9369087]},"faces":{"east":{"uv":[9.3125,6.5625,9.9375,7.125],"rotation":0,"texture":"#0","tintindex":0},"south":{"uv":[8.75,10.5,9.0,11.0625],"rotation":0,"texture":"#0","tintindex":0},"north":{"uv":[8.5,10.5,8.75,11.0625],"rotation":0,"texture":"#0","tintindex":0},"west":{"uv":[3.1875,9.375,3.8125,9.9375],"rotation":0,"texture":"#0","tintindex":0},"up":{"uv":[7.0,10.875,6.75,10.25],"rotation":0,"texture":"#0","tintindex":0},"down":{"uv":[0.625,10.5,0.375,11.125],"rotation":0,"texture":"#0","tintindex":0}}}],"display":{"head":{"translation":[0.0,-6.4,0.0],"scale":[4.0,4.0,4.0]}}}