{"textures":{"0":"modelengine:entity/trici"},"elements":[{"from":[5.45016,4.3450055,5.1912627],"to":[9.7984,8.058635,10.503172],"rotation":{"angle":0.0,"axis":"y","origin":[7.62428,11.372703,9.610017]},"faces":{"east":{"uv":[6.25,10.125,5.6875,10.5],"rotation":0,"texture":"#0","tintindex":0},"south":{"uv":[10.6875,8.25,10.1875,8.625],"rotation":0,"texture":"#0","tintindex":0},"north":{"uv":[10.6875,4.5625,10.1875,4.9375],"rotation":0,"texture":"#0","tintindex":0},"west":{"uv":[10.6875,1.875,10.125,2.25],"rotation":0,"texture":"#0","tintindex":0},"up":{"uv":[9.6875,6.125,10.1875,5.5625],"rotation":0,"texture":"#0","tintindex":0},"down":{"uv":[9.6875,8.25,10.1875,8.8125],"rotation":0,"texture":"#0","tintindex":0}}},{"from":[5.74396,4.4021482,4.0160627],"to":[7.1542,6.3529773,5.802371],"rotation":{"angle":0.0,"axis":"y","origin":[7.62428,11.429846,9.610017]},"faces":{"east":{"uv":[11.25,1.0,11.0625,1.1875],"rotation":0,"texture":"#0","tintindex":0},"south":{"uv":[8.8125,7.125,8.6875,7.3125],"rotation":0,"texture":"#0","tintindex":0},"north":{"uv":[4.4375,6.125,4.3125,6.3125],"rotation":0,"texture":"#0","tintindex":0},"west":{"uv":[9.4375,3.3125,9.25,3.5],"rotation":0,"texture":"#0","tintindex":0},"up":{"uv":[9.125,1.5,9.25,1.3125],"rotation":0,"texture":"#0","tintindex":0},"down":{"uv":[9.1875,5.5625,9.3125,5.75],"rotation":0,"texture":"#0","tintindex":0}}},{"from":[8.135234,4.4021482,4.106023],"to":[9.545474,6.3529773,5.8923254],"rotation":{"angle":0.0,"axis":"y","origin":[9.251675,5.3775654,4.9991713]},"faces":{"east":{"uv":[11.25,3.9375,11.0625,4.125],"rotation":0,"texture":"#0","tintindex":0},"south":{"uv":[3.1875,9.75,3.0625,9.9375],"rotation":0,"texture":"#0","tintindex":0},"north":{"uv":[2.125,9.25,2.0,9.4375],"rotation":0,"texture":"#0","tintindex":0},"west":{"uv":[11.25,3.4375,11.0625,3.625],"rotation":0,"texture":"#0","tintindex":0},"up":{"uv":[4.4375,10.0625,4.5625,9.875],"rotation":0,"texture":"#0","tintindex":0},"down":{"uv":[1.625,10.0625,1.75,10.25],"rotation":0,"texture":"#0","tintindex":0}}},{"from":[9.763857,4.4021482,4.960086],"to":[11.174097,6.3529773,7.3339887],"rotation":{"angle":-45.0,"axis":"y","origin":[9.4700575,5.3775654,5.67696]},"faces":{"east":{"uv":[11.125,2.4375,10.875,2.625],"rotation":0,"texture":"#0","tintindex":0},"south":{"uv":[10.1875,5.3125,10.0625,5.5],"rotation":0,"texture":"#0","tintindex":0},"north":{"uv":[2.5,10.0625,2.375,10.25],"rotation":0,"texture":"#0","tintindex":0},"west":{"uv":[10.4375,5.9375,10.1875,6.125],"rotation":0,"texture":"#0","tintindex":0},"up":{"uv":[0.6875,5.625,0.8125,5.375],"rotation":0,"texture":"#0","tintindex":0},"down":{"uv":[6.5625,4.6875,6.6875,4.9375],"rotation":0,"texture":"#0","tintindex":0}}},{"from":[3.8652573,4.4021482,4.360537],"to":[5.275497,6.3529773,6.146846],"rotation":{"angle":45.0,"axis":"y","origin":[6.09652,5.3775654,4.909217]},"faces":{"east":{"uv":[11.25,4.9375,11.0625,5.125],"rotation":0,"texture":"#0","tintindex":0},"south":{"uv":[4.0625,10.8125,3.9375,11.0],"rotation":0,"texture":"#0","tintindex":0},"north":{"uv":[10.3125,8.625,10.1875,8.8125],"rotation":0,"texture":"#0","tintindex":0},"west":{"uv":[11.25,4.125,11.0625,4.3125],"rotation":0,"texture":"#0","tintindex":0},"up":{"uv":[0.25,11.125,0.375,10.9375],"rotation":0,"texture":"#0","tintindex":0},"down":{"uv":[3.9375,11.0,4.0625,11.1875],"rotation":0,"texture":"#0","tintindex":0}}}],"display":{"head":{"translation":[0.0,-6.4,0.0],"scale":[4.0,4.0,4.0]}}}