{"textures":{"0":"modelengine:entity/trici"},"elements":[{"from":[5.700183,3.5657997,4.819],"to":[9.390314,9.770857,13.233435],"rotation":{"angle":45.0,"axis":"x","origin":[7.768537,5.6341543,7.921531]},"faces":{"east":{"uv":[6.8125,7.1875,5.875,7.875],"rotation":0,"texture":"#0","tintindex":0},"south":{"uv":[7.9375,9.875,7.5625,10.5625],"rotation":0,"texture":"#0","tintindex":0},"north":{"uv":[0.9375,9.8125,0.5625,10.5],"rotation":0,"texture":"#0","tintindex":0},"west":{"uv":[3.6875,7.1875,2.75,7.875],"rotation":0,"texture":"#0","tintindex":0},"up":{"uv":[0.8125,4.625,1.1875,3.6875],"rotation":0,"texture":"#0","tintindex":0},"down":{"uv":[7.1875,9.3125,7.5625,10.25],"rotation":0,"texture":"#0","tintindex":0}}}],"display":{"head":{"translation":[0.0,-6.4,0.0],"scale":[4.0,4.0,4.0]}}}