{"textures":{"0":"modelengine:entity/trici"},"elements":[{"from":[5.701097,0.62818813,5.4578686],"to":[9.226697,10.029789,9.571069],"rotation":{"angle":-22.5,"axis":"x","origin":[7.6108,6.5041885,8.395868]},"faces":{"east":{"uv":[9.25,1.5,8.8125,2.5],"rotation":0,"texture":"#0","tintindex":0},"south":{"uv":[9.6875,5.5625,9.3125,6.5625],"rotation":0,"texture":"#0","tintindex":0},"north":{"uv":[9.625,1.75,9.25,2.75],"rotation":0,"texture":"#0","tintindex":0},"west":{"uv":[2.5625,4.625,2.125,5.625],"rotation":0,"texture":"#0","tintindex":0},"up":{"uv":[9.6875,10.875,10.0625,10.4375],"rotation":0,"texture":"#0","tintindex":0},"down":{"uv":[0.0,10.5,0.375,10.9375],"rotation":0,"texture":"#0","tintindex":0}}},{"from":[5.994897,3.0171714,7.0942],"to":[8.932898,8.305572,11.2074],"rotation":{"angle":0.0,"axis":"y","origin":[7.1700974,5.9551716,11.55996]},"faces":{"east":{"uv":[0.4375,9.9375,0.0,10.5],"rotation":0,"texture":"#0","tintindex":0},"south":{"uv":[5.625,10.375,5.3125,10.9375],"rotation":0,"texture":"#0","tintindex":0},"north":{"uv":[1.75,10.375,1.4375,10.9375],"rotation":0,"texture":"#0","tintindex":0},"west":{"uv":[10.125,9.875,9.6875,10.4375],"rotation":0,"texture":"#0","tintindex":0},"up":{"uv":[2.75,7.1875,3.0625,6.75],"rotation":0,"texture":"#0","tintindex":0},"down":{"uv":[7.5625,10.5625,7.875,11.0],"rotation":0,"texture":"#0","tintindex":0}}}],"display":{"head":{"translation":[0.0,-6.4,0.0],"scale":[4.0,4.0,4.0]}}}