{"textures":{"0":"modelengine:entity/trici"},"elements":[{"from":[5.0989714,-0.6069832,2.8538055],"to":[9.799771,10.557417,10.492606],"rotation":{"angle":22.5,"axis":"x","origin":[7.4493713,4.975217,6.6732054]},"faces":{"east":{"uv":[6.75,3.4375,5.9375,4.6875],"rotation":0,"texture":"#0","tintindex":0},"south":{"uv":[8.0625,1.9375,7.5625,3.1875],"rotation":0,"texture":"#0","tintindex":0},"north":{"uv":[1.125,7.5,0.625,8.75],"rotation":0,"texture":"#0","tintindex":0},"west":{"uv":[6.75,2.1875,5.9375,3.4375],"rotation":0,"texture":"#0","tintindex":0},"up":{"uv":[8.8125,7.4375,9.3125,6.625],"rotation":0,"texture":"#0","tintindex":0},"down":{"uv":[8.875,7.4375,9.375,8.25],"rotation":0,"texture":"#0","tintindex":0}}}],"display":{"head":{"translation":[0.0,-6.4,0.0],"scale":[4.0,4.0,4.0]}}}