{"textures":{"0":"modelengine:entity/trici"},"elements":[{"from":[5.979657,1.1281943,5.4617825],"to":[9.152698,10.717823,9.598492],"rotation":{"angle":22.5,"axis":"x","origin":[7.566177,7.2336173,7.6232743]},"faces":{"east":{"uv":[1.0,8.75,0.5625,9.8125],"rotation":0,"texture":"#0","tintindex":0},"south":{"uv":[1.75,9.0,1.375,10.0625],"rotation":0,"texture":"#0","tintindex":0},"north":{"uv":[1.375,9.0,1.0,10.0625],"rotation":0,"texture":"#0","tintindex":0},"west":{"uv":[3.1875,8.6875,2.75,9.75],"rotation":0,"texture":"#0","tintindex":0},"up":{"uv":[10.4375,4.375,10.8125,3.9375],"rotation":0,"texture":"#0","tintindex":0},"down":{"uv":[10.4375,5.9375,10.8125,6.375],"rotation":0,"texture":"#0","tintindex":0}}}],"display":{"head":{"translation":[0.0,-6.4,0.0],"scale":[4.0,4.0,4.0]}}}