{"textures":{"0":"modelengine:entity/trici"},"elements":[{"from":[3.6323423,2.8036222,4.8324056],"to":[12.129943,12.515165,14.543949],"rotation":{"angle":0.0,"axis":"y","origin":[7.8811426,11.301223,-3.9079838]},"faces":{"east":{"uv":[4.875,0.0,5.9375,1.0625],"rotation":0,"texture":"#0","tintindex":0},"south":{"uv":[3.0625,6.125,4.0,7.1875],"rotation":0,"texture":"#0","tintindex":0},"north":{"uv":[5.9375,0.0,6.875,1.0625],"rotation":0,"texture":"#0","tintindex":0},"west":{"uv":[3.375,5.0625,4.4375,6.125],"rotation":0,"texture":"#0","tintindex":0},"up":{"uv":[4.9375,7.375,4.0,6.3125],"rotation":0,"texture":"#0","tintindex":0},"down":{"uv":[5.875,6.3125,4.9375,7.375],"rotation":0,"texture":"#0","tintindex":0}}},{"from":[4.846286,1.1118507,5.0751944],"to":[10.916,4.1467085,14.179766],"rotation":{"angle":0.0,"axis":"y","origin":[7.8811426,11.301223,-3.9079838]},"faces":{"east":{"uv":[9.375,7.625,10.375,7.9375],"rotation":0,"texture":"#0","tintindex":0},"south":{"uv":[10.125,1.5625,10.8125,1.875],"rotation":0,"texture":"#0","tintindex":0},"north":{"uv":[10.125,1.25,10.8125,1.5625],"rotation":0,"texture":"#0","tintindex":0},"west":{"uv":[9.375,7.9375,10.375,8.25],"rotation":0,"texture":"#0","tintindex":0},"up":{"uv":[7.5625,1.0,6.875,0.0],"rotation":0,"texture":"#0","tintindex":0},"down":{"uv":[7.6875,6.3125,7.0,7.3125],"rotation":0,"texture":"#0","tintindex":0}}},{"from":[4.3907313,3.7213597,13.885241],"to":[11.383046,11.296366,20.146086],"rotation":{"angle":0.0,"axis":"y","origin":[7.8868856,11.063292,-3.2459211]},"faces":{"east":{"uv":[7.8125,4.625,8.5,5.4375],"rotation":0,"texture":"#0","tintindex":0},"south":{"uv":[7.6875,3.1875,8.4375,4.0],"rotation":0,"texture":"#0","tintindex":0},"north":{"uv":[1.125,7.625,1.875,8.4375],"rotation":0,"texture":"#0","tintindex":0},"west":{"uv":[2.625,7.875,3.3125,8.6875],"rotation":0,"texture":"#0","tintindex":0},"up":{"uv":[8.8125,2.875,8.0625,2.1875],"rotation":0,"texture":"#0","tintindex":0},"down":{"uv":[8.8125,7.3125,8.0625,8.0],"rotation":0,"texture":"#0","tintindex":0}}},{"from":[5.55612,2.3229022,14.11832],"to":[10.217657,4.070977,19.796469],"rotation":{"angle":0.0,"axis":"y","origin":[7.8868856,11.063292,-3.2459211]},"faces":{"east":{"uv":[10.6875,8.9375,11.3125,9.125],"rotation":0,"texture":"#0","tintindex":0},"south":{"uv":[10.8125,9.125,11.3125,9.3125],"rotation":0,"texture":"#0","tintindex":0},"north":{"uv":[10.8125,6.0625,11.3125,6.25],"rotation":0,"texture":"#0","tintindex":0},"west":{"uv":[10.6875,10.0,11.3125,10.1875],"rotation":0,"texture":"#0","tintindex":0},"up":{"uv":[8.6875,10.0,8.1875,9.375],"rotation":0,"texture":"#0","tintindex":0},"down":{"uv":[2.5,9.4375,2.0,10.0625],"rotation":0,"texture":"#0","tintindex":0}}}],"display":{"head":{"translation":[0.0,-6.4,0.0],"scale":[4.0,4.0,4.0]}}}