{"textures":{"0":"modelengine:entity/trici"},"elements":[{"from":[6.2106857,5.2471085,6.9128284],"to":[10.06588,10.221074,13.469771],"rotation":{"angle":0.0,"axis":"y","origin":[7.9997716,11.10112,-11.937206]},"faces":{"east":{"uv":[9.125,8.9375,9.8125,9.5],"rotation":0,"texture":"#0","tintindex":0},"south":{"uv":[9.9375,3.1875,10.375,3.75],"rotation":0,"texture":"#0","tintindex":0},"north":{"uv":[3.0625,9.9375,3.5,10.5],"rotation":0,"texture":"#0","tintindex":0},"west":{"uv":[9.1875,0.0,9.875,0.5625],"rotation":0,"texture":"#0","tintindex":0},"up":{"uv":[5.25,10.375,4.8125,9.6875],"rotation":0,"texture":"#0","tintindex":0},"down":{"uv":[5.6875,9.6875,5.25,10.375],"rotation":0,"texture":"#0","tintindex":0}}},{"from":[6.776343,6.0219655,12.863731],"to":[9.365937,9.730331,18.645817],"rotation":{"angle":0.0,"axis":"y","origin":[7.5997715,11.10112,-11.937206]},"faces":{"east":{"uv":[10.0,7.25,10.625,7.625],"rotation":0,"texture":"#0","tintindex":0},"south":{"uv":[10.8125,1.1875,11.125,1.5625],"rotation":0,"texture":"#0","tintindex":0},"north":{"uv":[7.1875,10.75,7.5,11.125],"rotation":0,"texture":"#0","tintindex":0},"west":{"uv":[7.9375,10.0,8.5625,10.375],"rotation":0,"texture":"#0","tintindex":0},"up":{"uv":[2.6875,10.875,2.375,10.25],"rotation":0,"texture":"#0","tintindex":0},"down":{"uv":[3.0,10.25,2.6875,10.875],"rotation":0,"texture":"#0","tintindex":0}}},{"from":[7.0992,7.11968,17.383732],"to":[9.04308,9.536617,23.811531],"rotation":{"angle":0.0,"axis":"y","origin":[7.9997716,11.10112,-11.937206]},"faces":{"east":{"uv":[0.0,5.375,0.6875,5.625],"rotation":0,"texture":"#0","tintindex":0},"south":{"uv":[11.0625,2.875,11.25,3.125],"rotation":0,"texture":"#0","tintindex":0},"north":{"uv":[11.0625,0.75,11.25,1.0],"rotation":0,"texture":"#0","tintindex":0},"west":{"uv":[10.375,3.5,11.0625,3.75],"rotation":0,"texture":"#0","tintindex":0},"up":{"uv":[4.9375,11.375,4.75,10.6875],"rotation":0,"texture":"#0","tintindex":0},"down":{"uv":[5.125,10.6875,4.9375,11.375],"rotation":0,"texture":"#0","tintindex":0}}},{"from":[7.422057,6.0219655,16.996304],"to":[8.720222,8.438903,23.424103],"rotation":{"angle":-22.5,"axis":"x","origin":[8.071143,6.3910055,20.597635]},"faces":{"east":{"uv":[10.375,7.9375,11.0625,8.1875],"rotation":0,"texture":"#0","tintindex":0},"south":{"uv":[2.0,9.0,2.125,9.25],"rotation":0,"texture":"#0","tintindex":0},"north":{"uv":[1.0,8.75,1.125,9.0],"rotation":0,"texture":"#0","tintindex":0},"west":{"uv":[10.4375,2.625,11.125,2.875],"rotation":0,"texture":"#0","tintindex":0},"up":{"uv":[7.6875,3.875,7.5625,3.1875],"rotation":0,"texture":"#0","tintindex":0},"down":{"uv":[3.3125,8.6875,3.1875,9.375],"rotation":0,"texture":"#0","tintindex":0}}},{"from":[7.272314,4.5976744,7.8428],"to":[8.889972,6.2153316,17.473343],"rotation":{"angle":0.0,"axis":"y","origin":[7.9997716,11.10112,-11.937206]},"faces":{"east":{"uv":[9.875,4.375,10.9375,4.5625],"rotation":0,"texture":"#0","tintindex":0},"south":{"uv":[0.8125,11.125,1.0,11.3125],"rotation":0,"texture":"#0","tintindex":0},"north":{"uv":[0.4375,11.125,0.625,11.3125],"rotation":0,"texture":"#0","tintindex":0},"west":{"uv":[9.9375,3.75,11.0,3.9375],"rotation":0,"texture":"#0","tintindex":0},"up":{"uv":[5.9375,3.25,5.75,2.1875],"rotation":0,"texture":"#0","tintindex":0},"down":{"uv":[7.1875,9.75,7.0,10.8125],"rotation":0,"texture":"#0","tintindex":0}}}],"display":{"head":{"translation":[0.0,-6.4,0.0],"scale":[4.0,4.0,4.0]}}}