{"textures":{"0":"modelengine:entity/trici"},"elements":[{"from":[5.2030745,6.2659054,6.956737],"to":[10.796926,12.978529,12.807468],"rotation":{"angle":0.0,"axis":"y","origin":[8.0,12.736123,-2.8464804]},"faces":{"east":{"uv":[8.5,8.625,9.125,9.375],"rotation":0,"texture":"#0","tintindex":0},"south":{"uv":[2.125,8.6875,2.75,9.4375],"rotation":0,"texture":"#0","tintindex":0},"north":{"uv":[7.875,8.625,8.5,9.375],"rotation":0,"texture":"#0","tintindex":0},"west":{"uv":[8.6875,5.875,9.3125,6.625],"rotation":0,"texture":"#0","tintindex":0},"up":{"uv":[6.5625,5.3125,5.9375,4.6875],"rotation":0,"texture":"#0","tintindex":0},"down":{"uv":[9.25,4.0,8.625,4.625],"rotation":0,"texture":"#0","tintindex":0}}},{"from":[6.3218455,5.259014,6.900794],"to":[9.678154,7.4965515,12.1921425],"rotation":{"angle":0.0,"axis":"y","origin":[8.0,12.736123,-2.8464804]},"faces":{"east":{"uv":[10.5,5.625,11.0625,5.875],"rotation":0,"texture":"#0","tintindex":0},"south":{"uv":[10.875,2.1875,11.25,2.4375],"rotation":0,"texture":"#0","tintindex":0},"north":{"uv":[10.875,0.5,11.25,0.75],"rotation":0,"texture":"#0","tintindex":0},"west":{"uv":[3.5,10.5625,4.0625,10.8125],"rotation":0,"texture":"#0","tintindex":0},"up":{"uv":[2.375,10.625,2.0,10.0625],"rotation":0,"texture":"#0","tintindex":0},"down":{"uv":[4.4375,10.1875,4.0625,10.75],"rotation":0,"texture":"#0","tintindex":0}}}],"display":{"head":{"translation":[0.0,-6.4,0.0],"scale":[4.0,4.0,4.0]}}}