{"textures":{"0":"modelengine:entity/baby_tyrannosaurus"},"elements":[{"from":[6.771931,0.42509174,10.859218],"to":[9.472554,2.315526,15.821606],"rotation":{"angle":-22.5,"axis":"x","origin":[5.4444513,5.0348177,9.525789]},"faces":{"east":{"uv":[13.25,9.125,14.375,9.5],"rotation":0,"texture":"#0","tintindex":0},"south":{"uv":[4.375,11.875,5.0,12.25],"rotation":0,"texture":"#0","tintindex":0},"north":{"uv":[2.5,6.375,3.125,6.75],"rotation":0,"texture":"#0","tintindex":0},"west":{"uv":[13.25,9.5,14.375,9.875],"rotation":0,"texture":"#0","tintindex":0},"up":{"uv":[12.25,5.0,11.625,3.875],"rotation":0,"texture":"#0","tintindex":0},"down":{"uv":[12.25,5.0,11.625,6.125],"rotation":0,"texture":"#0","tintindex":0}}},{"from":[4.296685,5.2592006,10.724189],"to":[11.655874,11.538143,17.509499],"rotation":{"angle":0.0,"axis":"y","origin":[8.111309,8.398675,14.116846]},"faces":{"east":{"uv":[1.5,5.0,3.0,6.375],"rotation":0,"texture":"#0","tintindex":0},"south":{"uv":[5.0,1.375,6.625,2.75],"rotation":0,"texture":"#0","tintindex":0},"north":{"uv":[5.0,0.0,6.625,1.375],"rotation":0,"texture":"#0","tintindex":0},"west":{"uv":[0.0,5.25,1.5,6.625],"rotation":0,"texture":"#0","tintindex":0},"up":{"uv":[3.125,5.0,1.5,3.5],"rotation":0,"texture":"#0","tintindex":0},"down":{"uv":[6.375,3.0,4.75,4.5],"rotation":0,"texture":"#0","tintindex":0}}},{"from":[5.5119658,3.1797204,12.344561],"to":[10.710657,7.838292,17.239435],"rotation":{"angle":0.0,"axis":"y","origin":[5.4444513,8.344658,16.682434]},"faces":{"east":{"uv":[1.125,9.125,2.25,10.125],"rotation":0,"texture":"#0","tintindex":0},"south":{"uv":[9.25,5.0,10.375,6.0],"rotation":0,"texture":"#0","tintindex":0},"north":{"uv":[9.0,1.75,10.125,2.75],"rotation":0,"texture":"#0","tintindex":0},"west":{"uv":[9.25,6.0,10.375,7.0],"rotation":0,"texture":"#0","tintindex":0},"up":{"uv":[9.25,7.375,8.125,6.25],"rotation":0,"texture":"#0","tintindex":0},"down":{"uv":[9.25,7.375,8.125,8.5],"rotation":0,"texture":"#0","tintindex":0}}},{"from":[3.891594,3.7738576,5.7280397],"to":[11.993452,11.875721,12.310801],"rotation":{"angle":0.0,"axis":"y","origin":[5.4444513,5.0348177,9.525789]},"faces":{"east":{"uv":[1.75,0.0,3.25,1.75],"rotation":0,"texture":"#0","tintindex":0},"south":{"uv":[0.0,1.75,1.75,3.5],"rotation":0,"texture":"#0","tintindex":0},"north":{"uv":[0.0,0.0,1.75,1.75],"rotation":0,"texture":"#0","tintindex":0},"west":{"uv":[1.75,1.75,3.25,3.5],"rotation":0,"texture":"#0","tintindex":0},"up":{"uv":[5.0,1.5,3.25,0.0],"rotation":0,"texture":"#0","tintindex":0},"down":{"uv":[5.0,1.5,3.25,3.0],"rotation":0,"texture":"#0","tintindex":0}}},{"from":[5.2419024,1.9349775,5.636326],"to":[10.643143,5.4457836,11.6789665],"rotation":{"angle":-22.5,"axis":"x","origin":[7.942526,3.6903777,8.657646]},"faces":{"east":{"uv":[2.25,9.375,3.625,10.125],"rotation":0,"texture":"#0","tintindex":0},"south":{"uv":[3.875,11.125,5.0,11.875],"rotation":0,"texture":"#0","tintindex":0},"north":{"uv":[2.75,10.75,3.875,11.5],"rotation":0,"texture":"#0","tintindex":0},"west":{"uv":[5.875,9.5,7.25,10.25],"rotation":0,"texture":"#0","tintindex":0},"up":{"uv":[9.0,1.375,7.875,0.0],"rotation":0,"texture":"#0","tintindex":0},"down":{"uv":[9.0,1.375,7.875,2.75],"rotation":0,"texture":"#0","tintindex":0}}},{"from":[5.2419024,4.4136233,-1.935749],"to":[10.710657,10.962629,4.309434],"rotation":{"angle":-22.5,"axis":"x","origin":[7.97628,5.9867377,1.9160056]},"faces":{"east":{"uv":[5.375,4.5,6.75,5.875],"rotation":0,"texture":"#0","tintindex":0},"south":{"uv":[6.625,0.0,7.875,1.375],"rotation":0,"texture":"#0","tintindex":0},"north":{"uv":[0.0,6.625,1.25,8.0],"rotation":0,"texture":"#0","tintindex":0},"west":{"uv":[5.375,5.875,6.75,7.25],"rotation":0,"texture":"#0","tintindex":0},"up":{"uv":[7.875,2.75,6.625,1.375],"rotation":0,"texture":"#0","tintindex":0},"down":{"uv":[3.75,6.75,2.5,8.125],"rotation":0,"texture":"#0","tintindex":0}}},{"from":[6.5922112,3.0363092,-0.9635258],"to":[9.360349,6.344572,2.851097],"rotation":{"angle":22.5,"axis":"x","origin":[7.97628,4.3663664,0.80875397]},"faces":{"east":{"uv":[11.875,7.875,12.75,8.625],"rotation":0,"texture":"#0","tintindex":0},"south":{"uv":[1.125,12.875,1.75,13.625],"rotation":0,"texture":"#0","tintindex":0},"north":{"uv":[0.0,12.875,0.625,13.625],"rotation":0,"texture":"#0","tintindex":0},"west":{"uv":[11.875,8.625,12.75,9.375],"rotation":0,"texture":"#0","tintindex":0},"up":{"uv":[6.375,13.5,5.75,12.625],"rotation":0,"texture":"#0","tintindex":0},"down":{"uv":[7.0,12.625,6.375,13.5],"rotation":0,"texture":"#0","tintindex":0}}},{"from":[4.43172,3.6096349,1.9753084],"to":[11.520845,11.508949,6.60012],"rotation":{"angle":0.0,"axis":"y","origin":[7.97628,7.6403093,5.908086]},"faces":{"east":{"uv":[1.5,6.375,2.5,8.125],"rotation":0,"texture":"#0","tintindex":0},"south":{"uv":[0.0,3.5,1.5,5.25],"rotation":0,"texture":"#0","tintindex":0},"north":{"uv":[3.25,3.0,4.75,4.75],"rotation":0,"texture":"#0","tintindex":0},"west":{"uv":[6.375,2.75,7.375,4.5],"rotation":0,"texture":"#0","tintindex":0},"up":{"uv":[2.625,9.125,1.125,8.125],"rotation":0,"texture":"#0","tintindex":0},"down":{"uv":[9.625,4.0,8.125,5.0],"rotation":0,"texture":"#0","tintindex":0}}},{"from":[6.3221483,1.7685375,2.402423],"to":[9.630405,5.8869834,7.0272403],"rotation":{"angle":22.5,"axis":"x","origin":[7.97628,2.855538,3.904646]},"faces":{"east":{"uv":[10.375,6.125,11.375,7.0],"rotation":0,"texture":"#0","tintindex":0},"south":{"uv":[9.25,12.0,10.0,12.875],"rotation":0,"texture":"#0","tintindex":0},"north":{"uv":[12.0,6.125,12.75,7.0],"rotation":0,"texture":"#0","tintindex":0},"west":{"uv":[7.625,10.5,8.625,11.375],"rotation":0,"texture":"#0","tintindex":0},"up":{"uv":[8.625,12.375,7.875,11.375],"rotation":0,"texture":"#0","tintindex":0},"down":{"uv":[12.375,0.0,11.625,1.0],"rotation":0,"texture":"#0","tintindex":0}}}],"display":{"head":{"translation":[0.0,-6.4,0.0],"scale":[4.0,4.0,4.0]}}}