{"textures":{"0":"modelengine:entity/baby_tyrannosaurus"},"elements":[{"from":[6.58668,2.6314912,4.652068],"to":[9.422332,11.543537,10.019548],"rotation":{"angle":22.5,"axis":"x","origin":[8.409595,5.1633196,5.359097]},"faces":{"east":{"uv":[3.125,4.75,4.25,6.75],"rotation":0,"texture":"#0","tintindex":0},"south":{"uv":[8.0,8.5,8.625,10.5],"rotation":0,"texture":"#0","tintindex":0},"north":{"uv":[7.375,8.25,8.0,10.25],"rotation":0,"texture":"#0","tintindex":0},"west":{"uv":[4.25,4.75,5.375,6.75],"rotation":0,"texture":"#0","tintindex":0},"up":{"uv":[9.25,12.875,8.625,11.75],"rotation":0,"texture":"#0","tintindex":0},"down":{"uv":[12.375,10.125,11.75,11.25],"rotation":0,"texture":"#0","tintindex":0}}},{"from":[6.606931,4.7382574,9.93968],"to":[9.388572,9.093012,12.471509],"rotation":{"angle":0.0,"axis":"y","origin":[8.409595,6.76372,11.205588]},"faces":{"east":{"uv":[12.75,8.875,13.25,9.875],"rotation":0,"texture":"#0","tintindex":0},"south":{"uv":[7.0,12.25,7.625,13.25],"rotation":0,"texture":"#0","tintindex":0},"north":{"uv":[12.25,4.625,12.875,5.625],"rotation":0,"texture":"#0","tintindex":0},"west":{"uv":[10.0,12.75,10.5,13.75],"rotation":0,"texture":"#0","tintindex":0},"up":{"uv":[14.25,2.125,13.625,1.625],"rotation":0,"texture":"#0","tintindex":0},"down":{"uv":[2.375,13.625,1.75,14.125],"rotation":0,"texture":"#0","tintindex":0}}},{"from":[6.5934286,3.9786625,9.018274],"to":[9.402075,6.510497,13.373029],"rotation":{"angle":-45.0,"axis":"x","origin":[8.409595,3.2191138,12.056475]},"faces":{"east":{"uv":[11.625,12.75,12.625,13.25],"rotation":0,"texture":"#0","tintindex":0},"south":{"uv":[4.125,13.625,4.75,14.125],"rotation":0,"texture":"#0","tintindex":0},"north":{"uv":[2.375,13.625,3.0,14.125],"rotation":0,"texture":"#0","tintindex":0},"west":{"uv":[12.625,12.75,13.625,13.25],"rotation":0,"texture":"#0","tintindex":0},"up":{"uv":[11.625,13.25,11.0,12.25],"rotation":0,"texture":"#0","tintindex":0},"down":{"uv":[13.0,0.0,12.375,1.0],"rotation":0,"texture":"#0","tintindex":0}}}],"display":{"head":{"translation":[0.0,-6.4,0.0],"scale":[4.0,4.0,4.0]}}}