{"textures":{"0":"modelengine:entity/baby_tyrannosaurus"},"elements":[{"from":[6.6338687,6.8618,6.6983314],"to":[9.469521,8.311777,8.993857],"rotation":{"angle":0.0,"axis":"y","origin":[7.9166627,7.2845087,5.9219027]},"faces":{"east":{"uv":[14.125,1.25,14.625,1.625],"rotation":0,"texture":"#0","tintindex":0},"south":{"uv":[13.875,2.125,14.5,2.5],"rotation":0,"texture":"#0","tintindex":0},"north":{"uv":[13.75,13.625,14.375,14.0],"rotation":0,"texture":"#0","tintindex":0},"west":{"uv":[1.75,14.125,2.25,14.5],"rotation":0,"texture":"#0","tintindex":0},"up":{"uv":[14.25,5.125,13.625,4.625],"rotation":0,"texture":"#0","tintindex":0},"down":{"uv":[7.25,13.625,6.625,14.125],"rotation":0,"texture":"#0","tintindex":0}}},{"from":[7.504817,6.8933716,5.1117144],"to":[8.517549,7.973623,7.677303],"rotation":{"angle":0.0,"axis":"y","origin":[7.9166627,7.2845087,5.9219027]},"faces":{"east":{"uv":[14.25,4.625,14.75,4.875],"rotation":0,"texture":"#0","tintindex":0},"south":{"uv":[10.875,14.375,11.125,14.625],"rotation":0,"texture":"#0","tintindex":0},"north":{"uv":[14.375,10.5,14.625,10.75],"rotation":0,"texture":"#0","tintindex":0},"west":{"uv":[14.25,4.875,14.75,5.125],"rotation":0,"texture":"#0","tintindex":0},"up":{"uv":[8.125,14.625,7.875,14.125],"rotation":0,"texture":"#0","tintindex":0},"down":{"uv":[11.75,14.125,11.5,14.625],"rotation":0,"texture":"#0","tintindex":0}}},{"from":[7.5318227,6.8933716,4.157731],"to":[8.463537,7.9061027,5.1704626],"rotation":{"angle":0.0,"axis":"y","origin":[7.9166627,7.3230515,6.1156797]},"faces":{"east":{"uv":[12.0,14.375,12.25,14.625],"rotation":0,"texture":"#0","tintindex":0},"south":{"uv":[12.25,14.375,12.5,14.625],"rotation":0,"texture":"#0","tintindex":0},"north":{"uv":[11.125,14.375,11.375,14.625],"rotation":0,"texture":"#0","tintindex":0},"west":{"uv":[12.5,14.375,12.75,14.625],"rotation":0,"texture":"#0","tintindex":0},"up":{"uv":[14.625,13.5,14.375,13.25],"rotation":0,"texture":"#0","tintindex":0},"down":{"uv":[14.625,13.5,14.375,13.75],"rotation":0,"texture":"#0","tintindex":0}}},{"from":[7.984177,6.8933716,3.1449995],"to":[7.984177,7.9061027,4.157731],"rotation":{"angle":0.0,"axis":"y","origin":[7.9166627,7.3230515,6.1156797]},"faces":{"east":{"uv":[14.375,13.75,14.625,14.0],"rotation":0,"texture":"#0","tintindex":0},"south":{"uv":[0.0,0.0,0.0,0.25],"rotation":0,"texture":"#0","tintindex":0},"north":{"uv":[0.0,0.0,0.0,0.25],"rotation":0,"texture":"#0","tintindex":0},"west":{"uv":[1.125,14.5,1.375,14.75],"rotation":0,"texture":"#0","tintindex":0},"up":{"uv":[0.0,0.25,0.0,0.0],"rotation":0,"texture":"#0","tintindex":0},"down":{"uv":[0.0,0.0,0.0,0.25],"rotation":0,"texture":"#0","tintindex":0}}},{"from":[6.154503,6.8933716,5.381777],"to":[7.16724,7.973623,7.9473658],"rotation":{"angle":22.5,"axis":"y","origin":[7.9166627,7.2845087,5.9219027]},"faces":{"east":{"uv":[14.25,5.625,14.75,5.875],"rotation":0,"texture":"#0","tintindex":0},"south":{"uv":[1.75,14.5,2.0,14.75],"rotation":0,"texture":"#0","tintindex":0},"north":{"uv":[1.375,14.5,1.625,14.75],"rotation":0,"texture":"#0","tintindex":0},"west":{"uv":[14.25,5.875,14.75,6.125],"rotation":0,"texture":"#0","tintindex":0},"up":{"uv":[5.0,14.75,4.75,14.25],"rotation":0,"texture":"#0","tintindex":0},"down":{"uv":[14.5,6.875,14.25,7.375],"rotation":0,"texture":"#0","tintindex":0}}},{"from":[6.2625313,6.8933716,4.436537],"to":[7.194246,7.9061027,5.449274],"rotation":{"angle":22.5,"axis":"y","origin":[7.9166627,7.3230515,6.1156797]},"faces":{"east":{"uv":[14.5,2.125,14.75,2.375],"rotation":0,"texture":"#0","tintindex":0},"south":{"uv":[14.5,2.375,14.75,2.625],"rotation":0,"texture":"#0","tintindex":0},"north":{"uv":[2.0,14.5,2.25,14.75],"rotation":0,"texture":"#0","tintindex":0},"west":{"uv":[14.5,2.625,14.75,2.875],"rotation":0,"texture":"#0","tintindex":0},"up":{"uv":[3.125,14.75,2.875,14.5],"rotation":0,"texture":"#0","tintindex":0},"down":{"uv":[14.75,2.875,14.5,3.125],"rotation":0,"texture":"#0","tintindex":0}}},{"from":[6.7148857,6.8933716,3.5500913],"to":[6.7148857,7.9061027,4.562823],"rotation":{"angle":22.5,"axis":"y","origin":[7.9166627,7.3230515,6.1156797]},"faces":{"east":{"uv":[3.125,14.5,3.375,14.75],"rotation":0,"texture":"#0","tintindex":0},"south":{"uv":[0.0,0.0,0.0,0.25],"rotation":0,"texture":"#0","tintindex":0},"north":{"uv":[0.0,0.0,0.0,0.25],"rotation":0,"texture":"#0","tintindex":0},"west":{"uv":[14.5,3.125,14.75,3.375],"rotation":0,"texture":"#0","tintindex":0},"up":{"uv":[0.0,0.25,0.0,0.0],"rotation":0,"texture":"#0","tintindex":0},"down":{"uv":[0.0,0.0,0.0,0.25],"rotation":0,"texture":"#0","tintindex":0}}},{"from":[9.408754,6.8933716,8.352463],"to":[10.421486,7.973623,10.918052],"rotation":{"angle":-22.5,"axis":"y","origin":[15.6809435,7.2845087,5.9219027]},"faces":{"east":{"uv":[8.625,14.25,9.125,14.5],"rotation":0,"texture":"#0","tintindex":0},"south":{"uv":[14.5,3.375,14.75,3.625],"rotation":0,"texture":"#0","tintindex":0},"north":{"uv":[3.375,14.5,3.625,14.75],"rotation":0,"texture":"#0","tintindex":0},"west":{"uv":[9.125,14.25,9.625,14.5],"rotation":0,"texture":"#0","tintindex":0},"up":{"uv":[10.25,14.75,10.0,14.25],"rotation":0,"texture":"#0","tintindex":0},"down":{"uv":[12.0,14.25,11.75,14.75],"rotation":0,"texture":"#0","tintindex":0}}},{"from":[9.381748,6.8933716,7.42548],"to":[10.3134575,7.9061027,8.438217],"rotation":{"angle":-22.5,"axis":"y","origin":[15.6809435,7.3230515,6.1156797]},"faces":{"east":{"uv":[14.5,3.625,14.75,3.875],"rotation":0,"texture":"#0","tintindex":0},"south":{"uv":[3.875,14.5,4.125,14.75],"rotation":0,"texture":"#0","tintindex":0},"north":{"uv":[3.625,14.5,3.875,14.75],"rotation":0,"texture":"#0","tintindex":0},"west":{"uv":[14.5,4.375,14.75,4.625],"rotation":0,"texture":"#0","tintindex":0},"up":{"uv":[5.25,14.75,5.0,14.5],"rotation":0,"texture":"#0","tintindex":0},"down":{"uv":[5.5,14.5,5.25,14.75],"rotation":0,"texture":"#0","tintindex":0}}},{"from":[9.861109,6.8933716,6.4127483],"to":[9.861109,7.9061027,7.42548],"rotation":{"angle":-22.5,"axis":"y","origin":[15.6809435,7.3230515,6.1156797]},"faces":{"east":{"uv":[5.5,14.5,5.75,14.75],"rotation":0,"texture":"#0","tintindex":0},"south":{"uv":[0.0,0.0,0.0,0.25],"rotation":0,"texture":"#0","tintindex":0},"north":{"uv":[0.0,0.0,0.0,0.25],"rotation":0,"texture":"#0","tintindex":0},"west":{"uv":[5.75,14.5,6.0,14.75],"rotation":0,"texture":"#0","tintindex":0},"up":{"uv":[0.0,0.25,0.0,0.0],"rotation":0,"texture":"#0","tintindex":0},"down":{"uv":[0.0,0.0,0.0,0.25],"rotation":0,"texture":"#0","tintindex":0}}}],"display":{"head":{"translation":[0.0,-6.4,0.0],"scale":[4.0,4.0,4.0]}}}