{"textures":{"0":"modelengine:entity/baby_tyrannosaurus"},"elements":[{"from":[6.445223,4.387815,5.529265],"to":[9.592156,7.0102606,8.521263],"rotation":{"angle":-22.5,"axis":"x","origin":[8.006915,6.9692335,2.698316]},"faces":{"east":{"uv":[7.625,12.375,8.375,13.125],"rotation":0,"texture":"#0","tintindex":0},"south":{"uv":[12.125,1.5,13.0,2.25],"rotation":0,"texture":"#0","tintindex":0},"north":{"uv":[12.0,12.0,12.875,12.75],"rotation":0,"texture":"#0","tintindex":0},"west":{"uv":[12.375,10.125,13.125,10.875],"rotation":0,"texture":"#0","tintindex":0},"up":{"uv":[13.125,4.625,12.25,3.875],"rotation":0,"texture":"#0","tintindex":0},"down":{"uv":[5.25,12.25,4.375,13.0],"rotation":0,"texture":"#0","tintindex":0}}},{"from":[6.6593013,6.9988704,7.9785285],"to":[9.378083,9.204,9.247074],"rotation":{"angle":0.0,"axis":"y","origin":[8.018692,8.52455,6.3098154]},"faces":{"east":{"uv":[3.0,13.625,3.375,14.25],"rotation":0,"texture":"#0","tintindex":0},"south":{"uv":[13.125,3.75,13.875,4.375],"rotation":0,"texture":"#0","tintindex":0},"north":{"uv":[4.375,13.0,5.125,13.625],"rotation":0,"texture":"#0","tintindex":0},"west":{"uv":[4.75,13.625,5.125,14.25],"rotation":0,"texture":"#0","tintindex":0},"up":{"uv":[10.375,5.0,9.625,4.625],"rotation":0,"texture":"#0","tintindex":0},"down":{"uv":[12.75,7.0,12.0,7.375],"rotation":0,"texture":"#0","tintindex":0}}},{"from":[6.889435,4.6106324,2.3994741],"to":[9.137244,5.7238293,5.7069707],"rotation":{"angle":-45.0,"axis":"x","origin":[8.013337,6.337808,2.4535127]},"faces":{"east":{"uv":[10.375,1.5,11.25,1.75],"rotation":0,"texture":"#0","tintindex":0},"south":{"uv":[14.125,11.625,14.75,11.875],"rotation":0,"texture":"#0","tintindex":0},"north":{"uv":[14.125,11.375,14.75,11.625],"rotation":0,"texture":"#0","tintindex":0},"west":{"uv":[13.625,8.875,14.5,9.125],"rotation":0,"texture":"#0","tintindex":0},"up":{"uv":[13.375,7.0,12.75,6.125],"rotation":0,"texture":"#0","tintindex":0},"down":{"uv":[13.375,7.0,12.75,7.875],"rotation":0,"texture":"#0","tintindex":0}}},{"from":[7.157034,5.5548363,1.459794],"to":[7.157034,6.4539604,2.626512],"rotation":{"angle":0.0,"axis":"y","origin":[7.157034,6.0043983,2.0431528]},"faces":{"east":{"uv":[14.375,9.875,14.625,10.125],"rotation":0,"texture":"#0","tintindex":0},"south":{"uv":[0.0,0.0,0.0,0.25],"rotation":0,"texture":"#0","tintindex":0},"north":{"uv":[0.0,0.0,0.0,0.25],"rotation":0,"texture":"#0","tintindex":0},"west":{"uv":[14.375,10.125,14.625,10.375],"rotation":0,"texture":"#0","tintindex":0},"up":{"uv":[0.0,0.25,0.0,0.0],"rotation":0,"texture":"#0","tintindex":0},"down":{"uv":[0.0,0.0,0.0,0.25],"rotation":0,"texture":"#0","tintindex":0}}},{"from":[8.816124,5.5548363,1.459794],"to":[8.816124,6.4539604,2.626512],"rotation":{"angle":0.0,"axis":"y","origin":[8.816124,6.0043983,2.0431528]},"faces":{"east":{"uv":[14.625,10.125,14.375,10.375],"rotation":0,"texture":"#0","tintindex":0},"south":{"uv":[0.0,0.0,0.0,0.25],"rotation":0,"texture":"#0","tintindex":0},"north":{"uv":[0.0,0.0,0.0,0.25],"rotation":0,"texture":"#0","tintindex":0},"west":{"uv":[14.625,9.875,14.375,10.125],"rotation":0,"texture":"#0","tintindex":0},"up":{"uv":[0.0,0.25,0.0,0.0],"rotation":0,"texture":"#0","tintindex":0},"down":{"uv":[0.0,0.0,0.0,0.25],"rotation":0,"texture":"#0","tintindex":0}}},{"from":[6.9643607,6.6825147,2.0774646],"to":[6.9643607,7.5816383,5.3849564],"rotation":{"angle":-45.0,"axis":"x","origin":[7.9865766,7.3224382,3.7312107]},"faces":{"east":{"uv":[13.875,4.0,14.75,4.25],"rotation":0,"texture":"#0","tintindex":0},"south":{"uv":[0.0,0.0,0.0,0.25],"rotation":0,"texture":"#0","tintindex":0},"north":{"uv":[0.0,0.0,0.0,0.25],"rotation":0,"texture":"#0","tintindex":0},"west":{"uv":[13.875,6.125,14.75,6.375],"rotation":0,"texture":"#0","tintindex":0},"up":{"uv":[0.0,0.875,0.0,0.0],"rotation":0,"texture":"#0","tintindex":0},"down":{"uv":[0.0,0.0,0.0,0.875],"rotation":0,"texture":"#0","tintindex":0}}},{"from":[9.008798,6.6825147,2.0774646],"to":[9.008798,7.5816383,5.3849564],"rotation":{"angle":-45.0,"axis":"x","origin":[7.9865766,7.3224382,3.7312107]},"faces":{"east":{"uv":[14.75,6.125,13.875,6.375],"rotation":0,"texture":"#0","tintindex":0},"south":{"uv":[0.0,0.0,0.0,0.25],"rotation":0,"texture":"#0","tintindex":0},"north":{"uv":[0.0,0.0,0.0,0.25],"rotation":0,"texture":"#0","tintindex":0},"west":{"uv":[14.75,4.0,13.875,4.25],"rotation":0,"texture":"#0","tintindex":0},"up":{"uv":[0.0,0.875,0.0,0.0],"rotation":0,"texture":"#0","tintindex":0},"down":{"uv":[0.0,0.0,0.0,0.875],"rotation":0,"texture":"#0","tintindex":0}}},{"from":[7.162384,5.5068483,1.3678813],"to":[8.757258,6.4059725,1.3678813],"rotation":{"angle":-22.5,"axis":"x","origin":[7.959821,5.9564104,1.3678813]},"faces":{"east":{"uv":[0.0,0.0,0.0,0.25],"rotation":0,"texture":"#0","tintindex":0},"south":{"uv":[11.25,2.375,11.625,2.625],"rotation":0,"texture":"#0","tintindex":0},"north":{"uv":[7.625,10.25,8.0,10.5],"rotation":0,"texture":"#0","tintindex":0},"west":{"uv":[0.0,0.0,0.0,0.25],"rotation":0,"texture":"#0","tintindex":0},"up":{"uv":[0.375,0.0,0.0,0.0],"rotation":0,"texture":"#0","tintindex":0},"down":{"uv":[0.375,0.0,0.0,0.0],"rotation":0,"texture":"#0","tintindex":0}}},{"from":[6.9964714,3.8686037,3.861713],"to":[9.030203,5.4099627,6.312896],"rotation":{"angle":-22.5,"axis":"x","origin":[8.004243,5.9536386,1.1064901]},"faces":{"east":{"uv":[13.625,12.875,14.25,13.25],"rotation":0,"texture":"#0","tintindex":0},"south":{"uv":[5.625,14.0,6.125,14.375],"rotation":0,"texture":"#0","tintindex":0},"north":{"uv":[5.125,14.0,5.625,14.375],"rotation":0,"texture":"#0","tintindex":0},"west":{"uv":[13.75,13.25,14.375,13.625],"rotation":0,"texture":"#0","tintindex":0},"up":{"uv":[14.125,1.625,13.625,1.0],"rotation":0,"texture":"#0","tintindex":0},"down":{"uv":[1.75,13.625,1.25,14.25],"rotation":0,"texture":"#0","tintindex":0}}},{"from":[7.21055,3.8900142,1.7209449],"to":[8.816124,4.789138,4.3862066],"rotation":{"angle":-22.5,"axis":"x","origin":[8.004243,5.9536386,1.1064901]},"faces":{"east":{"uv":[13.875,7.375,14.625,7.625],"rotation":0,"texture":"#0","tintindex":0},"south":{"uv":[12.75,9.875,13.125,10.125],"rotation":0,"texture":"#0","tintindex":0},"north":{"uv":[9.25,11.75,9.625,12.0],"rotation":0,"texture":"#0","tintindex":0},"west":{"uv":[13.375,14.0,14.125,14.25],"rotation":0,"texture":"#0","tintindex":0},"up":{"uv":[6.75,8.0,6.375,7.25],"rotation":0,"texture":"#0","tintindex":0},"down":{"uv":[10.375,12.0,10.0,12.75],"rotation":0,"texture":"#0","tintindex":0}}},{"from":[7.108863,4.421134,1.926724],"to":[8.907111,5.3202577,3.4787827],"rotation":{"angle":-22.5,"axis":"x","origin":[8.004243,4.990294,1.3205686]},"faces":{"east":{"uv":[12.875,14.25,13.25,14.5],"rotation":0,"texture":"#0","tintindex":0},"south":{"uv":[14.25,0.75,14.75,1.0],"rotation":0,"texture":"#0","tintindex":0},"north":{"uv":[14.25,0.5,14.75,0.75],"rotation":0,"texture":"#0","tintindex":0},"west":{"uv":[14.25,12.875,14.625,13.125],"rotation":0,"texture":"#0","tintindex":0},"up":{"uv":[6.625,14.375,6.125,14.0],"rotation":0,"texture":"#0","tintindex":0},"down":{"uv":[10.875,14.0,10.375,14.375],"rotation":0,"texture":"#0","tintindex":0}}},{"from":[7.317586,4.77381,1.5379782],"to":[8.709093,5.2554827,2.651175],"rotation":{"angle":22.5,"axis":"x","origin":[8.004243,5.0331044,1.3205686]},"faces":{"east":{"uv":[13.125,14.5,13.375,14.625],"rotation":0,"texture":"#0","tintindex":0},"south":{"uv":[8.625,14.5,9.0,14.625],"rotation":0,"texture":"#0","tintindex":0},"north":{"uv":[14.5,7.25,14.875,7.375],"rotation":0,"texture":"#0","tintindex":0},"west":{"uv":[13.375,14.5,13.625,14.625],"rotation":0,"texture":"#0","tintindex":0},"up":{"uv":[13.625,14.5,13.25,14.25],"rotation":0,"texture":"#0","tintindex":0},"down":{"uv":[14.0,14.25,13.625,14.5],"rotation":0,"texture":"#0","tintindex":0}}},{"from":[7.106719,4.743718,1.3432913],"to":[8.883561,5.6428423,2.0390372],"rotation":{"angle":0.0,"axis":"y","origin":[8.004243,5.0331044,1.3205686]},"faces":{"east":{"uv":[13.625,14.5,13.75,14.75],