{"textures":{"0":"modelengine:entity/baby_tyrannosaurus"},"elements":[{"from":[6.5577335,8.929564,4.6401787],"to":[9.433352,13.504414,7.31379],"rotation":{"angle":22.5,"axis":"x","origin":[7.995543,12.761744,3.600441]},"faces":{"east":{"uv":[10.375,11.625,11.0,12.75],"rotation":0,"texture":"#0","tintindex":0},"south":{"uv":[5.0,11.125,5.75,12.25],"rotation":0,"texture":"#0","tintindex":0},"north":{"uv":[9.625,10.875,10.375,12.0],"rotation":0,"texture":"#0","tintindex":0},"west":{"uv":[0.0,11.75,0.625,12.875],"rotation":0,"texture":"#0","tintindex":0},"up":{"uv":[13.625,5.25,12.875,4.625],"rotation":0,"texture":"#0","tintindex":0},"down":{"uv":[9.125,12.875,8.375,13.5],"rotation":0,"texture":"#0","tintindex":0}}},{"from":[6.4151397,7.3681054,5.1999617],"to":[9.575946,11.714211,8.044688],"rotation":{"angle":45.0,"axis":"x","origin":[7.995543,9.255445,6.622325]},"faces":{"east":{"uv":[11.125,7.875,11.875,9.0],"rotation":0,"texture":"#0","tintindex":0},"south":{"uv":[6.75,10.25,7.625,11.375],"rotation":0,"texture":"#0","tintindex":0},"north":{"uv":[5.875,10.25,6.75,11.375],"rotation":0,"texture":"#0","tintindex":0},"west":{"uv":[11.125,9.0,11.875,10.125],"rotation":0,"texture":"#0","tintindex":0},"up":{"uv":[12.75,10.125,11.875,9.375],"rotation":0,"texture":"#0","tintindex":0},"down":{"uv":[12.875,11.25,12.0,12.0],"rotation":0,"texture":"#0","tintindex":0}}},{"from":[7.0449266,5.667409,3.7571568],"to":[8.946164,9.053987,7.939877],"rotation":{"angle":0.0,"axis":"y","origin":[7.995543,9.282233,3.4350362]},"faces":{"east":{"uv":[0.75,10.625,1.75,11.5],"rotation":0,"texture":"#0","tintindex":0},"south":{"uv":[11.375,13.25,11.875,14.125],"rotation":0,"texture":"#0","tintindex":0},"north":{"uv":[10.875,13.25,11.375,14.125],"rotation":0,"texture":"#0","tintindex":0},"west":{"uv":[1.75,10.625,2.75,11.5],"rotation":0,"texture":"#0","tintindex":0},"up":{"uv":[6.375,9.5,5.875,8.5],"rotation":0,"texture":"#0","tintindex":0},"down":{"uv":[13.25,7.875,12.75,8.875],"rotation":0,"texture":"#0","tintindex":0}}},{"from":[6.9439225,6.046433,5.370574],"to":[9.082815,6.9376364,8.40067],"rotation":{"angle":45.0,"axis":"x","origin":[5.6962385,8.939878,6.8024397]},"faces":{"east":{"uv":[0.0,14.125,0.75,14.375],"rotation":0,"texture":"#0","tintindex":0},"south":{"uv":[2.875,14.25,3.375,14.5],"rotation":0,"texture":"#0","tintindex":0},"north":{"uv":[14.25,1.875,14.75,2.125],"rotation":0,"texture":"#0","tintindex":0},"west":{"uv":[14.125,1.0,14.875,1.25],"rotation":0,"texture":"#0","tintindex":0},"up":{"uv":[13.875,3.0,13.375,2.25],"rotation":0,"texture":"#0","tintindex":0},"down":{"uv":[13.875,3.0,13.375,3.75],"rotation":0,"texture":"#0","tintindex":0}}}],"display":{"head":{"translation":[0.0,-6.4,0.0],"scale":[4.0,4.0,4.0]}}}