{"textures":{"0":"modelengine:entity/baby_tyrannosaurus"},"elements":[{"from":[5.977213,9.34855,6.194262],"to":[10.017339,14.279879,10.78573],"rotation":{"angle":45.0,"axis":"x","origin":[5.6801453,11.576559,5.3921747]},"faces":{"east":{"uv":[2.625,8.125,3.75,9.375],"rotation":0,"texture":"#0","tintindex":0},"south":{"uv":[4.875,8.5,5.875,9.75],"rotation":0,"texture":"#0","tintindex":0},"north":{"uv":[6.375,8.25,7.375,9.5],"rotation":0,"texture":"#0","tintindex":0},"west":{"uv":[8.125,5.0,9.25,6.25],"rotation":0,"texture":"#0","tintindex":0},"up":{"uv":[10.25,8.125,9.25,7.0],"rotation":0,"texture":"#0","tintindex":0},"down":{"uv":[1.0,9.375,0.0,10.5],"rotation":0,"texture":"#0","tintindex":0}}},{"from":[6.4525237,8.821223,5.92906],"to":[9.542032,9.712432,11.301214],"rotation":{"angle":45.0,"axis":"x","origin":[5.6801453,11.576559,5.3921747]},"faces":{"east":{"uv":[5.0,2.75,6.375,3.0],"rotation":0,"texture":"#0","tintindex":0},"south":{"uv":[13.875,6.625,14.625,6.875],"rotation":0,"texture":"#0","tintindex":0},"north":{"uv":[13.875,6.375,14.625,6.625],"rotation":0,"texture":"#0","tintindex":0},"west":{"uv":[13.125,4.375,14.5,4.625],"rotation":0,"texture":"#0","tintindex":0},"up":{"uv":[4.375,10.75,3.625,9.375],"rotation":0,"texture":"#0","tintindex":0},"down":{"uv":[10.375,2.75,9.625,4.125],"rotation":0,"texture":"#0","tintindex":0}}}],"display":{"head":{"translation":[0.0,-6.4,0.0],"scale":[4.0,4.0,4.0]}}}