{"textures":{"0":"modelengine:entity/baby_tyrannosaurus"},"elements":[{"from":[6.5776687,2.6314912,4.652068],"to":[9.413321,11.543537,10.019548],"rotation":{"angle":22.5,"axis":"x","origin":[7.5904055,5.1633196,5.359097]},"faces":{"east":{"uv":[5.375,4.75,4.25,6.75],"rotation":0,"texture":"#0","tintindex":0},"south":{"uv":[8.625,8.5,8.0,10.5],"rotation":0,"texture":"#0","tintindex":0},"north":{"uv":[8.0,8.25,7.375,10.25],"rotation":0,"texture":"#0","tintindex":0},"west":{"uv":[4.25,4.75,3.125,6.75],"rotation":0,"texture":"#0","tintindex":0},"up":{"uv":[8.625,12.875,9.25,11.75],"rotation":0,"texture":"#0","tintindex":0},"down":{"uv":[11.75,10.125,12.375,11.25],"rotation":0,"texture":"#0","tintindex":0}}},{"from":[6.6114283,4.7382574,9.93968],"to":[9.393068,9.093012,12.471509],"rotation":{"angle":0.0,"axis":"y","origin":[7.5904055,6.76372,11.205588]},"faces":{"east":{"uv":[10.5,12.75,10.0,13.75],"rotation":0,"texture":"#0","tintindex":0},"south":{"uv":[7.625,12.25,7.0,13.25],"rotation":0,"texture":"#0","tintindex":0},"north":{"uv":[12.875,4.625,12.25,5.625],"rotation":0,"texture":"#0","tintindex":0},"west":{"uv":[13.25,8.875,12.75,9.875],"rotation":0,"texture":"#0","tintindex":0},"up":{"uv":[13.625,2.125,14.25,1.625],"rotation":0,"texture":"#0","tintindex":0},"down":{"uv":[1.75,13.625,2.375,14.125],"rotation":0,"texture":"#0","tintindex":0}}},{"from":[6.5979257,3.9786625,9.018274],"to":[9.406571,6.510497,13.373029],"rotation":{"angle":-45.0,"axis":"x","origin":[7.5904055,3.2191138,12.056475]},"faces":{"east":{"uv":[13.625,12.75,12.625,13.25],"rotation":0,"texture":"#0","tintindex":0},"south":{"uv":[4.75,13.625,4.125,14.125],"rotation":0,"texture":"#0","tintindex":0},"north":{"uv":[3.0,13.625,2.375,14.125],"rotation":0,"texture":"#0","tintindex":0},"west":{"uv":[12.625,12.75,11.625,13.25],"rotation":0,"texture":"#0","tintindex":0},"up":{"uv":[11.0,13.25,11.625,12.25],"rotation":0,"texture":"#0","tintindex":0},"down":{"uv":[12.375,0.0,13.0,1.0],"rotation":0,"texture":"#0","tintindex":0}}}],"display":{"head":{"translation":[0.0,-6.4,0.0],"scale":[4.0,4.0,4.0]}}}