{"textures":{"0":"modelengine:entity/baby_tyrannosaurus"},"elements":[{"from":[6.53048,6.8618,6.6983314],"to":[9.366132,8.311777,8.993857],"rotation":{"angle":0.0,"axis":"y","origin":[8.083337,7.2845087,5.9219027]},"faces":{"east":{"uv":[2.25,14.125,1.75,14.5],"rotation":0,"texture":"#0","tintindex":0},"south":{"uv":[14.5,2.125,13.875,2.5],"rotation":0,"texture":"#0","tintindex":0},"north":{"uv":[14.375,13.625,13.75,14.0],"rotation":0,"texture":"#0","tintindex":0},"west":{"uv":[14.625,1.25,14.125,1.625],"rotation":0,"texture":"#0","tintindex":0},"up":{"uv":[13.625,5.125,14.25,4.625],"rotation":0,"texture":"#0","tintindex":0},"down":{"uv":[6.625,13.625,7.25,14.125],"rotation":0,"texture":"#0","tintindex":0}}},{"from":[7.4824514,6.8933716,5.1117144],"to":[8.495183,7.973623,7.677303],"rotation":{"angle":0.0,"axis":"y","origin":[8.083337,7.2845087,5.9219027]},"faces":{"east":{"uv":[14.75,4.875,14.25,5.125],"rotation":0,"texture":"#0","tintindex":0},"south":{"uv":[11.125,14.375,10.875,14.625],"rotation":0,"texture":"#0","tintindex":0},"north":{"uv":[14.625,10.5,14.375,10.75],"rotation":0,"texture":"#0","tintindex":0},"west":{"uv":[14.75,4.625,14.25,4.875],"rotation":0,"texture":"#0","tintindex":0},"up":{"uv":[7.875,14.625,8.125,14.125],"rotation":0,"texture":"#0","tintindex":0},"down":{"uv":[11.5,14.125,11.75,14.625],"rotation":0,"texture":"#0","tintindex":0}}},{"from":[7.536463,6.8933716,4.157731],"to":[8.468177,7.9061027,5.1704626],"rotation":{"angle":0.0,"axis":"y","origin":[8.083337,7.3230515,6.1156797]},"faces":{"east":{"uv":[12.75,14.375,12.5,14.625],"rotation":0,"texture":"#0","tintindex":0},"south":{"uv":[12.5,14.375,12.25,14.625],"rotation":0,"texture":"#0","tintindex":0},"north":{"uv":[11.375,14.375,11.125,14.625],"rotation":0,"texture":"#0","tintindex":0},"west":{"uv":[12.25,14.375,12.0,14.625],"rotation":0,"texture":"#0","tintindex":0},"up":{"uv":[14.375,13.5,14.625,13.25],"rotation":0,"texture":"#0","tintindex":0},"down":{"uv":[14.375,13.5,14.625,13.75],"rotation":0,"texture":"#0","tintindex":0}}},{"from":[8.015822,6.8933716,3.1449995],"to":[8.015822,7.9061027,4.157731],"rotation":{"angle":0.0,"axis":"y","origin":[8.083337,7.3230515,6.1156797]},"faces":{"east":{"uv":[1.375,14.5,1.125,14.75],"rotation":0,"texture":"#0","tintindex":0},"south":{"uv":[0.0,0.0,0.0,0.25],"rotation":0,"texture":"#0","tintindex":0},"north":{"uv":[0.0,0.0,0.0,0.25],"rotation":0,"texture":"#0","tintindex":0},"west":{"uv":[14.625,13.75,14.375,14.0],"rotation":0,"texture":"#0","tintindex":0},"up":{"uv":[0.0,0.25,0.0,0.0],"rotation":0,"texture":"#0","tintindex":0},"down":{"uv":[0.0,0.0,0.0,0.25],"rotation":0,"texture":"#0","tintindex":0}}},{"from":[8.83276,6.8933716,5.381777],"to":[9.845497,7.973623,7.9473658],"rotation":{"angle":-22.5,"axis":"y","origin":[8.083337,7.2845087,5.9219027]},"faces":{"east":{"uv":[14.75,5.875,14.25,6.125],"rotation":0,"texture":"#0","tintindex":0},"south":{"uv":[2.0,14.5,1.75,14.75],"rotation":0,"texture":"#0","tintindex":0},"north":{"uv":[1.625,14.5,1.375,14.75],"rotation":0,"texture":"#0","tintindex":0},"west":{"uv":[14.75,5.625,14.25,5.875],"rotation":0,"texture":"#0","tintindex":0},"up":{"uv":[4.75,14.75,5.0,14.25],"rotation":0,"texture":"#0","tintindex":0},"down":{"uv":[14.25,6.875,14.5,7.375],"rotation":0,"texture":"#0","tintindex":0}}},{"from":[8.805755,6.8933716,4.436537],"to":[9.737469,7.9061027,5.449274],"rotation":{"angle":-22.5,"axis":"y","origin":[8.083337,7.3230515,6.1156797]},"faces":{"east":{"uv":[14.75,2.625,14.5,2.875],"rotation":0,"texture":"#0","tintindex":0},"south":{"uv":[14.75,2.375,14.5,2.625],"rotation":0,"texture":"#0","tintindex":0},"north":{"uv":[2.25,14.5,2.0,14.75],"rotation":0,"texture":"#0","tintindex":0},"west":{"uv":[14.75,2.125,14.5,2.375],"rotation":0,"texture":"#0","tintindex":0},"up":{"uv":[2.875,14.75,3.125,14.5],"rotation":0,"texture":"#0","tintindex":0},"down":{"uv":[14.5,2.875,14.75,3.125],"rotation":0,"texture":"#0","tintindex":0}}},{"from":[9.285114,6.8933716,3.5500913],"to":[9.285114,7.9061027,4.562823],"rotation":{"angle":-22.5,"axis":"y","origin":[8.083337,7.3230515,6.1156797]},"faces":{"east":{"uv":[14.75,3.125,14.5,3.375],"rotation":0,"texture":"#0","tintindex":0},"south":{"uv":[0.0,0.0,0.0,0.25],"rotation":0,"texture":"#0","tintindex":0},"north":{"uv":[0.0,0.0,0.0,0.25],"rotation":0,"texture":"#0","tintindex":0},"west":{"uv":[3.375,14.5,3.125,14.75],"rotation":0,"texture":"#0","tintindex":0},"up":{"uv":[0.0,0.25,0.0,0.0],"rotation":0,"texture":"#0","tintindex":0},"down":{"uv":[0.0,0.0,0.0,0.25],"rotation":0,"texture":"#0","tintindex":0}}},{"from":[5.578514,6.8933716,8.352463],"to":[6.5912457,7.973623,10.918052],"rotation":{"angle":22.5,"axis":"y","origin":[0.3190565,7.2845087,5.9219027]},"faces":{"east":{"uv":[9.625,14.25,9.125,14.5],"rotation":0,"texture":"#0","tintindex":0},"south":{"uv":[14.75,3.375,14.5,3.625],"rotation":0,"texture":"#0","tintindex":0},"north":{"uv":[3.625,14.5,3.375,14.75],"rotation":0,"texture":"#0","tintindex":0},"west":{"uv":[9.125,14.25,8.625,14.5],"rotation":0,"texture":"#0","tintindex":0},"up":{"uv":[10.0,14.75,10.25,14.25],"rotation":0,"texture":"#0","tintindex":0},"down":{"uv":[11.75,14.25,12.0,14.75],"rotation":0,"texture":"#0","tintindex":0}}},{"from":[5.6865425,6.8933716,7.42548],"to":[6.6182513,7.9061027,8.438217],"rotation":{"angle":22.5,"axis":"y","origin":[0.3190565,7.3230515,6.1156797]},"faces":{"east":{"uv":[14.75,4.375,14.5,4.625],"rotation":0,"texture":"#0","tintindex":0},"south":{"uv":[4.125,14.5,3.875,14.75],"rotation":0,"texture":"#0","tintindex":0},"north":{"uv":[3.875,14.5,3.625,14.75],"rotation":0,"texture":"#0","tintindex":0},"west":{"uv":[14.75,3.625,14.5,3.875],"rotation":0,"texture":"#0","tintindex":0},"up":{"uv":[5.0,14.75,5.25,14.5],"rotation":0,"texture":"#0","tintindex":0},"down":{"uv":[5.25,14.5,5.5,14.75],"rotation":0,"texture":"#0","tintindex":0}}},{"from":[6.138891,6.8933716,6.4127483],"to":[6.138891,7.9061027,7.42548],"rotation":{"angle":22.5,"axis":"y","origin":[0.3190565,7.3230515,6.1156797]},"faces":{"east":{"uv":[6.0,14.5,5.75,14.75],"rotation":0,"texture":"#0","tintindex":0},"south":{"uv":[0.0,0.0,0.0,0.25],"rotation":0,"texture":"#0","tintindex":0},"north":{"uv":[0.0,0.0,0.0,0.25],"rotation":0,"texture":"#0","tintindex":0},"west":{"uv":[5.75,14.5,5.5,14.75],"rotation":0,"texture":"#0","tintindex":0},"up":{"uv":[0.0,0.25,0.0,0.0],"rotation":0,"texture":"#0","tintindex":0},"down":{"uv":[0.0,0.0,0.0,0.25],"rotation":0,"texture":"#0","tintindex":0}}}],"display":{"head":{"translation":[0.0,-6.4,0.0],"scale":[4.0,4.0,4.0]}}}