{"textures":{"0":"modelengine:entity/baby_tyrannosaurus"},"elements":[{"from":[7.5181084,6.7717485,8.935018],"to":[8.46332,8.527154,10.082783],"rotation":{"angle":-45.0,"axis":"x","origin":[7.4505887,5.8940516,8.293617]},"faces":{"east":{"uv":[0.25,14.375,0.0,14.75],"rotation":0,"texture":"#0","tintindex":0},"south":{"uv":[14.5,14.25,14.25,14.625],"rotation":0,"texture":"#0","tintindex":0},"north":{"uv":[4.375,13.25,4.125,13.625],"rotation":0,"texture":"#0","tintindex":0},"west":{"uv":[14.25,14.25,14.0,14.625],"rotation":0,"texture":"#0","tintindex":0},"up":{"uv":[6.0,14.75,6.25,14.5],"rotation":0,"texture":"#0","tintindex":0},"down":{"uv":[6.25,14.5,6.5,14.75],"rotation":0,"texture":"#0","tintindex":0}}},{"from":[7.5923715,5.42144,6.77452],"to":[8.40256,7.1768456,7.6522226],"rotation":{"angle":45.0,"axis":"x","origin":[7.4505887,5.8940516,8.293617]},"faces":{"east":{"uv":[0.75,14.375,0.5,14.75],"rotation":0,"texture":"#0","tintindex":0},"south":{"uv":[7.75,14.5,7.625,14.875],"rotation":0,"texture":"#0","tintindex":0},"north":{"uv":[12.875,14.375,12.75,14.75],"rotation":0,"texture":"#0","tintindex":0},"west":{"uv":[0.5,14.375,0.25,14.75],"rotation":0,"texture":"#0","tintindex":0},"up":{"uv":[13.875,14.75,14.0,14.5],"rotation":0,"texture":"#0","tintindex":0},"down":{"uv":[14.5,14.25,14.625,14.5],"rotation":0,"texture":"#0","tintindex":0}}},{"from":[7.5181084,6.2316284,7.5847087],"to":[7.9232,7.1768456,8.1923485],"rotation":{"angle":-45.0,"axis":"x","origin":[7.180526,5.8940516,8.293617]},"faces":{"east":{"uv":[1.125,14.625,1.0,14.875],"rotation":0,"texture":"#0","tintindex":0},"south":{"uv":[1.0,14.625,0.875,14.875],"rotation":0,"texture":"#0","tintindex":0},"north":{"uv":[14.625,14.5,14.5,14.75],"rotation":0,"texture":"#0","tintindex":0},"west":{"uv":[0.875,14.625,0.75,14.875],"rotation":0,"texture":"#0","tintindex":0},"up":{"uv":[14.625,6.5,14.75,6.375],"rotation":0,"texture":"#0","tintindex":0},"down":{"uv":[6.5,14.625,6.625,14.75],"rotation":0,"texture":"#0","tintindex":0}}},{"from":[7.5181084,5.455194,7.7788],"to":[7.9232,5.8602915,8.48096],"rotation":{"angle":22.5,"axis":"x","origin":[7.180526,5.8940516,8.293617]},"faces":{"east":{"uv":[6.875,14.625,6.75,14.75],"rotation":0,"texture":"#0","tintindex":0},"south":{"uv":[14.75,6.625,14.625,6.75],"rotation":0,"texture":"#0","tintindex":0},"north":{"uv":[14.75,6.5,14.625,6.625],"rotation":0,"texture":"#0","tintindex":0},"west":{"uv":[6.75,14.625,6.625,14.75],"rotation":0,"texture":"#0","tintindex":0},"up":{"uv":[14.625,6.875,14.75,6.75],"rotation":0,"texture":"#0","tintindex":0},"down":{"uv":[6.875,14.625,7.0,14.75],"rotation":0,"texture":"#0","tintindex":0}}},{"from":[7.754411,5.4169083,8.29876],"to":[7.754411,6.092063,9.00092],"rotation":{"angle":0.0,"axis":"y","origin":[7.180526,5.6194572,8.64984]},"faces":{"east":{"uv":[7.25,14.625,7.125,14.75],"rotation":0,"texture":"#0","tintindex":0},"south":{"uv":[0.0,0.0,0.0,0.125],"rotation":0,"texture":"#0","tintindex":0},"north":{"uv":[0.0,0.0,0.0,0.125],"rotation":0,"texture":"#0","tintindex":0},"west":{"uv":[7.125,14.625,7.0,14.75],"rotation":0,"texture":"#0","tintindex":0},"up":{"uv":[0.0,0.125,0.0,0.0],"rotation":0,"texture":"#0","tintindex":0},"down":{"uv":[0.0,0.0,0.0,0.125],"rotation":0,"texture":"#0","tintindex":0}}},{"from":[8.0582285,5.455194,7.7788],"to":[8.46332,5.8602915,8.48096],"rotation":{"angle":22.5,"axis":"x","origin":[7.7206516,5.8940516,8.293617]},"faces":{"east":{"uv":[7.625,14.625,7.5,14.75],"rotation":0,"texture":"#0","tintindex":0},"south":{"uv":[14.75,7.375,14.625,7.5],"rotation":0,"texture":"#0","tintindex":0},"north":{"uv":[7.375,14.625,7.25,14.75],"rotation":0,"texture":"#0","tintindex":0},"west":{"uv":[7.5,14.625,7.375,14.75],"rotation":0,"texture":"#0","tintindex":0},"up":{"uv":[14.625,7.625,14.75,7.5],"rotation":0,"texture":"#0","tintindex":0},"down":{"uv":[14.625,7.625,14.75,7.75],"rotation":0,"texture":"#0","tintindex":0}}},{"from":[8.0582285,6.2316284,7.5847087],"to":[8.46332,7.1768456,8.1923485],"rotation":{"angle":-45.0,"axis":"x","origin":[7.7206516,5.8940516,8.293617]},"faces":{"east":{"uv":[2.625,14.625,2.5,14.875],"rotation":0,"texture":"#0","tintindex":0},"south":{"uv":[2.5,14.625,2.375,14.875],"rotation":0,"texture":"#0","tintindex":0},"north":{"uv":[14.75,1.25,14.625,1.5],"rotation":0,"texture":"#0","tintindex":0},"west":{"uv":[2.375,14.625,2.25,14.875],"rotation":0,"texture":"#0","tintindex":0},"up":{"uv":[14.625,7.875,14.75,7.75],"rotation":0,"texture":"#0","tintindex":0},"down":{"uv":[7.875,14.625,8.0,14.75],"rotation":0,"texture":"#0","tintindex":0}}},{"from":[8.294538,5.4169083,8.29876],"to":[8.294538,6.092063,9.00092],"rotation":{"angle":0.0,"axis":"y","origin":[7.7206516,5.6194572,8.64984]},"faces":{"east":{"uv":[8.75,14.625,8.625,14.75],"rotation":0,"texture":"#0","tintindex":0},"south":{"uv":[0.0,0.0,0.0,0.125],"rotation":0,"texture":"#0","tintindex":0},"north":{"uv":[0.0,0.0,0.0,0.125],"rotation":0,"texture":"#0","tintindex":0},"west":{"uv":[8.125,14.625,8.0,14.75],"rotation":0,"texture":"#0","tintindex":0},"up":{"uv":[0.0,0.125,0.0,0.0],"rotation":0,"texture":"#0","tintindex":0},"down":{"uv":[0.0,0.0,0.0,0.125],"rotation":0,"texture":"#0","tintindex":0}}}],"display":{"head":{"translation":[0.0,-6.4,0.0],"scale":[4.0,4.0,4.0]}}}