{"textures":{"0":"modelengine:entity/baby_tyrannosaurus"},"elements":[{"from":[6.3458686,7.44772,7.833977],"to":[9.654126,9.945794,13.539041],"rotation":{"angle":0.0,"axis":"y","origin":[5.333137,8.8858,-4.3019314]},"faces":{"east":{"uv":[12.25,5.625,13.5,6.125],"rotation":0,"texture":"#0","tintindex":0},"south":{"uv":[5.875,13.5,6.625,14.0],"rotation":0,"texture":"#0","tintindex":0},"north":{"uv":[13.5,5.625,14.25,6.125],"rotation":0,"texture":"#0","tintindex":0},"west":{"uv":[1.125,12.375,2.375,12.875],"rotation":0,"texture":"#0","tintindex":0},"up":{"uv":[11.125,11.625,10.375,10.375],"rotation":0,"texture":"#0","tintindex":0},"down":{"uv":[0.75,10.5,0.0,11.75],"rotation":0,"texture":"#0","tintindex":0}}},{"from":[7.1560574,6.6105313,7.56392],"to":[8.843943,7.7582912,13.268977],"rotation":{"angle":0.0,"axis":"y","origin":[5.333137,8.8858,-4.3019314]},"faces":{"east":{"uv":[13.125,10.625,14.375,10.875],"rotation":0,"texture":"#0","tintindex":0},"south":{"uv":[4.125,14.375,4.5,14.625],"rotation":0,"texture":"#0","tintindex":0},"north":{"uv":[2.25,14.375,2.625,14.625],"rotation":0,"texture":"#0","tintindex":0},"west":{"uv":[13.375,7.625,14.625,7.875],"rotation":0,"texture":"#0","tintindex":0},"up":{"uv":[4.125,14.5,3.75,13.25],"rotation":0,"texture":"#0","tintindex":0},"down":{"uv":[13.625,7.875,13.25,9.125],"rotation":0,"texture":"#0","tintindex":0}}},{"from":[6.885994,7.60976,12.96516],"to":[9.114006,9.837771,21.910967],"rotation":{"angle":0.0,"axis":"y","origin":[7.9999943,8.237652,13.657194]},"faces":{"east":{"uv":[9.625,4.125,11.625,4.625],"rotation":0,"texture":"#0","tintindex":0},"south":{"uv":[13.625,12.375,14.125,12.875],"rotation":0,"texture":"#0","tintindex":0},"north":{"uv":[13.625,11.875,14.125,12.375],"rotation":0,"texture":"#0","tintindex":0},"west":{"uv":[1.0,10.125,3.0,10.625],"rotation":0,"texture":"#0","tintindex":0},"up":{"uv":[9.125,11.75,8.625,9.75],"rotation":0,"texture":"#0","tintindex":0},"down":{"uv":[9.625,9.75,9.125,11.75],"rotation":0,"texture":"#0","tintindex":0}}}],"display":{"head":{"translation":[0.0,-6.4,0.0],"scale":[4.0,4.0,4.0]}}}