{"textures":{"0":"modelengine:entity/baby_tyrannosaurus"},"elements":[{"from":[6.6159315,5.9489427,6.401954],"to":[9.3840685,7.636834,12.107012],"rotation":{"angle":0.0,"axis":"y","origin":[5.333137,9.066743,-1.8506689]},"faces":{"east":{"uv":[12.875,5.25,14.125,5.625],"rotation":0,"texture":"#0","tintindex":0},"south":{"uv":[13.875,2.875,14.5,3.25],"rotation":0,"texture":"#0","tintindex":0},"north":{"uv":[13.875,2.5,14.5,2.875],"rotation":0,"texture":"#0","tintindex":0},"west":{"uv":[13.125,9.875,14.375,10.25],"rotation":0,"texture":"#0","tintindex":0},"up":{"uv":[11.75,11.375,11.125,10.125],"rotation":0,"texture":"#0","tintindex":0},"down":{"uv":[6.375,11.375,5.75,12.625],"rotation":0,"texture":"#0","tintindex":0}}},{"from":[5.8057427,7.1965656,6.4966683],"to":[10.194252,10.774886,12.201726],"rotation":{"angle":0.0,"axis":"y","origin":[5.333137,9.066743,-1.8506689]},"faces":{"east":{"uv":[10.375,2.625,11.625,3.375],"rotation":0,"texture":"#0","tintindex":0},"south":{"uv":[11.625,3.125,12.625,3.875],"rotation":0,"texture":"#0","tintindex":0},"north":{"uv":[11.625,2.375,12.625,3.125],"rotation":0,"texture":"#0","tintindex":0},"west":{"uv":[10.375,3.375,11.625,4.125],"rotation":0,"texture":"#0","tintindex":0},"up":{"uv":[9.625,4.0,8.625,2.75],"rotation":0,"texture":"#0","tintindex":0},"down":{"uv":[9.625,8.5,8.625,9.75],"rotation":0,"texture":"#0","tintindex":0}}},{"from":[6.2108397,7.2235713,10.950766],"to":[9.78916,10.531829,16.655823],"rotation":{"angle":0.0,"axis":"y","origin":[5.333137,9.066743,4.486154]},"faces":{"east":{"uv":[10.375,4.625,11.625,5.375],"rotation":0,"texture":"#0","tintindex":0},"south":{"uv":[12.625,3.0,13.375,3.75],"rotation":0,"texture":"#0","tintindex":0},"north":{"uv":[12.625,2.25,13.375,3.0],"rotation":0,"texture":"#0","tintindex":0},"west":{"uv":[10.375,5.375,11.625,6.125],"rotation":0,"texture":"#0","tintindex":0},"up":{"uv":[11.125,9.125,10.375,7.875],"rotation":0,"texture":"#0","tintindex":0},"down":{"uv":[11.125,9.125,10.375,10.375],"rotation":0,"texture":"#0","tintindex":0}}},{"from":[6.75096,6.575423,10.950766],"to":[9.249035,7.1830626,16.655823],"rotation":{"angle":0.0,"axis":"y","origin":[5.333137,9.066743,4.486154]},"faces":{"east":{"uv":[13.875,4.25,15.125,4.375],"rotation":0,"texture":"#0","tintindex":0},"south":{"uv":[14.5,3.875,15.0,4.0],"rotation":0,"texture":"#0","tintindex":0},"north":{"uv":[14.375,10.75,14.875,10.875],"rotation":0,"texture":"#0","tintindex":0},"west":{"uv":[14.125,11.875,15.375,12.0],"rotation":0,"texture":"#0","tintindex":0},"up":{"uv":[2.875,13.625,2.375,12.375],"rotation":0,"texture":"#0","tintindex":0},"down":{"uv":[3.375,12.375,2.875,13.625],"rotation":0,"texture":"#0","tintindex":0}}}],"display":{"head":{"translation":[0.0,-6.4,0.0],"scale":[4.0,4.0,4.0]}}}