{"textures":{"0":"modelengine:entity/baby_tyrannosaurus"},"elements":[{"from":[4.8605256,5.635114,7.0102916],"to":[11.139469,11.1038685,12.715355],"rotation":{"angle":0.0,"axis":"y","origin":[5.333137,8.369492,7.258846]},"faces":{"east":{"uv":[5.125,7.25,6.375,8.5],"rotation":0,"texture":"#0","tintindex":0},"south":{"uv":[6.75,4.5,8.125,5.75],"rotation":0,"texture":"#0","tintindex":0},"north":{"uv":[3.75,6.75,5.125,8.0],"rotation":0,"texture":"#0","tintindex":0},"west":{"uv":[7.375,2.75,8.625,4.0],"rotation":0,"texture":"#0","tintindex":0},"up":{"uv":[8.125,7.0,6.75,5.75],"rotation":0,"texture":"#0","tintindex":0},"down":{"uv":[8.125,7.0,6.75,8.25],"rotation":0,"texture":"#0","tintindex":0}}},{"from":[6.2108397,4.09576,6.44316],"to":[9.78916,6.5938344,12.688349],"rotation":{"angle":0.0,"axis":"y","origin":[7.9999943,4.99372,10.769651]},"faces":{"east":{"uv":[11.375,7.375,12.75,7.875],"rotation":0,"texture":"#0","tintindex":0},"south":{"uv":[5.125,13.5,5.875,14.0],"rotation":0,"texture":"#0","tintindex":0},"north":{"uv":[7.375,4.0,8.125,4.5],"rotation":0,"texture":"#0","tintindex":0},"west":{"uv":[11.625,1.0,13.0,1.5],"rotation":0,"texture":"#0","tintindex":0},"up":{"uv":[5.125,11.125,4.375,9.75],"rotation":0,"texture":"#0","tintindex":0},"down":{"uv":[5.875,9.75,5.125,11.125],"rotation":0,"texture":"#0","tintindex":0}}},{"from":[6.480897,4.932954,11.513452],"to":[9.519097,6.8909025,17.218515],"rotation":{"angle":0.0,"axis":"y","origin":[5.333137,8.369492,7.258846]},"faces":{"east":{"uv":[13.125,10.25,14.375,10.625],"rotation":0,"texture":"#0","tintindex":0},"south":{"uv":[13.875,3.625,14.5,4.0],"rotation":0,"texture":"#0","tintindex":0},"north":{"uv":[13.875,3.25,14.5,3.625],"rotation":0,"texture":"#0","tintindex":0},"west":{"uv":[7.0,13.25,8.25,13.625],"rotation":0,"texture":"#0","tintindex":0},"up":{"uv":[12.0,7.375,11.375,6.125],"rotation":0,"texture":"#0","tintindex":0},"down":{"uv":[7.0,11.375,6.375,12.625],"rotation":0,"texture":"#0","tintindex":0}}},{"from":[5.400651,6.391286,10.973326],"to":[10.599343,10.509731,17.218515],"rotation":{"angle":0.0,"axis":"y","origin":[5.333137,8.369492,7.258846]},"faces":{"east":{"uv":[9.0,0.0,10.375,0.875],"rotation":0,"texture":"#0","tintindex":0},"south":{"uv":[10.25,7.0,11.375,7.875],"rotation":0,"texture":"#0","tintindex":0},"north":{"uv":[10.125,1.75,11.25,2.625],"rotation":0,"texture":"#0","tintindex":0},"west":{"uv":[9.0,0.875,10.375,1.75],"rotation":0,"texture":"#0","tintindex":0},"up":{"uv":[1.125,9.375,0.0,8.0],"rotation":0,"texture":"#0","tintindex":0},"down":{"uv":[4.875,8.0,3.75,9.375],"rotation":0,"texture":"#0","tintindex":0}}}],"display":{"head":{"translation":[0.0,-6.4,0.0],"scale":[4.0,4.0,4.0]}}}