{"textures":{"0":"modelengine:entity/pet_haste"},"elements":[{"from":[7.413749,8.506852,4.257883],"to":[7.985178,8.506852,4.8293114],"rotation":{"angle":-45.0,"axis":"y","origin":[7.5549984,8.374818,4.609396]},"faces":{"east":{"uv":[4.5,5.0,4.625,5.0],"rotation":0,"texture":"#0","tintindex":0},"south":{"uv":[4.75,5.0,4.875,5.0],"rotation":0,"texture":"#0","tintindex":0},"north":{"uv":[3.75,4.875,3.875,4.875],"rotation":0,"texture":"#0","tintindex":0},"west":{"uv":[5.75,1.375,5.875,1.375],"rotation":0,"texture":"#0","tintindex":0},"up":{"uv":[4.875,8.125,4.75,8.0],"rotation":0,"texture":"#0","tintindex":0},"down":{"uv":[5.125,8.0,5.0,8.125],"rotation":0,"texture":"#0","tintindex":0}}},{"from":[7.2994633,7.935424,4.315026],"to":[7.870892,7.935424,4.8864546],"rotation":{"angle":-45.0,"axis":"y","origin":[7.5549984,8.374818,4.609396]},"faces":{"east":{"uv":[6.0,1.375,6.125,1.375],"rotation":0,"texture":"#0","tintindex":0},"south":{"uv":[6.0,3.375,6.125,3.375],"rotation":0,"texture":"#0","tintindex":0},"north":{"uv":[5.75,3.375,5.875,3.375],"rotation":0,"texture":"#0","tintindex":0},"west":{"uv":[1.875,6.125,2.0,6.125],"rotation":0,"texture":"#0","tintindex":0},"up":{"uv":[8.125,5.125,8.0,5.0],"rotation":0,"texture":"#0","tintindex":0},"down":{"uv":[5.375,8.0,5.25,8.125],"rotation":0,"texture":"#0","tintindex":0}}},{"from":[7.413749,7.3639956,4.257883],"to":[7.985178,7.3639956,4.8293114],"rotation":{"angle":-45.0,"axis":"y","origin":[7.5549984,8.374818,4.609396]},"faces":{"east":{"uv":[5.875,6.875,6.0,6.875],"rotation":0,"texture":"#0","tintindex":0},"south":{"uv":[7.0,6.125,7.125,6.125],"rotation":0,"texture":"#0","tintindex":0},"north":{"uv":[0.375,6.75,0.5,6.75],"rotation":0,"texture":"#0","tintindex":0},"west":{"uv":[7.375,2.125,7.5,2.125],"rotation":0,"texture":"#0","tintindex":0},"up":{"uv":[8.125,5.375,8.0,5.25],"rotation":0,"texture":"#0","tintindex":0},"down":{"uv":[8.125,5.5,8.0,5.625],"rotation":0,"texture":"#0","tintindex":0}}},{"from":[7.4,7.4,5.6571426],"to":[8.657143,8.657143,8.6285715],"rotation":{"angle":0.0,"axis":"y","origin":[8.028571,8.028571,8.057143]},"faces":{"east":{"uv":[6.25,2.25,6.875,2.5],"rotation":0,"texture":"#0","tintindex":0},"south":{"uv":[0.375,7.75,0.625,8.0],"rotation":0,"texture":"#0","tintindex":0},"north":{"uv":[0.0,7.75,0.25,8.0],"rotation":0,"texture":"#0","tintindex":0},"west":{"uv":[2.875,6.375,3.5,6.625],"rotation":0,"texture":"#0","tintindex":0},"up":{"uv":[6.625,4.75,6.375,4.125],"rotation":0,"texture":"#0","tintindex":0},"down":{"uv":[6.75,2.625,6.5,3.25],"rotation":0,"texture":"#0","tintindex":0}}},{"from":[7.1142855,7.1142855,4.5714283],"to":[8.828571,8.828571,6.285714],"rotation":{"angle":0.0,"axis":"y","origin":[9.171429,12.371429,6.0571427]},"faces":{"east":{"uv":[6.875,1.75,7.25,2.125],"rotation":0,"texture":"#0","tintindex":0},"south":{"uv":[6.875,2.625,7.25,3.0],"rotation":0,"texture":"#0","tintindex":0},"north":{"uv":[6.875,1.25,7.25,1.625],"rotation":0,"texture":"#0","tintindex":0},"west":{"uv":[6.875,6.25,7.25,6.625],"rotation":0,"texture":"#0","tintindex":0},"up":{"uv":[7.25,7.125,6.875,6.75],"rotation":0,"texture":"#0","tintindex":0},"down":{"uv":[7.375,5.125,7.0,5.5],"rotation":0,"texture":"#0","tintindex":0}}}],"display":{"head":{"translation":[0.0,-6.4,0.0],"scale":[4.0,4.0,4.0]}}}