{"textures":{"0":"modelengine:entity/pet_haste"},"elements":[{"from":[7.344857,10.004711,8.603766],"to":[7.344857,10.576139,9.175195],"rotation":{"angle":45.0,"axis":"x","origin":[7.4842515,11.988817,3.9808245]},"faces":{"east":{"uv":[5.875,5.5,6.0,5.625],"rotation":0,"texture":"#0","tintindex":0},"south":{"uv":[4.75,1.5,4.75,1.625],"rotation":0,"texture":"#0","tintindex":0},"north":{"uv":[3.875,3.5,3.875,3.625],"rotation":0,"texture":"#0","tintindex":0},"west":{"uv":[6.25,2.625,6.375,2.75],"rotation":0,"texture":"#0","tintindex":0},"up":{"uv":[4.75,1.875,4.75,1.75],"rotation":0,"texture":"#0","tintindex":0},"down":{"uv":[2.875,5.5,2.875,5.625],"rotation":0,"texture":"#0","tintindex":0}}},{"from":[7.9734287,9.947569,8.546623],"to":[7.9734287,10.518997,9.118052],"rotation":{"angle":45.0,"axis":"x","origin":[7.4842515,11.988817,3.9808245]},"faces":{"east":{"uv":[0.875,6.875,1.0,7.0],"rotation":0,"texture":"#0","tintindex":0},"south":{"uv":[4.375,5.625,4.375,5.75],"rotation":0,"texture":"#0","tintindex":0},"north":{"uv":[5.625,0.625,5.625,0.75],"rotation":0,"texture":"#0","tintindex":0},"west":{"uv":[0.875,7.125,1.0,7.25],"rotation":0,"texture":"#0","tintindex":0},"up":{"uv":[2.875,5.875,2.875,5.75],"rotation":0,"texture":"#0","tintindex":0},"down":{"uv":[3.625,6.375,3.625,6.5],"rotation":0,"texture":"#0","tintindex":0}}},{"from":[8.487715,10.004711,8.603766],"to":[8.487715,10.576139,9.175195],"rotation":{"angle":45.0,"axis":"x","origin":[7.4842515,11.988817,3.9808245]},"faces":{"east":{"uv":[4.875,7.375,5.0,7.5],"rotation":0,"texture":"#0","tintindex":0},"south":{"uv":[4.75,6.75,4.75,6.875],"rotation":0,"texture":"#0","tintindex":0},"north":{"uv":[4.75,6.5,4.75,6.625],"rotation":0,"texture":"#0","tintindex":0},"west":{"uv":[7.875,6.375,8.0,6.5],"rotation":0,"texture":"#0","tintindex":0},"up":{"uv":[4.75,7.125,4.75,7.0],"rotation":0,"texture":"#0","tintindex":0},"down":{"uv":[7.125,0.5,7.125,0.625],"rotation":0,"texture":"#0","tintindex":0}}},{"from":[7.0857143,6.9142857,6.1142855],"to":[8.8,8.057143,8.4],"rotation":{"angle":0.0,"axis":"y","origin":[8.546943,16.15316,5.6]},"faces":{"east":{"uv":[7.0,2.25,7.5,2.5],"rotation":0,"texture":"#0","tintindex":0},"south":{"uv":[7.375,1.75,7.75,2.0],"rotation":0,"texture":"#0","tintindex":0},"north":{"uv":[0.625,7.375,1.0,7.625],"rotation":0,"texture":"#0","tintindex":0},"west":{"uv":[5.125,7.25,5.625,7.5],"rotation":0,"texture":"#0","tintindex":0},"up":{"uv":[4.75,6.375,4.375,5.875],"rotation":0,"texture":"#0","tintindex":0},"down":{"uv":[6.625,0.0,6.25,0.5],"rotation":0,"texture":"#0","tintindex":0}}}],"display":{"head":{"translation":[0.0,-6.4,0.0],"scale":[4.0,4.0,4.0]}}}