{"textures":{"0":"modelengine:entity/pet_haste"},"elements":[{"from":[8.655143,10.004711,8.603766],"to":[8.655143,10.576139,9.175195],"rotation":{"angle":45.0,"axis":"x","origin":[8.515749,11.988817,3.9808245]},"faces":{"east":{"uv":[6.5,7.875,6.625,8.0],"rotation":0,"texture":"#0","tintindex":0},"south":{"uv":[5.625,7.625,5.625,7.75],"rotation":0,"texture":"#0","tintindex":0},"north":{"uv":[5.75,7.25,5.75,7.375],"rotation":0,"texture":"#0","tintindex":0},"west":{"uv":[7.875,6.625,8.0,6.75],"rotation":0,"texture":"#0","tintindex":0},"up":{"uv":[5.5,8.125,5.5,8.0],"rotation":0,"texture":"#0","tintindex":0},"down":{"uv":[7.75,8.0,7.75,8.125],"rotation":0,"texture":"#0","tintindex":0}}},{"from":[8.026571,9.947569,8.546623],"to":[8.026571,10.518997,9.118052],"rotation":{"angle":45.0,"axis":"x","origin":[8.515749,11.988817,3.9808245]},"faces":{"east":{"uv":[7.875,6.875,8.0,7.0],"rotation":0,"texture":"#0","tintindex":0},"south":{"uv":[8.125,2.0,8.125,2.125],"rotation":0,"texture":"#0","tintindex":0},"north":{"uv":[2.0,8.125,2.0,8.25],"rotation":0,"texture":"#0","tintindex":0},"west":{"uv":[7.875,7.625,8.0,7.75],"rotation":0,"texture":"#0","tintindex":0},"up":{"uv":[2.125,8.25,2.125,8.125],"rotation":0,"texture":"#0","tintindex":0},"down":{"uv":[2.25,8.125,2.25,8.25],"rotation":0,"texture":"#0","tintindex":0}}},{"from":[7.5122857,10.004711,8.603766],"to":[7.5122857,10.576139,9.175195],"rotation":{"angle":45.0,"axis":"x","origin":[8.515749,11.988817,3.9808245]},"faces":{"east":{"uv":[7.875,7.875,8.0,8.0],"rotation":0,"texture":"#0","tintindex":0},"south":{"uv":[2.375,8.125,2.375,8.25],"rotation":0,"texture":"#0","tintindex":0},"north":{"uv":[8.125,2.25,8.125,2.375],"rotation":0,"texture":"#0","tintindex":0},"west":{"uv":[4.5,8.0,4.625,8.125],"rotation":0,"texture":"#0","tintindex":0},"up":{"uv":[2.5,8.25,2.5,8.125],"rotation":0,"texture":"#0","tintindex":0},"down":{"uv":[8.125,2.5,8.125,2.625],"rotation":0,"texture":"#0","tintindex":0}}},{"from":[7.2,6.9142857,6.1142855],"to":[8.914286,8.057143,8.4],"rotation":{"angle":0.0,"axis":"y","origin":[7.4530573,16.15316,5.6]},"faces":{"east":{"uv":[6.875,7.25,7.375,7.5],"rotation":0,"texture":"#0","tintindex":0},"south":{"uv":[7.375,6.5,7.75,6.75],"rotation":0,"texture":"#0","tintindex":0},"north":{"uv":[7.375,6.125,7.75,6.375],"rotation":0,"texture":"#0","tintindex":0},"west":{"uv":[0.0,7.375,0.5,7.625],"rotation":0,"texture":"#0","tintindex":0},"up":{"uv":[1.0,6.75,0.625,6.25],"rotation":0,"texture":"#0","tintindex":0},"down":{"uv":[6.625,0.625,6.25,1.125],"rotation":0,"texture":"#0","tintindex":0}}}],"display":{"head":{"translation":[0.0,-6.4,0.0],"scale":[4.0,4.0,4.0]}}}