{"textures":{"0":"modelengine:entity/pet_haste"},"elements":[{"from":[8.014822,8.506852,4.257883],"to":[8.58625,8.506852,4.8293114],"rotation":{"angle":45.0,"axis":"y","origin":[8.445002,8.374818,4.609396]},"faces":{"east":{"uv":[7.875,2.0,8.0,2.0],"rotation":0,"texture":"#0","tintindex":0},"south":{"uv":[8.125,3.5,8.25,3.5],"rotation":0,"texture":"#0","tintindex":0},"north":{"uv":[7.75,5.0,7.875,5.0],"rotation":0,"texture":"#0","tintindex":0},"west":{"uv":[8.125,3.625,8.25,3.625],"rotation":0,"texture":"#0","tintindex":0},"up":{"uv":[8.125,5.875,8.0,5.75],"rotation":0,"texture":"#0","tintindex":0},"down":{"uv":[6.875,8.0,6.75,8.125],"rotation":0,"texture":"#0","tintindex":0}}},{"from":[8.129107,7.935424,4.315026],"to":[8.700537,7.935424,4.8864546],"rotation":{"angle":45.0,"axis":"y","origin":[8.445002,8.374818,4.609396]},"faces":{"east":{"uv":[8.125,3.875,8.25,3.875],"rotation":0,"texture":"#0","tintindex":0},"south":{"uv":[8.125,4.0,8.25,4.0],"rotation":0,"texture":"#0","tintindex":0},"north":{"uv":[8.125,3.75,8.25,3.75],"rotation":0,"texture":"#0","tintindex":0},"west":{"uv":[4.125,8.125,4.25,8.125],"rotation":0,"texture":"#0","tintindex":0},"up":{"uv":[7.125,8.125,7.0,8.0],"rotation":0,"texture":"#0","tintindex":0},"down":{"uv":[8.125,7.125,8.0,7.25],"rotation":0,"texture":"#0","tintindex":0}}},{"from":[8.014822,7.3639956,4.257883],"to":[8.58625,7.3639956,4.8293114],"rotation":{"angle":45.0,"axis":"y","origin":[8.445002,8.374818,4.609396]},"faces":{"east":{"uv":[8.125,4.25,8.25,4.25],"rotation":0,"texture":"#0","tintindex":0},"south":{"uv":[8.125,4.375,8.25,4.375],"rotation":0,"texture":"#0","tintindex":0},"north":{"uv":[8.125,4.125,8.25,4.125],"rotation":0,"texture":"#0","tintindex":0},"west":{"uv":[5.625,8.125,5.75,8.125],"rotation":0,"texture":"#0","tintindex":0},"up":{"uv":[7.375,8.125,7.25,8.0],"rotation":0,"texture":"#0","tintindex":0},"down":{"uv":[8.125,7.375,8.0,7.5],"rotation":0,"texture":"#0","tintindex":0}}},{"from":[7.3428574,7.4,5.6571426],"to":[8.6,8.657143,8.6285715],"rotation":{"angle":0.0,"axis":"y","origin":[7.9714284,8.028571,8.057143]},"faces":{"east":{"uv":[6.625,3.375,7.25,3.625],"rotation":0,"texture":"#0","tintindex":0},"south":{"uv":[1.875,7.75,2.125,8.0],"rotation":0,"texture":"#0","tintindex":0},"north":{"uv":[1.5,7.75,1.75,8.0],"rotation":0,"texture":"#0","tintindex":0},"west":{"uv":[6.625,3.75,7.25,4.0],"rotation":0,"texture":"#0","tintindex":0},"up":{"uv":[7.0,0.625,6.75,0.0],"rotation":0,"texture":"#0","tintindex":0},"down":{"uv":[1.375,6.75,1.125,7.375],"rotation":0,"texture":"#0","tintindex":0}}},{"from":[7.1714287,7.1142855,4.5714283],"to":[8.885715,8.828571,6.285714],"rotation":{"angle":0.0,"axis":"y","origin":[6.8285713,12.371429,6.0571427]},"faces":{"east":{"uv":[5.875,7.0,6.25,7.375],"rotation":0,"texture":"#0","tintindex":0},"south":{"uv":[6.375,7.0,6.75,7.375],"rotation":0,"texture":"#0","tintindex":0},"north":{"uv":[7.0,5.625,7.375,6.0],"rotation":0,"texture":"#0","tintindex":0},"west":{"uv":[7.125,0.0,7.5,0.375],"rotation":0,"texture":"#0","tintindex":0},"up":{"uv":[7.625,0.875,7.25,0.5],"rotation":0,"texture":"#0","tintindex":0},"down":{"uv":[1.875,7.25,1.5,7.625],"rotation":0,"texture":"#0","tintindex":0}}}],"display":{"head":{"translation":[0.0,-6.4,0.0],"scale":[4.0,4.0,4.0]}}}