{"textures":{"0":"modelengine:entity/utahptor"},"elements":[{"from":[6.1453943,5.7994056,6.5593314],"to":[9.573966,8.08512,9.416474],"rotation":{"angle":0.0,"axis":"y","origin":[7.916823,6.6565485,7.7021885]},"faces":{"east":{"uv":[1.875,12.375,2.5,12.875],"rotation":0,"texture":"#0","tintindex":0},"south":{"uv":[12.125,1.5,12.875,2.0],"rotation":0,"texture":"#0","tintindex":0},"north":{"uv":[0.625,12.125,1.375,12.625],"rotation":0,"texture":"#0","tintindex":0},"west":{"uv":[12.375,3.25,13.0,3.75],"rotation":0,"texture":"#0","tintindex":0},"up":{"uv":[12.375,6.125,11.625,5.5],"rotation":0,"texture":"#0","tintindex":0},"down":{"uv":[6.375,11.625,5.625,12.25],"rotation":0,"texture":"#0","tintindex":0}}},{"from":[8.730434,6.597537,5.3407316],"to":[10.44472,8.883251,7.055017],"rotation":{"angle":-22.5,"axis":"x","origin":[9.587577,9.05368,5.528571]},"faces":{"east":{"uv":[11.375,13.0,11.75,13.5],"rotation":0,"texture":"#0","tintindex":0},"south":{"uv":[13.0,11.5,13.375,12.0],"rotation":0,"texture":"#0","tintindex":0},"north":{"uv":[7.375,12.125,7.75,12.625],"rotation":0,"texture":"#0","tintindex":0},"west":{"uv":[13.0,12.0,13.375,12.5],"rotation":0,"texture":"#0","tintindex":0},"up":{"uv":[9.875,4.125,9.5,3.75],"rotation":0,"texture":"#0","tintindex":0},"down":{"uv":[13.75,1.375,13.375,1.75],"rotation":0,"texture":"#0","tintindex":0}}},{"from":[9.016149,8.468006,4.8588],"to":[10.159006,10.182291,6.573086],"rotation":{"angle":22.5,"axis":"x","origin":[9.587577,8.910983,5.0903654]},"faces":{"east":{"uv":[2.875,13.375,3.25,13.75],"rotation":0,"texture":"#0","tintindex":0},"south":{"uv":[8.75,13.5,9.0,13.875],"rotation":0,"texture":"#0","tintindex":0},"north":{"uv":[8.5,13.5,8.75,13.875],"rotation":0,"texture":"#0","tintindex":0},"west":{"uv":[3.625,13.375,4.0,13.75],"rotation":0,"texture":"#0","tintindex":0},"up":{"uv":[9.25,13.875,9.0,13.5],"rotation":0,"texture":"#0","tintindex":0},"down":{"uv":[10.25,13.5,10.0,13.875],"rotation":0,"texture":"#0","tintindex":0}}},{"from":[9.587577,7.9176173,2.926588],"to":[9.587577,10.203331,5.7837315],"rotation":{"angle":-22.5,"axis":"x","origin":[9.587577,8.910983,5.0903654]},"faces":{"east":{"uv":[12.375,5.375,13.0,5.875],"rotation":0,"texture":"#0","tintindex":0},"south":{"uv":[0.0,0.0,0.0,0.5],"rotation":0,"texture":"#0","tintindex":0},"north":{"uv":[0.0,0.0,0.0,0.5],"rotation":0,"texture":"#0","tintindex":0},"west":{"uv":[9.75,12.375,10.375,12.875],"rotation":0,"texture":"#0","tintindex":0},"up":{"uv":[0.0,0.625,0.0,0.0],"rotation":0,"texture":"#0","tintindex":0},"down":{"uv":[0.0,0.0,0.0,0.625],"rotation":0,"texture":"#0","tintindex":0}}},{"from":[8.330434,5.8565483,2.2968912],"to":[8.330434,7.570834,4.011177],"rotation":{"angle":0.0,"axis":"y","origin":[6.0447197,6.713691,5.011177]},"faces":{"east":{"uv":[4.875,13.375,5.25,13.75],"rotation":0,"texture":"#0","tintindex":0},"south":{"uv":[0.0,0.0,0.0,0.375],"rotation":0,"texture":"#0","tintindex":0},"north":{"uv":[0.0,0.0,0.0,0.375],"rotation":0,"texture":"#0","tintindex":0},"west":{"uv":[13.375,5.75,13.75,6.125],"rotation":0,"texture":"#0","tintindex":0},"up":{"uv":[0.0,0.375,0.0,0.0],"rotation":0,"texture":"#0","tintindex":0},"down":{"uv":[0.0,0.0,0.0,0.375],"rotation":0,"texture":"#0","tintindex":0}}},{"from":[7.7590055,5.8565483,4.011177],"to":[8.901863,7.570834,5.725463],"rotation":{"angle":0.0,"axis":"y","origin":[6.0447197,6.713691,5.011177]},"faces":{"east":{"uv":[6.375,13.375,6.75,13.75],"rotation":0,"texture":"#0","tintindex":0},"south":{"uv":[11.375,13.5,11.625,13.875],"rotation":0,"texture":"#0","tintindex":0},"north":{"uv":[13.5,10.625,13.75,11.0],"rotation":0,"texture":"#0","tintindex":0},"west":{"uv":[13.375,7.0,13.75,7.375],"rotation":0,"texture":"#0","tintindex":0},"up":{"uv":[13.125,13.875,12.875,13.5],"rotation":0,"texture":"#0","tintindex":0},"down":{"uv":[13.375,13.5,13.125,13.875],"rotation":0,"texture":"#0","tintindex":0}}},{"from":[6.255617,5.8565483,3.5348167],"to":[6.255617,7.570834,5.2491026],"rotation":{"angle":22.5,"axis":"y","origin":[6.31276,6.9422626,6.1062455]},"faces":{"east":{"uv":[13.375,11.5,13.75,11.875],"rotation":0,"texture":"#0","tintindex":0},"south":{"uv":[0.0,0.0,0.0,0.375],"rotation":0,"texture":"#0","tintindex":0},"north":{"uv":[0.0,0.0,0.0,0.375],"rotation":0,"texture":"#0","tintindex":0},"west":{"uv":[13.375,11.875,13.75,12.25],"rotation":0,"texture":"#0","tintindex":0},"up":{"uv":[0.0,0.375,0.0,0.0],"rotation":0,"texture":"#0","tintindex":0},"down":{"uv":[0.0,0.0,0.0,0.375],"rotation":0,"texture":"#0","tintindex":0}}},{"from":[5.6841884,5.8565483,5.0205317],"to":[6.8270454,7.570834,6.1633883],"rotation":{"angle":22.5,"axis":"y","origin":[6.31276,6.9422626,6.1062455]},"faces":{"east":{"uv":[0.625,13.625,0.875,14.0],"rotation":0,"texture":"#0","tintindex":0},"south":{"uv":[13.625,1.0,13.875,1.375],"rotation":0,"texture":"#0","tintindex":0},"north":{"uv":[0.375,13.625,0.625,14.0],"rotation":0,"texture":"#0","tintindex":0},"west":{"uv":[2.375,13.625,2.625,14.0],"rotation":0,"texture":"#0","tintindex":0},"up":{"uv":[5.375,3.75,5.125,3.5],"rotation":0,"texture":"#0","tintindex":0},"down":{"uv":[3.25,9.25,3.0,9.5],"rotation":0,"texture":"#0","tintindex":0}}},{"from":[5.398474,5.8565483,6.1633883],"to":[7.11276,7.570834,8.449102],"rotation":{"angle":22.5,"axis":"y","origin":[6.31276,6.9422626,6.1062455]},"faces":{"east":{"uv":[10.125,3.375,10.625,3.75],"rotation":0,"texture":"#0","tintindex":0},"south":{"uv":[13.375,12.625,13.75,13.0],"rotation":0,"texture":"#0","tintindex":0},"north":{"uv":[13.375,12.25,13.75,12.625],"rotation":0,"texture":"#0","tintindex":0},"west":{"uv":[0.0,13.125,0.5,13.5],"rotation":0,"texture":"#0","tintindex":0},"up":{"uv":[0.875,13.625,0.5,13.125],"rotation":0,"texture":"#0","tintindex":0},"down":{"uv":[13.5,0.5,13.125,1.0],"rotation":0,"texture":"#0","tintindex":0}}},{"from":[7.4732914,5.8565483,5.725463],"to":[9.187577,7.570834,8.011177],"rotation":{"angle":0.0,"axis":"y","origin":[6.0447197,6.713691,5.011177]},"faces":{"east":{"uv":[13.125,1.0,13.625,1.375],"rotation":0,"texture":"#0","tintindex":0},"south":{"uv":[13.375,13.375,13.75,13.75],"rotation":0,"texture":"#0","tintindex":0},"north":{"uv":[13.375,13.0,13.75,13.375],"rotation":0,"texture":"#0","tintindex":0},"west":{"uv":[1.375,13.125,1.875,13.5],"rotation":0,"texture":"#0","tintindex":0},"up":{"uv":[13.5,2.5,13.125,2.0],"rotation":0,"texture":"#0","tintindex":0},"down":{"uv":[2.75,13.125,2.375,13.625],"rotation":0,"texture":"#0","tintindex":0}}}],"display":{"head":{"translation":[0.0,-6.4,0.0],"scale":[4.0,4.0,4.0]}}}