{"textures":{"0":"modelengine:entity/utahptor"},"elements":[{"from":[6.506171,6.574582,7.310922],"to":[9.363315,10.003154,12.453779],"rotation":{"angle":0.0,"axis":"y","origin":[7.934743,9.088868,-8.117651]},"faces":{"east":{"uv":[10.0,0.0,11.125,0.75],"rotation":0,"texture":"#0","tintindex":0},"south":{"uv":[6.375,11.75,7.0,12.5],"rotation":0,"texture":"#0","tintindex":0},"north":{"uv":[11.75,3.25,12.375,4.0],"rotation":0,"texture":"#0","tintindex":0},"west":{"uv":[10.0,6.875,11.125,7.625],"rotation":0,"texture":"#0","tintindex":0},"up":{"uv":[3.625,11.375,3.0,10.25],"rotation":0,"texture":"#0","tintindex":0},"down":{"uv":[5.625,10.25,5.0,11.375],"rotation":0,"texture":"#0","tintindex":0}}},{"from":[9.363315,8.288868,7.310922],"to":[12.220457,8.288868,12.453779],"rotation":{"angle":-22.5,"axis":"z","origin":[10.791885,8.860296,9.882351]},"faces":{"east":{"uv":[0.0,0.0,1.125,0.0],"rotation":0,"texture":"#0","tintindex":0},"south":{"uv":[0.0,0.0,0.625,0.0],"rotation":0,"texture":"#0","tintindex":0},"north":{"uv":[0.0,0.0,0.625,0.0],"rotation":0,"texture":"#0","tintindex":0},"west":{"uv":[0.0,0.0,1.125,0.0],"rotation":0,"texture":"#0","tintindex":0},"up":{"uv":[7.875,11.375,7.25,10.25],"rotation":0,"texture":"#0","tintindex":0},"down":{"uv":[7.875,10.25,7.25,11.375],"rotation":0,"texture":"#0","tintindex":0}}},{"from":[3.9918852,7.717439,7.310922],"to":[6.8490286,7.717439,12.453779],"rotation":{"angle":22.5,"axis":"z","origin":[3.706171,8.860296,9.882351]},"faces":{"east":{"uv":[1.125,0.0,0.0,0.0],"rotation":0,"texture":"#0","tintindex":0},"south":{"uv":[0.625,0.0,0.0,0.0],"rotation":0,"texture":"#0","tintindex":0},"north":{"uv":[0.625,0.0,0.0,0.0],"rotation":0,"texture":"#0","tintindex":0},"west":{"uv":[1.125,0.0,0.0,0.0],"rotation":0,"texture":"#0","tintindex":0},"up":{"uv":[7.25,11.375,7.875,10.25],"rotation":0,"texture":"#0","tintindex":0},"down":{"uv":[7.25,10.25,7.875,11.375],"rotation":0,"texture":"#0","tintindex":0}}},{"from":[7.5918856,6.060296,6.7966366],"to":[8.163314,9.488868,12.510922],"rotation":{"angle":0.0,"axis":"y","origin":[8.0776,9.088868,-8.117651]},"faces":{"east":{"uv":[8.875,3.0,10.125,3.75],"rotation":0,"texture":"#0","tintindex":0},"south":{"uv":[6.625,9.875,6.75,10.625],"rotation":0,"texture":"#0","tintindex":0},"north":{"uv":[0.875,9.375,1.0,10.125],"rotation":0,"texture":"#0","tintindex":0},"west":{"uv":[9.0,2.0,10.25,2.75],"rotation":0,"texture":"#0","tintindex":0},"up":{"uv":[5.75,1.25,5.625,0.0],"rotation":0,"texture":"#0","tintindex":0},"down":{"uv":[2.875,13.125,2.75,14.375],"rotation":0,"texture":"#0","tintindex":0}}},{"from":[7.5918856,7.0888677,15.596637],"to":[8.163314,8.803154,21.310923],"rotation":{"angle":0.0,"axis":"y","origin":[8.0776,9.088868,0.68235016]},"faces":{"east":{"uv":[11.625,6.125,12.875,6.5],"rotation":0,"texture":"#0","tintindex":0},"south":{"uv":[12.0,13.75,12.125,14.125],"rotation":0,"texture":"#0","tintindex":0},"north":{"uv":[11.875,13.75,12.0,14.125],"rotation":0,"texture":"#0","tintindex":0},"west":{"uv":[11.875,5.0,13.125,5.375],"rotation":0,"texture":"#0","tintindex":0},"up":{"uv":[9.375,14.375,9.25,13.125],"rotation":0,"texture":"#0","tintindex":0},"down":{"uv":[12.625,13.25,12.5,14.5],"rotation":0,"texture":"#0","tintindex":0}}},{"from":[6.820457,8.460297,23.368065],"to":[9.106172,8.460297,31.368067],"rotation":{"angle":22.5,"axis":"x","origin":[7.934743,8.860296,23.825207]},"faces":{"east":{"uv":[0.0,0.0,1.75,0.0],"rotation":0,"texture":"#0","tintindex":0},"south":{"uv":[0.0,0.0,0.5,0.0],"rotation":0,"texture":"#0","tintindex":0},"north":{"uv":[0.0,0.0,0.5,0.0],"rotation":0,"texture":"#0","tintindex":0},"west":{"uv":[0.0,0.0,1.75,0.0],"rotation":0,"texture":"#0","tintindex":0},"up":{"uv":[7.25,10.75,6.75,9.0],"rotation":0,"texture":"#0","tintindex":0},"down":{"uv":[7.25,9.0,6.75,10.75],"rotation":0,"texture":"#0","tintindex":0}}},{"from":[7.3918858,6.6888676,21.082352],"to":[8.534742,8.974582,26.225208],"rotation":{"angle":22.5,"axis":"x","origin":[7.934743,8.860296,23.825207]},"faces":{"east":{"uv":[11.375,2.0,12.5,2.5],"rotation":0,"texture":"#0","tintindex":0},"south":{"uv":[8.25,13.5,8.5,14.0],"rotation":0,"texture":"#0","tintindex":0},"north":{"uv":[13.5,7.375,13.75,7.875],"rotation":0,"texture":"#0","tintindex":0},"west":{"uv":[11.375,7.875,12.5,8.375],"rotation":0,"texture":"#0","tintindex":0},"up":{"uv":[6.125,13.875,5.875,12.75],"rotation":0,"texture":"#0","tintindex":0},"down":{"uv":[6.375,12.75,6.125,13.875],"rotation":0,"texture":"#0","tintindex":0}}},{"from":[7.0776,7.717439,16.110924],"to":[8.791885,10.003154,21.25378],"rotation":{"angle":0.0,"axis":"y","origin":[7.934743,9.088868,0.68235016]},"faces":{"east":{"uv":[11.375,8.375,12.5,8.875],"rotation":0,"texture":"#0","tintindex":0},"south":{"uv":[12.125,13.25,12.5,13.75],"rotation":0,"texture":"#0","tintindex":0},"north":{"uv":[11.75,13.25,12.125,13.75],"rotation":0,"texture":"#0","tintindex":0},"west":{"uv":[11.375,8.875,12.5,9.375],"rotation":0,"texture":"#0","tintindex":0},"up":{"uv":[9.0,13.125,8.625,12.0],"rotation":0,"texture":"#0","tintindex":0},"down":{"uv":[9.375,12.0,9.0,13.125],"rotation":0,"texture":"#0","tintindex":0}}},{"from":[7.363314,6.517439,11.253779],"to":[8.506171,8.231725,16.396637],"rotation":{"angle":0.0,"axis":"y","origin":[7.934743,6.2317247,13.825209]},"faces":{"east":{"uv":[12.0,2.5,13.125,2.875],"rotation":0,"texture":"#0","tintindex":0},"south":{"uv":[13.75,5.75,14.0,6.125],"rotation":0,"texture":"#0","tintindex":0},"north":{"uv":[5.125,13.75,5.375,14.125],"rotation":0,"texture":"#0","tintindex":0},"west":{"uv":[12.0,2.875,13.125,3.25],"rotation":0,"texture":"#0","tintindex":0},"up":{"uv":[13.0,12.625,12.75,11.5],"rotation":0,"texture":"#0","tintindex":0},"down":{"uv":[2.125,12.875,1.875,14.0],"rotation":0,"texture":"#0","tintindex":0}}},{"from":[7.8845825,7.565485,19.88235],"to":[12.456012,7.565485,26.739494],"rotation":{"angle":-22.5,"axis":"z","origin":[10.170298,7.279771,22.45378]},"faces":{"east":{"uv":[0.0,0.0,1.5,0.0],"rotation":0,"texture":"#0","tintindex":0},"south":{"uv":[0.0,0.0,1.0,0.0],"rotation":0,"texture":"#0","tintindex":0},"north":{"uv":[0.0,0.0,1.0,0.0],"rotation":0,"texture":"#0","tintindex":0},"west":{"uv":[0.0,0.0,1.5,0.0],"rotation":0,"texture":"#0","tintindex":0},"up":{"uv":[2.0,7.625,1.0,6.125],"rotation":0,"texture":"#0","tintindex":0},"down":{"uv":[2.0,6.125,1.0,7.625],"rotation":0,"texture":"#0","tintindex":0}}},{"from":[3.1849027,6.994056,19.88235],"to":[7.7563314,6.994056,26.739494],"rotation":{"angle":22.5,"axis":"z","origin":[4.3277597,7.279771,22.45378]},"faces":{"east":{"uv":[1.5,0.0,0.0,0.0],"rotation":0,"texture":"#0","tintindex":0},"south":{"uv":[1.0,0.0,0.0,0.0],"rotation":0,"texture":"#0","tintindex":0},"north":{"uv":[1.0,0.0,0.0,0.0],"rotation":0,"texture":"#0","tintindex":0},"west":{"uv":[1.5,0.0,0.0,0.0],"rotation":0,"texture":"#0","tintindex":0},"up":{"uv":[1.0,7.625,2.0,6.125],"rotation":0,"texture":"#0","tintindex":0},"down":{"uv":[1.0,6.125,2.0,7.625],"rotation":0,"texture":"#0","tintindex":0}}},{"from":[8.103731,7.581525,15.882351],"to":[14.389446,7.581525,21.025208],"rotation":{"angle":-22.5,"axis":"z","origin":[11.532303,7.581525,18.282352]},"faces":{"east":{"uv":[0.0,0.0,1.125,0.0],"rotation":0,"texture":"#0","tintindex":0},"south":{"uv":[0.0,0.0,1.375,0.0],"rotation":0,"texture":"#0","tintindex":0},"north":{"uv":[0.0,0.0,1.375,0.0],"rotation":0,"texture":"#0","tintindex":0},"west":{"uv":[0.0,0.0,1.125,0.0],"rotation":0,"texture":"#0","tintindex":0},"up":{"uv":[5.375,6.25,4.0,5.125],"rotation":0,"texture":"#0","tintindex":0},"down":{"uv":[5.375,5.125,4.0,6.25],"rotation":0,"texture":"#0","tintindex":0}}},{"from":[9.0776,7.888868,11.139494],"to":[13.649029,7.888868,16.282352],"rotation":{"angle":-22.5,"axis":"z","origin":[11.363315,8.517439,13.710922]},"faces":{"east":{"uv":[0.0,0.0,1.125,0.0],"rotation":0,"texture":"#0","tintindex":0},"south":{"uv":[0.0,0.0,1.0,0.0],"rotation":0,"texture":"#0","tintindex":0},"north":{"uv":[0.0,0.0,1.0,0.0],