{"textures":{"0":"modelengine:entity/dilophosaurus"},"elements":[{"from":[6.4908,6.7291203,5.426715],"to":[9.5092,10.3943205,9.307515],"rotation":{"angle":0.0,"axis":"y","origin":[8.0,8.88512,7.2593145]},"faces":{"east":{"uv":[4.125,0.0,5.25,1.0625],"rotation":0,"texture":"#0","tintindex":0},"south":{"uv":[5.25,1.0625,6.125,2.125],"rotation":0,"texture":"#0","tintindex":0},"north":{"uv":[5.25,0.0,6.125,1.0625],"rotation":0,"texture":"#0","tintindex":0},"west":{"uv":[4.125,1.0625,5.25,2.125],"rotation":0,"texture":"#0","tintindex":0},"up":{"uv":[5.8125,4.5,4.9375,3.375],"rotation":0,"texture":"#0","tintindex":0},"down":{"uv":[5.8125,4.5,4.9375,5.625],"rotation":0,"texture":"#0","tintindex":0}}},{"from":[6.922,6.0607605,5.825575],"to":[9.078,8.432361,8.628375],"rotation":{"angle":0.0,"axis":"y","origin":[8.0,8.88512,7.2593145]},"faces":{"east":{"uv":[5.875,5.3125,6.6875,6.0],"rotation":0,"texture":"#0","tintindex":0},"south":{"uv":[6.8125,0.6875,7.4375,1.375],"rotation":0,"texture":"#0","tintindex":0},"north":{"uv":[3.25,6.75,3.875,7.4375],"rotation":0,"texture":"#0","tintindex":0},"west":{"uv":[0.0,6.0,0.8125,6.6875],"rotation":0,"texture":"#0","tintindex":0},"up":{"uv":[5.4375,7.1875,4.8125,6.375],"rotation":0,"texture":"#0","tintindex":0},"down":{"uv":[7.125,4.375,6.5,5.1875],"rotation":0,"texture":"#0","tintindex":0}}},{"from":[7.0298,6.88004,3.6587944],"to":[8.9702,8.17364,6.2459946],"rotation":{"angle":22.5,"axis":"x","origin":[8.0,7.8071203,4.6721144]},"faces":{"east":{"uv":[7.625,5.25,8.375,5.625],"rotation":0,"texture":"#0","tintindex":0},"south":{"uv":[2.6875,8.4375,3.25,8.8125],"rotation":0,"texture":"#0","tintindex":0},"north":{"uv":[8.4375,2.4375,9.0,2.8125],"rotation":0,"texture":"#0","tintindex":0},"west":{"uv":[7.6875,2.4375,8.4375,2.8125],"rotation":0,"texture":"#0","tintindex":0},"up":{"uv":[7.375,2.125,6.8125,1.375],"rotation":0,"texture":"#0","tintindex":0},"down":{"uv":[4.4375,6.8125,3.875,7.5625],"rotation":0,"texture":"#0","tintindex":0}}},{"from":[6.7064,7.8071203,3.4863148],"to":[9.2936,10.17872,5.857915],"rotation":{"angle":0.0,"axis":"y","origin":[8.0,8.88512,4.4565144]},"faces":{"east":{"uv":[6.125,1.4375,6.8125,2.125],"rotation":0,"texture":"#0","tintindex":0},"south":{"uv":[2.6875,6.0,3.4375,6.6875],"rotation":0,"texture":"#0","tintindex":0},"north":{"uv":[1.9375,6.0,2.6875,6.6875],"rotation":0,"texture":"#0","tintindex":0},"west":{"uv":[6.625,6.0,7.3125,6.6875],"rotation":0,"texture":"#0","tintindex":0},"up":{"uv":[6.625,6.6875,5.875,6.0],"rotation":0,"texture":"#0","tintindex":0},"down":{"uv":[6.875,0.0,6.125,0.6875],"rotation":0,"texture":"#0","tintindex":0}}},{"from":[7.6766,5.612938,11.241791],"to":[8.3234,8.200138,12.966591],"rotation":{"angle":-45.0,"axis":"x","origin":[8.0,6.205749,11.403402]},"faces":{"east":{"uv":[5.6875,7.1875,6.1875,7.9375],"rotation":0,"texture":"#0","tintindex":0},"south":{"uv":[2.8125,8.8125,3.0,9.5625],"rotation":0,"texture":"#0","tintindex":0},"north":{"uv":[8.125,8.625,8.3125,9.375],"rotation":0,"texture":"#0","tintindex":0},"west":{"uv":[6.1875,7.1875,6.6875,7.9375],"rotation":0,"texture":"#0","tintindex":0},"up":{"uv":[9.5,2.9375,9.3125,2.4375],"rotation":0,"texture":"#0","tintindex":0},"down":{"uv":[2.6875,9.3125,2.5,9.8125],"rotation":0,"texture":"#0","tintindex":0}}},{"from":[7.2454,6.309686,8.463366],"to":[8.7546,8.896886,11.697366],"rotation":{"angle":-22.5,"axis":"x","origin":[8.0,7.991366,10.080366]},"faces":{"east":{"uv":[5.8125,2.875,6.75,3.625],"rotation":0,"texture":"#0","tintindex":0},"south":{"uv":[7.375,1.375,7.8125,2.125],"rotation":0,"texture":"#0","tintindex":0},"north":{"uv":[7.3125,6.0625,7.75,6.8125],"rotation":0,"texture":"#0","tintindex":0},"west":{"uv":[5.8125,3.625,6.75,4.375],"rotation":0,"texture":"#0","tintindex":0},"up":{"uv":[7.5625,4.0625,7.125,3.125],"rotation":0,"texture":"#0","tintindex":0},"down":{"uv":[7.5625,4.0625,7.125,5.0],"rotation":0,"texture":"#0","tintindex":0}}},{"from":[6.8142,7.6346407,8.660715],"to":[9.185801,10.221841,11.894715],"rotation":{"angle":0.0,"axis":"y","origin":[8.0,8.82044,8.984115]},"faces":{"east":{"uv":[4.9375,5.625,5.875,6.375],"rotation":0,"texture":"#0","tintindex":0},"south":{"uv":[6.125,0.6875,6.8125,1.4375],"rotation":0,"texture":"#0","tintindex":0},"north":{"uv":[3.4375,6.0,4.125,6.75],"rotation":0,"texture":"#0","tintindex":0},"west":{"uv":[5.75,2.125,6.6875,2.875],"rotation":0,"texture":"#0","tintindex":0},"up":{"uv":[6.5,5.3125,5.8125,4.375],"rotation":0,"texture":"#0","tintindex":0},"down":{"uv":[4.8125,5.875,4.125,6.8125],"rotation":0,"texture":"#0","tintindex":0}}}],"display":{"head":{"translation":[0.0,-6.4,0.0],"scale":[4.0,4.0,4.0]}}}