{"textures":{"0":"modelengine:entity/dilophosaurus"},"elements":[{"from":[7.102835,7.69642,6.2827287],"to":[8.885719,9.32912,8.215798],"rotation":{"angle":22.5,"axis":"x","origin":[7.99428,8.294499,6.929001]},"faces":{"east":{"uv":[2.6875,7.9375,3.25,8.4375],"rotation":0,"texture":"#0","tintindex":0},"south":{"uv":[2.1875,8.1875,2.6875,8.6875],"rotation":0,"texture":"#0","tintindex":0},"north":{"uv":[7.8125,8.125,8.3125,8.625],"rotation":0,"texture":"#0","tintindex":0},"west":{"uv":[7.9375,3.875,8.5,4.375],"rotation":0,"texture":"#0","tintindex":0},"up":{"uv":[8.4375,4.9375,7.9375,4.375],"rotation":0,"texture":"#0","tintindex":0},"down":{"uv":[6.1875,7.9375,5.6875,8.5],"rotation":0,"texture":"#0","tintindex":0}}},{"from":[7.5506363,7.2598305,6.4573646],"to":[7.5506363,7.937422,7.26069],"rotation":{"angle":22.5,"axis":"x","origin":[7.99428,8.294499,6.929001]},"faces":{"east":{"uv":[9.5625,7.1875,9.8125,7.375],"rotation":0,"texture":"#0","tintindex":0},"south":{"uv":[0.0,0.0,0.0,0.1875],"rotation":0,"texture":"#0","tintindex":0},"north":{"uv":[0.0,0.0,0.0,0.1875],"rotation":0,"texture":"#0","tintindex":0},"west":{"uv":[9.5625,7.375,9.8125,7.5625],"rotation":0,"texture":"#0","tintindex":0},"up":{"uv":[0.0,0.25,0.0,0.0],"rotation":0,"texture":"#0","tintindex":0},"down":{"uv":[0.0,0.0,0.0,0.25],"rotation":0,"texture":"#0","tintindex":0}}},{"from":[7.4007945,7.803908,5.1633463],"to":[7.4007945,8.306859,6.1413083],"rotation":{"angle":22.5,"axis":"x","origin":[7.4007945,8.055386,5.6523275]},"faces":{"east":{"uv":[8.75,1.9375,9.0625,2.0625],"rotation":0,"texture":"#0","tintindex":0},"south":{"uv":[0.0,0.0,0.0,0.125],"rotation":0,"texture":"#0","tintindex":0},"north":{"uv":[0.0,0.0,0.0,0.125],"rotation":0,"texture":"#0","tintindex":0},"west":{"uv":[9.0,7.75,9.3125,7.875],"rotation":0,"texture":"#0","tintindex":0},"up":{"uv":[0.0,0.3125,0.0,0.0],"rotation":0,"texture":"#0","tintindex":0},"down":{"uv":[0.0,0.0,0.0,0.3125],"rotation":0,"texture":"#0","tintindex":0}}},{"from":[7.5543017,8.08003,4.241212],"to":[7.5543017,8.757617,5.0855017],"rotation":{"angle":22.5,"axis":"x","origin":[7.990887,8.418825,4.663357]},"faces":{"east":{"uv":[9.5625,7.5625,9.8125,7.75],"rotation":0,"texture":"#0","tintindex":0},"south":{"uv":[0.0,0.0,0.0,0.1875],"rotation":0,"texture":"#0","tintindex":0},"north":{"uv":[0.0,0.0,0.0,0.1875],"rotation":0,"texture":"#0","tintindex":0},"west":{"uv":[8.5625,9.5625,8.8125,9.75],"rotation":0,"texture":"#0","tintindex":0},"up":{"uv":[0.0,0.25,0.0,0.0],"rotation":0,"texture":"#0","tintindex":0},"down":{"uv":[0.0,0.0,0.0,0.25],"rotation":0,"texture":"#0","tintindex":0}}},{"from":[7.7026343,7.1427593,3.7045836],"to":[7.7026343,7.8203506,4.3332734],"rotation":{"angle":22.5,"axis":"x","origin":[7.99428,8.186699,6.7565207]},"faces":{"east":{"uv":[9.8125,6.6875,10.0,6.875],"rotation":0,"texture":"#0","tintindex":0},"south":{"uv":[0.0,0.0,0.0,0.1875],"rotation":0,"texture":"#0","tintindex":0},"north":{"uv":[0.0,0.0,0.0,0.1875],"rotation":0,"texture":"#0","tintindex":0},"west":{"uv":[9.8125,8.125,10.0,8.3125],"rotation":0,"texture":"#0","tintindex":0},"up":{"uv":[0.0,0.1875,0.0,0.0],"rotation":0,"texture":"#0","tintindex":0},"down":{"uv":[0.0,0.0,0.0,0.1875],"rotation":0,"texture":"#0","tintindex":0}}},{"from":[8.586595,7.803908,5.1633463],"to":[8.586595,8.306859,6.1413083],"rotation":{"angle":22.5,"axis":"x","origin":[7.4007945,8.055386,5.6523275]},"faces":{"east":{"uv":[8.75,1.9375,9.0625,2.0625],"rotation":0,"texture":"#0","tintindex":0},"south":{"uv":[0.0,0.0,0.0,0.125],"rotation":0,"texture":"#0","tintindex":0},"north":{"uv":[0.0,0.0,0.0,0.125],"rotation":0,"texture":"#0","tintindex":0},"west":{"uv":[9.0,7.75,9.3125,7.875],"rotation":0,"texture":"#0","tintindex":0},"up":{"uv":[0.0,0.3125,0.0,0.0],"rotation":0,"texture":"#0","tintindex":0},"down":{"uv":[0.0,0.0,0.0,0.3125],"rotation":0,"texture":"#0","tintindex":0}}},{"from":[8.438262,8.08003,4.241212],"to":[8.438262,8.757617,5.0855017],"rotation":{"angle":22.5,"axis":"x","origin":[7.990887,8.418825,4.663357]},"faces":{"east":{"uv":[9.5625,7.5625,9.8125,7.75],"rotation":0,"texture":"#0","tintindex":0},"south":{"uv":[0.0,0.0,0.0,0.1875],"rotation":0,"texture":"#0","tintindex":0},"north":{"uv":[0.0,0.0,0.0,0.1875],"rotation":0,"texture":"#0","tintindex":0},"west":{"uv":[8.5625,9.5625,8.8125,9.75],"rotation":0,"texture":"#0","tintindex":0},"up":{"uv":[0.0,0.25,0.0,0.0],"rotation":0,"texture":"#0","tintindex":0},"down":{"uv":[0.0,0.0,0.0,0.25],"rotation":0,"texture":"#0","tintindex":0}}},{"from":[8.292292,7.1427593,3.7045836],"to":[8.292292,7.8203506,4.3332734],"rotation":{"angle":22.5,"axis":"x","origin":[7.99428,8.186699,6.7565207]},"faces":{"east":{"uv":[9.8125,6.6875,10.0,6.875],"rotation":0,"texture":"#0","tintindex":0},"south":{"uv":[0.0,0.0,0.0,0.1875],"rotation":0,"texture":"#0","tintindex":0},"north":{"uv":[0.0,0.0,0.0,0.1875],"rotation":0,"texture":"#0","tintindex":0},"west":{"uv":[9.8125,8.125,10.0,8.3125],"rotation":0,"texture":"#0","tintindex":0},"up":{"uv":[0.0,0.1875,0.0,0.0],"rotation":0,"texture":"#0","tintindex":0},"down":{"uv":[0.0,0.0,0.0,0.1875],"rotation":0,"texture":"#0","tintindex":0}}},{"from":[8.431138,7.2598305,6.4573646],"to":[8.431138,7.937422,7.26069],"rotation":{"angle":22.5,"axis":"x","origin":[7.556295,8.294499,6.929001]},"faces":{"east":{"uv":[9.5,9.5625,9.75,9.75],"rotation":0,"texture":"#0","tintindex":0},"south":{"uv":[0.0,0.0,0.0,0.1875],"rotation":0,"texture":"#0","tintindex":0},"north":{"uv":[0.0,0.0,0.0,0.1875],"rotation":0,"texture":"#0","tintindex":0},"west":{"uv":[1.6875,9.625,1.9375,9.8125],"rotation":0,"texture":"#0","tintindex":0},"up":{"uv":[0.0,0.25,0.0,0.0],"rotation":0,"texture":"#0","tintindex":0},"down":{"uv":[0.0,0.0,0.0,0.25],"rotation":0,"texture":"#0","tintindex":0}}},{"from":[7.3363743,8.333259,5.183116],"to":[8.652181,9.449979,6.8158107],"rotation":{"angle":0.0,"axis":"y","origin":[7.99428,8.730284,5.6336756]},"faces":{"east":{"uv":[6.6875,5.6875,7.1875,6.0],"rotation":0,"texture":"#0","tintindex":0},"south":{"uv":[8.9375,0.5,9.3125,0.8125],"rotation":0,"texture":"#0","tintindex":0},"north":{"uv":[5.4375,6.375,5.8125,6.6875],"rotation":0,"texture":"#0","tintindex":0},"west":{"uv":[8.5625,4.9375,9.0625,5.25],"rotation":0,"texture":"#0","tintindex":0},"up":{"uv":[7.8125,8.875,7.4375,8.375],"rotation":0,"texture":"#0","tintindex":0},"down":{"uv":[6.0625,8.5,5.6875,9.0],"rotation":0,"texture":"#0","tintindex":0}}},{"from":[7.154905,8.280643,5.2165513],"to":[8.833654,8.796618,6.2678566],"rotation":{"angle":22.5,"axis":"x","origin":[7.99428,8.475884,5.652094]},"faces":{"east":{"uv":[9.75,5.5,10.0625,5.625],"rotation":0,"texture":"#0","tintindex":0},"south":{"uv":[9.5,3.6875,10.0,3.8125],"rotation":0,"texture":"#0","tintindex":0},"north":{"uv":[8.5,4.25,9.0,4.375],"rotation":0,"texture":"#0","tintindex":0},"west":{"uv":[9.75,9.0,10.0625,9.125],"rotation":0,"texture":"#0","tintindex":0},"up":{"uv":[9.3125,1.125,8.8125,0.8125],"rotation":0,"texture":"#0","tintindex":0},"down":{"uv":[9.3125,1.125,8.8125,1.4375],"rotation":0,"texture":"#0","tintindex":0}}},{"from":[7.5090256,8.706881,4.5165596],"to":[8.500011,9.457815,5.417684],"rotation":{"angle":22.5,"axis":"x","origin":[7.99428,9.132827,4.986845]},"faces":{"east":{"uv":[9.625,4.875,9.875,5.0625],"rotation":0,"texture":"#0","tintindex":0},"south":{"uv":[9.5,9.375,9.8125,9.5625],"rotation":0,"texture":"#0","tintindex":0},"north":{"uv":[9.5,9.1875,9.8125,9.375],"rotation":0,"texture":"#0","tintindex":0},"west":{"uv":[9.625,5.0625,9.875,5.25],"rotation":0,"texture":"#0","tintindex":0},"up":{"uv":[9.6875,5.5,9.375,5.25],"rotation":0,"texture":"#0","tintindex":0},"down":{"uv":[9.6875,5.6875,9.375,5.9375],"rotation":0,"texture":"#0","tintindex":0}}},{"from":[7.4012256,8.54518,4.5165596],"to":[8.607811,9.080515,5.633284],"rotation":{"angle":45.0,"axis":"x","origin":[7.99428,9.132827,4.986845]},"faces":{"east":{"uv":[0.9375,9.8125,1.25,9.9375],"rotation":0,"texture":"#0","tintindex":0},