{"textures":{"0":"modelengine:entity/dilophosaurus"},"elements":[{"from":[7.723617,7.2278547,7.1056895],"to":[8.370417,8.090255,8.18369],"rotation":{"angle":0.0,"axis":"y","origin":[8.047017,7.6590548,7.6446896]},"faces":{"east":{"uv":[9.375,8.0625,9.625,8.375],"rotation":270,"texture":"#0","tintindex":0},"south":{"uv":[9.875,3.375,9.6875,3.125],"rotation":0,"texture":"#0","tintindex":0},"north":{"uv":[3.875,9.6875,3.6875,9.9375],"rotation":180,"texture":"#0","tintindex":0},"west":{"uv":[9.375,8.375,9.625,8.6875],"rotation":90,"texture":"#0","tintindex":0},"up":{"uv":[7.8125,0.0,8.0,0.3125],"rotation":180,"texture":"#0","tintindex":0},"down":{"uv":[8.3125,5.75,8.5,6.0625],"rotation":0,"texture":"#0","tintindex":0}}},{"from":[7.831417,7.1854105,6.3760996],"to":[8.262617,7.8322105,7.2384996],"rotation":{"angle":0.0,"axis":"y","origin":[8.047017,7.583933,6.8379145]},"faces":{"east":{"uv":[9.6875,4.375,9.875,4.625],"rotation":270,"texture":"#0","tintindex":0},"south":{"uv":[10.0625,1.75,9.9375,1.5625],"rotation":0,"texture":"#0","tintindex":0},"north":{"uv":[1.75,9.9375,1.625,10.125],"rotation":180,"texture":"#0","tintindex":0},"west":{"uv":[9.6875,5.25,9.875,5.5],"rotation":90,"texture":"#0","tintindex":0},"up":{"uv":[5.1875,9.875,5.3125,10.125],"rotation":180,"texture":"#0","tintindex":0},"down":{"uv":[5.3125,9.875,5.4375,10.125],"rotation":0,"texture":"#0","tintindex":0}}},{"from":[8.047017,7.2716503,5.59994],"to":[8.047017,7.9184504,6.46234],"rotation":{"angle":0.0,"axis":"y","origin":[8.047017,7.583933,6.8379145]},"faces":{"east":{"uv":[5.6875,9.6875,5.875,9.9375],"rotation":270,"texture":"#0","tintindex":0},"south":{"uv":[0.0,0.1875,0.0,0.0],"rotation":0,"texture":"#0","tintindex":0},"north":{"uv":[0.0,0.0,0.0,0.1875],"rotation":180,"texture":"#0","tintindex":0},"west":{"uv":[9.6875,5.6875,9.875,5.9375],"rotation":90,"texture":"#0","tintindex":0},"up":{"uv":[0.0,0.0,0.0,0.25],"rotation":180,"texture":"#0","tintindex":0},"down":{"uv":[0.0,0.0,0.0,0.25],"rotation":0,"texture":"#0","tintindex":0}}},{"from":[8.208532,7.2169743,7.357513],"to":[8.855332,8.079374,8.435513],"rotation":{"angle":-22.5,"axis":"y","origin":[8.422834,7.0883236,7.567588]},"faces":{"east":{"uv":[0.0,9.4375,0.25,9.75],"rotation":270,"texture":"#0","tintindex":0},"south":{"uv":[6.0625,9.9375,5.875,9.6875],"rotation":0,"texture":"#0","tintindex":0},"north":{"uv":[9.875,5.9375,9.6875,6.1875],"rotation":180,"texture":"#0","tintindex":0},"west":{"uv":[9.4375,0.0,9.6875,0.3125],"rotation":90,"texture":"#0","tintindex":0},"up":{"uv":[1.5,9.5,1.6875,9.8125],"rotation":180,"texture":"#0","tintindex":0},"down":{"uv":[9.5625,0.5,9.75,0.8125],"rotation":0,"texture":"#0","tintindex":0}}},{"from":[8.326707,7.204547,6.6693373],"to":[8.757907,7.851347,7.5317373],"rotation":{"angle":-22.5,"axis":"y","origin":[8.422834,7.0883236,7.567588]},"faces":{"east":{"uv":[6.0625,9.6875,6.25,9.9375],"rotation":270,"texture":"#0","tintindex":0},"south":{"uv":[1.875,10.125,1.75,9.9375],"rotation":0,"texture":"#0","tintindex":0},"north":{"uv":[10.0625,1.75,9.9375,1.9375],"rotation":180,"texture":"#0","tintindex":0},"west":{"uv":[9.6875,6.1875,9.875,6.4375],"rotation":90,"texture":"#0","tintindex":0},"up":{"uv":[5.4375,9.875,5.5625,10.125],"rotation":180,"texture":"#0","tintindex":0},"down":{"uv":[5.5625,9.875,5.6875,10.125],"rotation":0,"texture":"#0","tintindex":0}}},{"from":[8.542307,7.290787,5.893177],"to":[8.542307,7.9375873,6.755577],"rotation":{"angle":-22.5,"axis":"y","origin":[8.422834,7.0883236,7.567588]},"faces":{"east":{"uv":[9.6875,6.4375,9.875,6.6875],"rotation":270,"texture":"#0","tintindex":0},"south":{"uv":[0.0,0.1875,0.0,0.0],"rotation":0,"texture":"#0","tintindex":0},"north":{"uv":[0.0,0.0,0.0,0.1875],"rotation":180,"texture":"#0","tintindex":0},"west":{"uv":[7.375,9.6875,7.5625,9.9375],"rotation":90,"texture":"#0","tintindex":0},"up":{"uv":[0.0,0.0,0.0,0.25],"rotation":180,"texture":"#0","tintindex":0},"down":{"uv":[0.0,0.0,0.0,0.25],"rotation":0,"texture":"#0","tintindex":0}}},{"from":[7.248605,7.1904187,7.404458],"to":[7.895405,8.052818,8.482458],"rotation":{"angle":22.5,"axis":"y","origin":[7.572005,7.6216187,7.943458]},"faces":{"east":{"uv":[3.1875,9.4375,3.4375,9.75],"rotation":270,"texture":"#0","tintindex":0},"south":{"uv":[0.1875,10.0,0.0,9.75],"rotation":0,"texture":"#0","tintindex":0},"north":{"uv":[9.9375,0.5,9.75,0.75],"rotation":180,"texture":"#0","tintindex":0},"west":{"uv":[3.4375,9.4375,3.6875,9.75],"rotation":90,"texture":"#0","tintindex":0},"up":{"uv":[9.5625,0.8125,9.75,1.125],"rotation":180,"texture":"#0","tintindex":0},"down":{"uv":[9.5625,1.125,9.75,1.4375],"rotation":0,"texture":"#0","tintindex":0}}},{"from":[7.050684,7.1510606,6.7741833],"to":[7.481884,7.7978606,7.636584],"rotation":{"angle":22.5,"axis":"y","origin":[7.266284,7.4744606,7.2053833]},"faces":{"east":{"uv":[9.75,0.75,9.9375,1.0],"rotation":270,"texture":"#0","tintindex":0},"south":{"uv":[2.0,10.125,1.875,9.9375],"rotation":0,"texture":"#0","tintindex":0},"north":{"uv":[2.125,9.9375,2.0,10.125],"rotation":180,"texture":"#0","tintindex":0},"west":{"uv":[9.75,1.0,9.9375,1.25],"rotation":90,"texture":"#0","tintindex":0},"up":{"uv":[9.875,5.625,10.0,5.875],"rotation":180,"texture":"#0","tintindex":0},"down":{"uv":[9.875,5.875,10.0,6.125],"rotation":0,"texture":"#0","tintindex":0}}},{"from":[6.9692607,7.237301,6.057105],"to":[6.9692607,7.884101,6.919505],"rotation":{"angle":22.5,"axis":"y","origin":[6.9692607,7.5607004,6.488305]},"faces":{"east":{"uv":[9.75,1.25,9.9375,1.5],"rotation":270,"texture":"#0","tintindex":0},"south":{"uv":[0.0,0.1875,0.0,0.0],"rotation":0,"texture":"#0","tintindex":0},"north":{"uv":[0.0,0.0,0.0,0.1875],"rotation":180,"texture":"#0","tintindex":0},"west":{"uv":[9.75,1.5,9.9375,1.75],"rotation":90,"texture":"#0","tintindex":0},"up":{"uv":[0.0,0.0,0.0,0.25],"rotation":180,"texture":"#0","tintindex":0},"down":{"uv":[0.0,0.0,0.0,0.25],"rotation":0,"texture":"#0","tintindex":0}}}],"display":{"head":{"translation":[0.0,-6.4,0.0],"scale":[4.0,4.0,4.0]}}}