{"textures":{"0":"modelengine:entity/dilophosaurus"},"elements":[{"from":[7.6766,6.104216,7.496301],"to":[8.3234,8.691416,8.358701],"rotation":{"angle":22.5,"axis":"x","origin":[8.0,8.0,8.0]},"faces":{"east":{"uv":[4.125,8.5,4.375,9.25],"rotation":0,"texture":"#0","tintindex":0},"south":{"uv":[8.8125,8.0625,9.0,8.8125],"rotation":0,"texture":"#0","tintindex":0},"north":{"uv":[3.0,8.8125,3.1875,9.5625],"rotation":0,"texture":"#0","tintindex":0},"west":{"uv":[0.8125,8.5625,1.0625,9.3125],"rotation":0,"texture":"#0","tintindex":0},"up":{"uv":[2.125,9.9375,1.9375,9.6875],"rotation":0,"texture":"#0","tintindex":0},"down":{"uv":[2.3125,9.6875,2.125,9.9375],"rotation":0,"texture":"#0","tintindex":0}}},{"from":[7.3532,5.375466,6.857232],"to":[8.6468,6.453466,7.504032],"rotation":{"angle":22.5,"axis":"x","origin":[8.1078,6.125701,7.594311]},"faces":{"east":{"uv":[2.6875,7.625,2.875,7.9375],"rotation":0,"texture":"#0","tintindex":0},"south":{"uv":[9.0,8.375,9.375,8.6875],"rotation":0,"texture":"#0","tintindex":0},"north":{"uv":[9.0,8.0625,9.375,8.375],"rotation":0,"texture":"#0","tintindex":0},"west":{"uv":[7.6875,2.8125,7.875,3.125],"rotation":0,"texture":"#0","tintindex":0},"up":{"uv":[9.875,2.375,9.5,2.1875],"rotation":0,"texture":"#0","tintindex":0},"down":{"uv":[9.875,2.375,9.5,2.5625],"rotation":0,"texture":"#0","tintindex":0}}}],"display":{"head":{"translation":[0.0,-6.4,0.0],"scale":[4.0,4.0,4.0]}}}