{"textures":{"0":"modelengine:entity/dilophosaurus"},"elements":[{"from":[7.461,4.0229487,6.844046],"to":[8.3234,7.903749,8.137647],"rotation":{"angle":-45.0,"axis":"x","origin":[7.8922,6.9967284,7.1321406]},"faces":{"east":{"uv":[4.4375,6.8125,4.8125,7.9375],"rotation":0,"texture":"#0","tintindex":0},"south":{"uv":[1.0625,8.0625,1.3125,9.1875],"rotation":0,"texture":"#0","tintindex":0},"north":{"uv":[4.4375,7.9375,4.6875,9.0625],"rotation":0,"texture":"#0","tintindex":0},"west":{"uv":[0.75,6.9375,1.125,8.0625],"rotation":0,"texture":"#0","tintindex":0},"up":{"uv":[9.5625,2.0,9.3125,1.625],"rotation":0,"texture":"#0","tintindex":0},"down":{"uv":[9.5625,4.0625,9.3125,4.4375],"rotation":0,"texture":"#0","tintindex":0}}},{"from":[7.6766,5.347943,7.9030685],"to":[8.1078,8.366343,9.336897],"rotation":{"angle":-22.5,"axis":"x","origin":[8.0,6.857143,9.142858]},"faces":{"east":{"uv":[6.6875,8.375,6.9375,9.25],"rotation":0,"texture":"#0","tintindex":0},"south":{"uv":[0.625,9.0625,0.75,9.9375],"rotation":0,"texture":"#0","tintindex":0},"north":{"uv":[0.5,9.0625,0.625,9.9375],"rotation":0,"texture":"#0","tintindex":0},"west":{"uv":[6.9375,8.375,7.1875,9.25],"rotation":0,"texture":"#0","tintindex":0},"up":{"uv":[3.0625,10.125,2.9375,9.875],"rotation":0,"texture":"#0","tintindex":0},"down":{"uv":[10.0,5.125,9.875,5.375],"rotation":0,"texture":"#0","tintindex":0}}}],"display":{"head":{"translation":[0.0,-6.4,0.0],"scale":[4.0,4.0,4.0]}}}