{"textures":{"0":"modelengine:entity/dilophosaurus"},"elements":[{"from":[7.1376,7.8480816,6.839534],"to":[8.8624,9.572882,8.779934],"rotation":{"angle":22.5,"axis":"x","origin":[8.0,8.548064,7.5516872]},"faces":{"east":{"uv":[7.8125,7.625,8.375,8.125],"rotation":0,"texture":"#0","tintindex":0},"south":{"uv":[5.1875,8.125,5.6875,8.625],"rotation":0,"texture":"#0","tintindex":0},"north":{"uv":[4.6875,8.125,5.1875,8.625],"rotation":0,"texture":"#0","tintindex":0},"west":{"uv":[7.875,2.8125,8.4375,3.3125],"rotation":0,"texture":"#0","tintindex":0},"up":{"uv":[8.375,3.875,7.875,3.3125],"rotation":0,"texture":"#0","tintindex":0},"down":{"uv":[0.5,7.9375,0.0,8.5],"rotation":0,"texture":"#0","tintindex":0}}},{"from":[7.6766,7.7090287,6.857143],"to":[8.3234,8.571428,8.581943],"rotation":{"angle":22.5,"axis":"x","origin":[8.0,8.571428,6.857143]},"faces":{"east":{"uv":[8.875,6.125,9.375,6.375],"rotation":0,"texture":"#0","tintindex":0},"south":{"uv":[9.5625,6.9375,9.75,7.1875],"rotation":0,"texture":"#0","tintindex":0},"north":{"uv":[9.5625,1.75,9.75,2.0],"rotation":0,"texture":"#0","tintindex":0},"west":{"uv":[8.875,6.375,9.375,6.625],"rotation":0,"texture":"#0","tintindex":0},"up":{"uv":[6.5625,9.625,6.375,9.125],"rotation":0,"texture":"#0","tintindex":0},"down":{"uv":[4.25,9.25,4.0625,9.75],"rotation":0,"texture":"#0","tintindex":0}}},{"from":[7.5149,9.271069,5.110035],"to":[8.3773,10.564669,6.188035],"rotation":{"angle":-22.5,"axis":"x","origin":[7.9461,9.917869,5.6490345]},"faces":{"east":{"uv":[8.9375,3.6875,9.25,4.0625],"rotation":0,"texture":"#0","tintindex":0},"south":{"uv":[6.6875,9.25,6.9375,9.625],"rotation":0,"texture":"#0","tintindex":0},"north":{"uv":[9.25,3.6875,9.5,4.0625],"rotation":0,"texture":"#0","tintindex":0},"west":{"uv":[8.9375,8.8125,9.25,9.1875],"rotation":0,"texture":"#0","tintindex":0},"up":{"uv":[9.625,3.6875,9.375,3.375],"rotation":0,"texture":"#0","tintindex":0},"down":{"uv":[3.9375,9.375,3.6875,9.6875],"rotation":0,"texture":"#0","tintindex":0}}},{"from":[7.461,9.301002,5.961052],"to":[8.539,10.594602,6.823452],"rotation":{"angle":0.0,"axis":"y","origin":[8.0,9.947802,6.392252]},"faces":{"east":{"uv":[6.9375,9.25,7.1875,9.625],"rotation":0,"texture":"#0","tintindex":0},"south":{"uv":[9.0,2.8125,9.3125,3.1875],"rotation":0,"texture":"#0","tintindex":0},"north":{"uv":[9.0,2.4375,9.3125,2.8125],"rotation":0,"texture":"#0","tintindex":0},"west":{"uv":[7.1875,9.25,7.4375,9.625],"rotation":0,"texture":"#0","tintindex":0},"up":{"uv":[9.6875,4.6875,9.375,4.4375],"rotation":0,"texture":"#0","tintindex":0},"down":{"uv":[4.9375,9.375,4.625,9.625],"rotation":0,"texture":"#0","tintindex":0}}},{"from":[7.5149,8.926161,6.434611],"to":[8.3773,10.219761,7.512611],"rotation":{"angle":45.0,"axis":"x","origin":[8.0,9.982601,7.189211]},"faces":{"east":{"uv":[9.0,4.0625,9.3125,4.4375],"rotation":0,"texture":"#0","tintindex":0},"south":{"uv":[9.25,9.0625,9.5,9.4375],"rotation":0,"texture":"#0","tintindex":0},"north":{"uv":[9.25,8.6875,9.5,9.0625],"rotation":0,"texture":"#0","tintindex":0},"west":{"uv":[5.6875,9.0,6.0,9.375],"rotation":0,"texture":"#0","tintindex":0},"up":{"uv":[9.625,5.25,9.375,4.9375],"rotation":0,"texture":"#0","tintindex":0},"down":{"uv":[5.9375,9.375,5.6875,9.6875],"rotation":0,"texture":"#0","tintindex":0}}},{"from":[7.7844,7.5451813,5.613967],"to":[8.2156,9.054381,6.853667],"rotation":{"angle":0.0,"axis":"y","origin":[8.0,8.515382,5.9104166]},"faces":{"east":{"uv":[8.625,7.0,9.0,7.4375],"rotation":0,"texture":"#0","tintindex":0},"south":{"uv":[7.6875,7.125,7.8125,7.5625],"rotation":0,"texture":"#0","tintindex":0},"north":{"uv":[4.8125,5.875,4.9375,6.3125],"rotation":0,"texture":"#0","tintindex":0},"west":{"uv":[8.625,7.4375,9.0,7.875],"rotation":0,"texture":"#0","tintindex":0},"up":{"uv":[4.0625,9.75,3.9375,9.375],"rotation":0,"texture":"#0","tintindex":0},"down":{"uv":[2.5,9.5,2.375,9.875],"rotation":0,"texture":"#0","tintindex":0}}},{"from":[7.2454,8.077627,5.4582257],"to":[8.7546,9.802427,6.9674253],"rotation":{"angle":22.5,"axis":"x","origin":[8.0,8.852008,6.829516]},"faces":{"east":{"uv":[8.375,1.3125,8.8125,1.8125],"rotation":0,"texture":"#0","tintindex":0},"south":{"uv":[8.375,3.3125,8.8125,3.8125],"rotation":0,"texture":"#0","tintindex":0},"north":{"uv":[8.375,0.8125,8.8125,1.3125],"rotation":0,"texture":"#0","tintindex":0},"west":{"uv":[8.375,5.25,8.8125,5.75],"rotation":0,"texture":"#0","tintindex":0},"up":{"uv":[0.4375,8.9375,0.0,8.5],"rotation":0,"texture":"#0","tintindex":0},"down":{"uv":[8.9375,0.0,8.5,0.4375],"rotation":0,"texture":"#0","tintindex":0}}}],"display":{"head":{"translation":[0.0,-6.4,0.0],"scale":[4.0,4.0,4.0]}}}