{"textures":{"0":"modelengine:entity/dilophosaurus"},"elements":[{"from":[7.0417776,7.2701445,6.384426],"to":[8.982178,9.210545,8.109226],"rotation":{"angle":22.5,"axis":"x","origin":[8.011978,8.143113,7.955037]},"faces":{"east":{"uv":[2.1875,7.625,2.6875,8.1875],"rotation":0,"texture":"#0","tintindex":0},"south":{"uv":[3.25,7.4375,3.8125,8.0],"rotation":0,"texture":"#0","tintindex":0},"north":{"uv":[7.4375,0.4375,8.0,1.0],"rotation":0,"texture":"#0","tintindex":0},"west":{"uv":[7.75,6.0625,8.25,6.625],"rotation":0,"texture":"#0","tintindex":0},"up":{"uv":[8.375,1.8125,7.8125,1.3125],"rotation":0,"texture":"#0","tintindex":0},"down":{"uv":[8.375,7.125,7.8125,7.625],"rotation":0,"texture":"#0","tintindex":0}}},{"from":[7.4729776,7.155938,6.4337015],"to":[8.550978,8.018338,8.158502],"rotation":{"angle":22.5,"axis":"x","origin":[8.011978,7.716498,6.9727015]},"faces":{"east":{"uv":[8.8125,5.5,9.3125,5.75],"rotation":0,"texture":"#0","tintindex":0},"south":{"uv":[9.375,3.125,9.6875,3.375],"rotation":0,"texture":"#0","tintindex":0},"north":{"uv":[1.6875,9.375,2.0,9.625],"rotation":0,"texture":"#0","tintindex":0},"west":{"uv":[6.0625,8.875,6.5625,9.125],"rotation":0,"texture":"#0","tintindex":0},"up":{"uv":[8.125,9.125,7.8125,8.625],"rotation":0,"texture":"#0","tintindex":0},"down":{"uv":[2.5,8.6875,2.1875,9.1875],"rotation":0,"texture":"#0","tintindex":0}}}],"display":{"head":{"translation":[0.0,-6.4,0.0],"scale":[4.0,4.0,4.0]}}}