{"textures":{"0":"modelengine:entity/dilophosaurus"},"elements":[{"from":[7.787833,6.905819,7.2885113],"to":[8.650233,8.630619,8.582111],"rotation":{"angle":-45.0,"axis":"x","origin":[8.413074,7.9838195,7.8275113]},"faces":{"east":{"uv":[0.8125,8.5625,0.4375,9.0625],"rotation":0,"texture":"#0","tintindex":0},"south":{"uv":[0.25,8.9375,0.0,9.4375],"rotation":0,"texture":"#0","tintindex":0},"north":{"uv":[7.6875,8.875,7.4375,9.375],"rotation":0,"texture":"#0","tintindex":0},"west":{"uv":[8.875,6.125,8.5,6.625],"rotation":0,"texture":"#0","tintindex":0},"up":{"uv":[9.3125,0.875,9.5625,0.5],"rotation":0,"texture":"#0","tintindex":0},"down":{"uv":[0.75,9.3125,1.0,9.6875],"rotation":0,"texture":"#0","tintindex":0}}},{"from":[7.8151727,4.008939,9.057241],"to":[8.246372,5.086939,9.488441],"rotation":{"angle":-22.5,"axis":"z","origin":[8.030772,4.5479383,9.2728405]},"faces":{"east":{"uv":[4.625,9.9375,4.9375,9.8125],"rotation":90,"texture":"#0","tintindex":0},"south":{"uv":[2.5,10.125,2.625,9.8125],"rotation":0,"texture":"#0","tintindex":0},"north":{"uv":[6.375,9.8125,6.5,10.125],"rotation":180,"texture":"#0","tintindex":0},"west":{"uv":[1.5625,9.9375,1.875,9.8125],"rotation":270,"texture":"#0","tintindex":0},"up":{"uv":[6.6875,9.5,6.5625,9.625],"rotation":180,"texture":"#0","tintindex":0},"down":{"uv":[10.0625,3.5625,9.9375,3.6875],"rotation":0,"texture":"#0","tintindex":0}}},{"from":[7.766652,3.4700232,9.049624],"to":[7.766652,4.332423,9.480824],"rotation":{"angle":-22.5,"axis":"z","origin":[7.766652,3.9012232,9.265224]},"faces":{"east":{"uv":[9.875,3.4375,10.125,3.3125],"rotation":90,"texture":"#0","tintindex":0},"south":{"uv":[0.0,0.25,0.0,0.0],"rotation":0,"texture":"#0","tintindex":0},"north":{"uv":[0.0,0.0,0.0,0.25],"rotation":180,"texture":"#0","tintindex":0},"west":{"uv":[9.875,3.3125,10.125,3.1875],"rotation":270,"texture":"#0","tintindex":0},"up":{"uv":[0.0,0.0,0.0,0.125],"rotation":180,"texture":"#0","tintindex":0},"down":{"uv":[0.0,0.0,0.0,0.125],"rotation":0,"texture":"#0","tintindex":0}}},{"from":[7.963665,4.2533617,9.490531],"to":[8.136145,5.029521,9.878611],"rotation":{"angle":-22.5,"axis":"z","origin":[8.049905,4.6414413,9.684571]},"faces":{"east":{"uv":[9.0,8.8125,9.25,8.6875],"rotation":90,"texture":"#0","tintindex":0},"south":{"uv":[5.8125,5.5625,5.875,5.3125],"rotation":0,"texture":"#0","tintindex":0},"north":{"uv":[5.8125,6.375,5.875,6.625],"rotation":180,"texture":"#0","tintindex":0},"west":{"uv":[0.5,8.0625,0.75,7.9375],"rotation":270,"texture":"#0","tintindex":0},"up":{"uv":[1.9375,6.9375,1.875,7.0625],"rotation":180,"texture":"#0","tintindex":0},"down":{"uv":[1.9375,7.0625,1.875,7.1875],"rotation":0,"texture":"#0","tintindex":0}}},{"from":[7.679994,3.8509903,9.509028],"to":[7.679994,4.6271505,9.897108],"rotation":{"angle":-45.0,"axis":"z","origin":[7.679994,4.2390704,9.703069]},"faces":{"east":{"uv":[9.875,3.1875,10.125,3.0625],"rotation":90,"texture":"#0","tintindex":0},"south":{"uv":[0.0,0.25,0.0,0.0],"rotation":0,"texture":"#0","tintindex":0},"north":{"uv":[0.0,0.0,0.0,0.25],"rotation":180,"texture":"#0","tintindex":0},"west":{"uv":[9.875,2.875,10.125,2.75],"rotation":270,"texture":"#0","tintindex":0},"up":{"uv":[0.0,0.0,0.0,0.125],"rotation":180,"texture":"#0","tintindex":0},"down":{"uv":[0.0,0.0,0.0,0.125],"rotation":0,"texture":"#0","tintindex":0}}},{"from":[7.812933,3.8917704,8.8074],"to":[7.812933,4.543745,9.133388],"rotation":{"angle":-22.5,"axis":"z","origin":[7.812933,4.217757,8.970394]},"faces":{"east":{"uv":[2.0,9.5,2.1875,9.375],"rotation":90,"texture":"#0","tintindex":0},"south":{"uv":[0.0,0.1875,0.0,0.0],"rotation":0,"texture":"#0","tintindex":0},"north":{"uv":[0.0,0.0,0.0,0.1875],"rotation":180,"texture":"#0","tintindex":0},"west":{"uv":[2.5,8.8125,2.6875,8.6875],"rotation":270,"texture":"#0","tintindex":0},"up":{"uv":[0.0,0.0,0.0,0.125],"rotation":180,"texture":"#0","tintindex":0},"down":{"uv":[0.0,0.0,0.0,0.125],"rotation":0,"texture":"#0","tintindex":0}}},{"from":[7.9047,4.3755693,8.798354],"to":[8.230687,5.027544,9.124341],"rotation":{"angle":-22.5,"axis":"z","origin":[8.067694,4.7015567,8.961348]},"faces":{"east":{"uv":[0.8125,11.62575,1.064,11.5],"rotation":90,"texture":"#0","tintindex":0},"south":{"uv":[9.9375,0.875,10.0625,0.6875],"rotation":0,"texture":"#0","tintindex":0},"north":{"uv":[1.00075,11.25,0.875,11.5015],"rotation":180,"texture":"#0","tintindex":0},"west":{"uv":[6.5,5.3125,6.6875,5.1875],"rotation":270,"texture":"#0","tintindex":0},"up":{"uv":[8.375,7.0,8.25,7.125],"rotation":180,"texture":"#0","tintindex":0},"down":{"uv":[8.9375,3.6875,8.8125,3.8125],"rotation":0,"texture":"#0","tintindex":0}}},{"from":[7.959944,4.9295015,8.789686],"to":[8.391144,6.007502,9.867685],"rotation":{"angle":0.0,"axis":"y","origin":[8.154983,4.557064,9.9822445]},"faces":{"east":{"uv":[7.8125,9.4375,8.125,9.125],"rotation":90,"texture":"#0","tintindex":0},"south":{"uv":[7.5625,10.0,7.6875,9.6875],"rotation":0,"texture":"#0","tintindex":0},"north":{"uv":[8.1875,9.75,8.3125,10.0625],"rotation":180,"texture":"#0","tintindex":0},"west":{"uv":[9.0625,5.25,9.375,4.9375],"rotation":270,"texture":"#0","tintindex":0},"up":{"uv":[7.3125,5.6875,7.1875,6.0],"rotation":180,"texture":"#0","tintindex":0},"down":{"uv":[6.375,9.6875,6.25,10.0],"rotation":0,"texture":"#0","tintindex":0}}},{"from":[7.874073,5.591447,8.259561],"to":[8.520873,7.531847,9.121961],"rotation":{"angle":-22.5,"axis":"x","origin":[8.197474,7.49754,8.618266]},"faces":{"east":{"uv":[8.8125,3.4375,9.375,3.1875],"rotation":90,"texture":"#0","tintindex":0},"south":{"uv":[8.3125,9.625,8.5,9.0625],"rotation":0,"texture":"#0","tintindex":0},"north":{"uv":[9.125,1.4375,9.3125,2.0],"rotation":180,"texture":"#0","tintindex":0},"west":{"uv":[6.875,0.6875,7.4375,0.4375],"rotation":270,"texture":"#0","tintindex":0},"up":{"uv":[9.8125,7.75,9.625,8.0],"rotation":180,"texture":"#0","tintindex":0},"down":{"uv":[9.8125,8.0,9.625,8.25],"rotation":0,"texture":"#0","tintindex":0}}}],"display":{"head":{"translation":[0.0,-6.4,0.0],"scale":[4.0,4.0,4.0]}}}