{"textures":{"0":"modelengine:entity/dilophosaurus"},"elements":[{"from":[7.6766,4.0229487,6.844046],"to":[8.539,7.903749,8.137647],"rotation":{"angle":-45.0,"axis":"x","origin":[8.1078,6.9967284,7.1321406]},"faces":{"east":{"uv":[1.125,6.9375,0.75,8.0625],"rotation":0,"texture":"#0","tintindex":0},"south":{"uv":[1.3125,8.0625,1.0625,9.1875],"rotation":0,"texture":"#0","tintindex":0},"north":{"uv":[4.6875,7.9375,4.4375,9.0625],"rotation":0,"texture":"#0","tintindex":0},"west":{"uv":[4.8125,6.8125,4.4375,7.9375],"rotation":0,"texture":"#0","tintindex":0},"up":{"uv":[9.3125,2.0,9.5625,1.625],"rotation":0,"texture":"#0","tintindex":0},"down":{"uv":[9.3125,4.0625,9.5625,4.4375],"rotation":0,"texture":"#0","tintindex":0}}},{"from":[7.8922,5.347943,7.9030685],"to":[8.3234,8.366343,9.336897],"rotation":{"angle":-22.5,"axis":"x","origin":[8.0,6.857143,9.142858]},"faces":{"east":{"uv":[7.1875,8.375,6.9375,9.25],"rotation":0,"texture":"#0","tintindex":0},"south":{"uv":[0.75,9.0625,0.625,9.9375],"rotation":0,"texture":"#0","tintindex":0},"north":{"uv":[0.625,9.0625,0.5,9.9375],"rotation":0,"texture":"#0","tintindex":0},"west":{"uv":[6.9375,8.375,6.6875,9.25],"rotation":0,"texture":"#0","tintindex":0},"up":{"uv":[2.9375,10.125,3.0625,9.875],"rotation":0,"texture":"#0","tintindex":0},"down":{"uv":[9.875,5.125,10.0,5.375],"rotation":0,"texture":"#0","tintindex":0}}}],"display":{"head":{"translation":[0.0,-6.4,0.0],"scale":[4.0,4.0,4.0]}}}