{"textures":{"0":"modelengine:entity/dilophosaurus"},"elements":[{"from":[7.401249,5.3648424,5.5252132],"to":[8.694849,9.676843,8.328013],"rotation":{"angle":45.0,"axis":"x","origin":[8.048049,6.9818425,6.9266133]},"faces":{"east":{"uv":[4.9375,3.375,4.125,4.625],"rotation":0,"texture":"#0","tintindex":0},"south":{"uv":[0.75,6.6875,0.375,7.9375],"rotation":0,"texture":"#0","tintindex":0},"north":{"uv":[0.375,6.6875,0.0,7.9375],"rotation":0,"texture":"#0","tintindex":0},"west":{"uv":[4.9375,2.125,4.125,3.375],"rotation":0,"texture":"#0","tintindex":0},"up":{"uv":[7.5625,4.9375,7.9375,4.125],"rotation":0,"texture":"#0","tintindex":0},"down":{"uv":[6.6875,7.5625,7.0625,8.375],"rotation":0,"texture":"#0","tintindex":0}}}],"display":{"head":{"translation":[0.0,-6.4,0.0],"scale":[4.0,4.0,4.0]}}}