{"textures":{"0":"modelengine:entity/dilophosaurus"},"elements":[{"from":[7.43944,7.208647,8.110914],"to":[8.51744,9.149047,11.344914],"rotation":{"angle":0.0,"axis":"y","origin":[7.97844,8.103387,8.2726145]},"faces":{"east":{"uv":[8.9375,10.4375,9.875,11.0],"rotation":0,"texture":"#0","tintindex":0},"south":{"uv":[8.1875,10.375,8.5,10.9375],"rotation":0,"texture":"#0","tintindex":0},"north":{"uv":[10.125,10.375,10.4375,10.9375],"rotation":0,"texture":"#0","tintindex":0},"west":{"uv":[6.875,10.5,7.8125,11.0625],"rotation":0,"texture":"#0","tintindex":0},"up":{"uv":[4.4375,8.5,4.125,7.5625],"rotation":0,"texture":"#0","tintindex":0},"down":{"uv":[2.1875,7.625,1.875,8.5625],"rotation":0,"texture":"#0","tintindex":0}}},{"from":[7.76284,6.9180927,7.8732133],"to":[8.19404,7.564893,11.322813],"rotation":{"angle":0.0,"axis":"y","origin":[7.97844,7.3924127,9.7704935]},"faces":{"east":{"uv":[8.375,7.875,9.375,8.0625],"rotation":0,"texture":"#0","tintindex":0},"south":{"uv":[1.375,9.9375,1.5,10.125],"rotation":0,"texture":"#0","tintindex":0},"north":{"uv":[9.9375,1.1875,10.0625,1.375],"rotation":0,"texture":"#0","tintindex":0},"west":{"uv":[8.4375,4.75,9.4375,4.9375],"rotation":0,"texture":"#0","tintindex":0},"up":{"uv":[6.6875,9.5,6.5625,8.5],"rotation":0,"texture":"#0","tintindex":0},"down":{"uv":[7.8125,8.875,7.6875,9.875],"rotation":0,"texture":"#0","tintindex":0}}},{"from":[7.70894,7.4673667,14.417215],"to":[8.35574,8.976567,17.651215],"rotation":{"angle":0.0,"axis":"y","origin":[7.92454,8.200407,14.525015]},"faces":{"east":{"uv":[4.4375,11.5,5.375,11.9375],"rotation":0,"texture":"#0","tintindex":0},"south":{"uv":[5.625,11.4375,5.8125,11.875],"rotation":0,"texture":"#0","tintindex":0},"north":{"uv":[6.0,11.375,6.1875,11.8125],"rotation":0,"texture":"#0","tintindex":0},"west":{"uv":[6.375,11.375,7.3125,11.8125],"rotation":0,"texture":"#0","tintindex":0},"up":{"uv":[5.5,9.5625,5.3125,8.625],"rotation":0,"texture":"#0","tintindex":0},"down":{"uv":[5.6875,8.625,5.5,9.5625],"rotation":0,"texture":"#0","tintindex":0}}},{"from":[7.81674,7.639847,17.651215],"to":[8.24794,8.717847,20.885216],"rotation":{"angle":0.0,"axis":"y","origin":[7.92454,8.157287,17.759014]},"faces":{"east":{"uv":[1.8125,12.375,2.75,12.6875],"rotation":0,"texture":"#0","tintindex":0},"south":{"uv":[0.6875,11.9375,0.8125,12.25],"rotation":0,"texture":"#0","tintindex":0},"north":{"uv":[1.9375,11.0625,2.0625,11.375],"rotation":0,"texture":"#0","tintindex":0},"west":{"uv":[0.75,12.375,1.6875,12.6875],"rotation":0,"texture":"#0","tintindex":0},"up":{"uv":[0.375,9.875,0.25,8.9375],"rotation":0,"texture":"#0","tintindex":0},"down":{"uv":[0.5,9.0625,0.375,10.0],"rotation":0,"texture":"#0","tintindex":0}}},{"from":[7.54724,7.316447,11.183214],"to":[8.40964,9.041246,14.417215],"rotation":{"angle":0.0,"axis":"y","origin":[8.03234,8.071047,11.291015]},"faces":{"east":{"uv":[2.4375,11.5625,3.375,12.0625],"rotation":0,"texture":"#0","tintindex":0},"south":{"uv":[3.9375,11.625,4.1875,12.125],"rotation":0,"texture":"#0","tintindex":0},"north":{"uv":[3.5625,11.5625,3.8125,12.0625],"rotation":0,"texture":"#0","tintindex":0},"west":{"uv":[1.25,11.625,2.1875,12.125],"rotation":0,"texture":"#0","tintindex":0},"up":{"uv":[8.5,7.0,8.25,6.0625],"rotation":0,"texture":"#0","tintindex":0},"down":{"uv":[8.5625,8.125,8.3125,9.0625],"rotation":0,"texture":"#0","tintindex":0}}}],"display":{"head":{"translation":[0.0,-6.4,0.0],"scale":[4.0,4.0,4.0]}}}