{"textures":{"0":"modelengine:entity/dilophosaurus"},"elements":[{"from":[6.8054,6.4168873,8.386471],"to":[8.7458,8.788487,11.620471],"rotation":{"angle":0.0,"axis":"y","origin":[7.7756,7.7104874,8.494271]},"faces":{"east":{"uv":[2.25,10.5625,3.1875,11.25],"rotation":0,"texture":"#0","tintindex":0},"south":{"uv":[1.25,10.4375,1.8125,11.125],"rotation":0,"texture":"#0","tintindex":0},"north":{"uv":[0.0,11.375,0.5625,12.0625],"rotation":0,"texture":"#0","tintindex":0},"west":{"uv":[0.0,10.25,0.9375,10.9375],"rotation":0,"texture":"#0","tintindex":0},"up":{"uv":[1.375,6.9375,0.8125,6.0],"rotation":0,"texture":"#0","tintindex":0},"down":{"uv":[1.9375,6.0,1.375,6.9375],"rotation":0,"texture":"#0","tintindex":0}}},{"from":[7.2366,5.565773,8.05175],"to":[8.3146,6.859373,11.50135],"rotation":{"angle":-22.5,"axis":"x","origin":[7.7756,6.385053,9.51783]},"faces":{"east":{"uv":[6.6875,7.1875,7.6875,7.5625],"rotation":0,"texture":"#0","tintindex":0},"south":{"uv":[9.0,7.375,9.3125,7.75],"rotation":0,"texture":"#0","tintindex":0},"north":{"uv":[9.0,7.0,9.3125,7.375],"rotation":0,"texture":"#0","tintindex":0},"west":{"uv":[7.3125,5.6875,8.3125,6.0625],"rotation":0,"texture":"#0","tintindex":0},"up":{"uv":[7.875,4.125,7.5625,3.125],"rotation":0,"texture":"#0","tintindex":0},"down":{"uv":[4.125,7.5625,3.8125,8.5625],"rotation":0,"texture":"#0","tintindex":0}}},{"from":[7.4522,6.4066133,11.73851],"to":[8.099,7.0534134,14.972509],"rotation":{"angle":0.0,"axis":"y","origin":[7.7756,7.139653,13.35551]},"faces":{"east":{"uv":[8.5,6.625,9.4375,6.8125],"rotation":0,"texture":"#0","tintindex":0},"south":{"uv":[2.75,9.875,2.9375,10.0625],"rotation":0,"texture":"#0","tintindex":0},"north":{"uv":[9.875,2.5625,10.0625,2.75],"rotation":0,"texture":"#0","tintindex":0},"west":{"uv":[8.5,6.8125,9.4375,7.0],"rotation":0,"texture":"#0","tintindex":0},"up":{"uv":[5.125,9.5625,4.9375,8.625],"rotation":0,"texture":"#0","tintindex":0},"down":{"uv":[5.3125,8.625,5.125,9.5625],"rotation":0,"texture":"#0","tintindex":0}}},{"from":[7.021,6.589367,11.620471],"to":[8.5302,8.745367,14.854471],"rotation":{"angle":0.0,"axis":"y","origin":[7.7756,7.6026874,11.7282715]},"faces":{"east":{"uv":[5.5625,10.5625,6.5,11.1875],"rotation":0,"texture":"#0","tintindex":0},"south":{"uv":[3.625,10.5625,4.0625,11.1875],"rotation":0,"texture":"#0","tintindex":0},"north":{"uv":[0.125,12.4375,0.5625,13.0625],"rotation":0,"texture":"#0","tintindex":0},"west":{"uv":[4.375,10.625,5.3125,11.25],"rotation":0,"texture":"#0","tintindex":0},"up":{"uv":[5.25,8.125,4.8125,7.1875],"rotation":0,"texture":"#0","tintindex":0},"down":{"uv":[5.6875,7.1875,5.25,8.125],"rotation":0,"texture":"#0","tintindex":0}}}],"display":{"head":{"translation":[0.0,-6.4,0.0],"scale":[4.0,4.0,4.0]}}}