{"textures":{"0":"modelengine:entity/crate_easter"},"elements":[{"from":[7.285714,5.285714,7.214286],"to":[8.714286,8.714286,8.642858],"rotation":{"angle":0.0,"axis":"y","origin":[-10.714287,5.285714,9.928572]},"faces":{"east":{"uv":[9.1875,1.375,8.875,2.125],"rotation":0,"texture":"#0","tintindex":0},"south":{"uv":[8.0625,8.75,7.75,9.5],"rotation":0,"texture":"#0","tintindex":0},"north":{"uv":[3.1875,8.75,2.875,9.5],"rotation":0,"texture":"#0","tintindex":0},"west":{"uv":[8.875,1.375,9.1875,2.125],"rotation":0,"texture":"#0","tintindex":0},"up":{"uv":[0.0,9.4375,0.3125,9.125],"rotation":0,"texture":"#0","tintindex":0},"down":{"uv":[0.375,9.125,0.6875,9.4375],"rotation":0,"texture":"#0","tintindex":0}}},{"from":[7.285714,5.285714,6.642857],"to":[8.714286,5.8571424,7.214286],"rotation":{"angle":0.0,"axis":"y","origin":[-10.714287,5.285714,9.928572]},"faces":{"east":{"uv":[1.0,7.25,0.875,7.375],"rotation":0,"texture":"#0","tintindex":0},"south":{"uv":[8.1875,5.125,7.875,5.25],"rotation":0,"texture":"#0","tintindex":0},"north":{"uv":[6.6875,7.0,6.375,7.125],"rotation":0,"texture":"#0","tintindex":0},"west":{"uv":[1.0,7.25,0.875,7.375],"rotation":0,"texture":"#0","tintindex":0},"up":{"uv":[6.125,8.125,6.4375,8.0],"rotation":0,"texture":"#0","tintindex":0},"down":{"uv":[6.5,8.0,6.8125,8.125],"rotation":0,"texture":"#0","tintindex":0}}}],"display":{"head":{"translation":[0.0,-6.4,0.0],"scale":[4.0,4.0,4.0]}}}