{"textures":{"0":"modelengine:entity/herboriste"},"elements":[{"from":[6.5714283,8.571428,6.714286],"to":[9.428572,10.285714,9.571428],"rotation":{"angle":0.0,"axis":"y","origin":[8.857143,4.5714283,10.0]},"faces":{"east":{"uv":[13.125,12.375,13.75,12.75],"rotation":0,"texture":"#0","tintindex":0},"south":{"uv":[15.0,12.375,15.625,12.75],"rotation":0,"texture":"#0","tintindex":0},"north":{"uv":[13.75,12.375,14.375,12.75],"rotation":0,"texture":"#0","tintindex":0},"west":{"uv":[14.375,12.375,15.0,12.75],"rotation":0,"texture":"#0","tintindex":0},"up":{"uv":[14.375,12.375,13.75,11.75],"rotation":0,"texture":"#0","tintindex":0},"down":{"uv":[15.0,11.75,14.375,12.375],"rotation":0,"texture":"#0","tintindex":0}}},{"from":[7.142857,5.142857,9.0],"to":[8.857143,8.571428,10.714286],"rotation":{"angle":-22.5,"axis":"x","origin":[8.857143,4.0,10.714286]},"faces":{"east":{"uv":[0.0,11.75,0.375,12.5],"rotation":0,"texture":"#0","tintindex":0},"south":{"uv":[1.125,11.75,1.5,12.5],"rotation":0,"texture":"#0","tintindex":0},"north":{"uv":[0.375,11.75,0.75,12.5],"rotation":0,"texture":"#0","tintindex":0},"west":{"uv":[0.75,11.75,1.125,12.5],"rotation":0,"texture":"#0","tintindex":0},"up":{"uv":[0.75,11.75,0.375,11.375],"rotation":0,"texture":"#0","tintindex":0},"down":{"uv":[1.125,11.375,0.75,11.75],"rotation":0,"texture":"#0","tintindex":0}}},{"from":[6.5714283,7.428571,6.714286],"to":[9.428572,8.571428,9.571428],"rotation":{"angle":0.0,"axis":"y","origin":[8.857143,4.5714283,10.0]},"faces":{"east":{"uv":[10.5,6.5,11.125,6.75],"rotation":0,"texture":"#0","tintindex":0},"south":{"uv":[12.375,6.5,13.0,6.75],"rotation":0,"texture":"#0","tintindex":0},"north":{"uv":[11.125,6.5,11.75,6.75],"rotation":0,"texture":"#0","tintindex":0},"west":{"uv":[11.75,6.5,12.375,6.75],"rotation":0,"texture":"#0","tintindex":0},"up":{"uv":[11.75,6.5,11.125,5.875],"rotation":0,"texture":"#0","tintindex":0},"down":{"uv":[12.375,5.875,11.75,6.5],"rotation":0,"texture":"#0","tintindex":0}}},{"from":[6.5714283,4.0,6.0],"to":[9.428572,5.142857,10.571428],"rotation":{"angle":0.0,"axis":"y","origin":[8.857143,4.0,10.0]},"faces":{"east":{"uv":[9.25,8.375,10.25,8.625],"rotation":0,"texture":"#0","tintindex":0},"south":{"uv":[11.875,8.375,12.5,8.625],"rotation":0,"texture":"#0","tintindex":0},"north":{"uv":[10.25,8.375,10.875,8.625],"rotation":0,"texture":"#0","tintindex":0},"west":{"uv":[10.875,8.375,11.875,8.625],"rotation":0,"texture":"#0","tintindex":0},"up":{"uv":[10.875,8.375,10.25,7.375],"rotation":0,"texture":"#0","tintindex":0},"down":{"uv":[11.5,7.375,10.875,8.375],"rotation":0,"texture":"#0","tintindex":0}}}],"display":{"head":{"translation":[0.0,-6.4,0.0],"scale":[4.0,4.0,4.0]}}}