{"textures":{"0":"modelengine:entity/herboriste"},"elements":[{"from":[6.285714,2.2116685,4.666003],"to":[9.714286,7.925955,6.380289],"rotation":{"angle":22.5,"axis":"x","origin":[8.0,8.0,8.0]},"faces":{"east":{"uv":[10.25,9.0,10.625,10.25],"rotation":0,"texture":"#0","tintindex":0},"south":{"uv":[11.75,9.0,12.5,10.25],"rotation":0,"texture":"#0","tintindex":0},"north":{"uv":[10.625,9.0,11.375,10.25],"rotation":0,"texture":"#0","tintindex":0},"west":{"uv":[11.375,9.0,11.75,10.25],"rotation":0,"texture":"#0","tintindex":0},"up":{"uv":[11.375,9.0,10.625,8.625],"rotation":0,"texture":"#0","tintindex":0},"down":{"uv":[12.125,8.625,11.375,9.0],"rotation":0,"texture":"#0","tintindex":0}}},{"from":[5.281869,4.1743097,4.4789658],"to":[8.139011,7.6028814,5.6218233],"rotation":{"angle":-22.5,"axis":"z","origin":[8.0,8.0,8.0]},"faces":{"east":{"uv":[11.25,4.75,11.5,5.5],"rotation":0,"texture":"#0","tintindex":0},"south":{"uv":[12.375,4.75,13.0,5.5],"rotation":0,"texture":"#0","tintindex":0},"north":{"uv":[11.5,4.75,12.125,5.5],"rotation":0,"texture":"#0","tintindex":0},"west":{"uv":[12.125,4.75,12.375,5.5],"rotation":0,"texture":"#0","tintindex":0},"up":{"uv":[12.125,4.75,11.5,4.5],"rotation":0,"texture":"#0","tintindex":0},"down":{"uv":[12.75,4.5,12.125,4.75],"rotation":0,"texture":"#0","tintindex":0}}},{"from":[7.860988,4.1743097,4.4789658],"to":[10.718131,7.6028814,5.6218233],"rotation":{"angle":22.5,"axis":"z","origin":[8.0,8.0,8.0]},"faces":{"east":{"uv":[10.125,11.375,10.375,12.125],"rotation":0,"texture":"#0","tintindex":0},"south":{"uv":[11.25,11.375,11.875,12.125],"rotation":0,"texture":"#0","tintindex":0},"north":{"uv":[10.375,11.375,11.0,12.125],"rotation":0,"texture":"#0","tintindex":0},"west":{"uv":[11.0,11.375,11.25,12.125],"rotation":0,"texture":"#0","tintindex":0},"up":{"uv":[11.0,11.375,10.375,11.125],"rotation":0,"texture":"#0","tintindex":0},"down":{"uv":[11.625,11.125,11.0,11.375],"rotation":0,"texture":"#0","tintindex":0}}}],"display":{"head":{"translation":[0.0,-6.4,0.0],"scale":[4.0,4.0,4.0]}}}