{"textures":{"0":"modelengine:entity/herboriste"},"elements":[{"from":[6.857143,3.4285712,5.714286],"to":[9.142858,7.428571,10.285714],"rotation":{"angle":0.0,"axis":"y","origin":[8.0,7.428571,8.571428]},"faces":{"east":{"uv":[10.375,13.25,11.375,14.125],"rotation":0,"texture":"#0","tintindex":0},"south":{"uv":[12.875,13.25,13.375,14.125],"rotation":0,"texture":"#0","tintindex":0},"north":{"uv":[11.375,13.25,11.875,14.125],"rotation":0,"texture":"#0","tintindex":0},"west":{"uv":[11.875,13.25,12.875,14.125],"rotation":0,"texture":"#0","tintindex":0},"up":{"uv":[11.875,13.25,11.375,12.25],"rotation":0,"texture":"#0","tintindex":0},"down":{"uv":[12.375,12.25,11.875,13.25],"rotation":0,"texture":"#0","tintindex":0}}},{"from":[7.428571,4.5714283,5.142857],"to":[8.571428,5.714286,7.428571],"rotation":{"angle":45.0,"axis":"x","origin":[8.0,7.428571,8.571428]},"faces":{"east":{"uv":[6.0,15.625,6.5,15.875],"rotation":0,"texture":"#0","tintindex":0},"south":{"uv":[7.25,15.625,7.5,15.875],"rotation":0,"texture":"#0","tintindex":0},"north":{"uv":[6.5,15.625,6.75,15.875],"rotation":0,"texture":"#0","tintindex":0},"west":{"uv":[6.75,15.625,7.25,15.875],"rotation":0,"texture":"#0","tintindex":0},"up":{"uv":[6.75,15.625,6.5,15.125],"rotation":0,"texture":"#0","tintindex":0},"down":{"uv":[7.0,15.125,6.75,15.625],"rotation":0,"texture":"#0","tintindex":0}}},{"from":[6.857143,4.0,4.5714283],"to":[9.142858,6.285714,5.142857],"rotation":{"angle":45.0,"axis":"x","origin":[8.0,7.428571,8.571428]},"faces":{"east":{"uv":[10.25,14.625,10.375,15.125],"rotation":0,"texture":"#0","tintindex":0},"south":{"uv":[11.0,14.625,11.5,15.125],"rotation":0,"texture":"#0","tintindex":0},"north":{"uv":[10.375,14.625,10.875,15.125],"rotation":0,"texture":"#0","tintindex":0},"west":{"uv":[10.875,14.625,11.0,15.125],"rotation":0,"texture":"#0","tintindex":0},"up":{"uv":[10.875,14.625,10.375,14.5],"rotation":0,"texture":"#0","tintindex":0},"down":{"uv":[11.375,14.5,10.875,14.625],"rotation":0,"texture":"#0","tintindex":0}}},{"from":[6.857143,7.428571,7.428571],"to":[9.142858,8.571428,8.571428],"rotation":{"angle":0.0,"axis":"y","origin":[8.0,7.428571,8.571428]},"faces":{"east":{"uv":[2.0,15.75,2.25,16.0],"rotation":0,"texture":"#0","tintindex":0},"south":{"uv":[3.0,15.75,3.5,16.0],"rotation":0,"texture":"#0","tintindex":0},"north":{"uv":[2.25,15.75,2.75,16.0],"rotation":0,"texture":"#0","tintindex":0},"west":{"uv":[2.75,15.75,3.0,16.0],"rotation":0,"texture":"#0","tintindex":0},"up":{"uv":[2.75,15.75,2.25,15.5],"rotation":0,"texture":"#0","tintindex":0},"down":{"uv":[3.25,15.5,2.75,15.75],"rotation":0,"texture":"#0","tintindex":0}}}],"display":{"head":{"translation":[0.0,-6.4,0.0],"scale":[4.0,4.0,4.0]}}}