{"textures":{"0":"modelengine:entity/herboriste"},"elements":[{"from":[6.428571,7.428571,6.428571],"to":[9.285714,8.571428,9.285714],"rotation":{"angle":0.0,"axis":"y","origin":[7.0,4.5714283,9.714286]},"faces":{"east":{"uv":[0.0,11.125,0.625,11.375],"rotation":0,"texture":"#0","tintindex":0},"south":{"uv":[1.875,11.125,2.5,11.375],"rotation":0,"texture":"#0","tintindex":0},"north":{"uv":[0.625,11.125,1.25,11.375],"rotation":0,"texture":"#0","tintindex":0},"west":{"uv":[1.25,11.125,1.875,11.375],"rotation":0,"texture":"#0","tintindex":0},"up":{"uv":[1.25,11.125,0.625,10.5],"rotation":0,"texture":"#0","tintindex":0},"down":{"uv":[1.875,10.5,1.25,11.125],"rotation":0,"texture":"#0","tintindex":0}}},{"from":[7.0,5.142857,8.714286],"to":[8.714286,8.571428,10.428572],"rotation":{"angle":-22.5,"axis":"x","origin":[7.0,4.0,10.428572]},"faces":{"east":{"uv":[3.875,11.375,4.25,12.125],"rotation":0,"texture":"#0","tintindex":0},"south":{"uv":[5.0,11.375,5.375,12.125],"rotation":0,"texture":"#0","tintindex":0},"north":{"uv":[4.25,11.375,4.625,12.125],"rotation":0,"texture":"#0","tintindex":0},"west":{"uv":[4.625,11.375,5.0,12.125],"rotation":0,"texture":"#0","tintindex":0},"up":{"uv":[4.625,11.375,4.25,11.0],"rotation":0,"texture":"#0","tintindex":0},"down":{"uv":[5.0,11.0,4.625,11.375],"rotation":0,"texture":"#0","tintindex":0}}},{"from":[6.428571,4.0,5.714286],"to":[9.285714,5.142857,10.285714],"rotation":{"angle":0.0,"axis":"y","origin":[7.0,4.0,9.714286]},"faces":{"east":{"uv":[8.25,6.875,9.25,7.125],"rotation":0,"texture":"#0","tintindex":0},"south":{"uv":[10.875,6.875,11.5,7.125],"rotation":0,"texture":"#0","tintindex":0},"north":{"uv":[9.25,6.875,9.875,7.125],"rotation":0,"texture":"#0","tintindex":0},"west":{"uv":[9.875,6.875,10.875,7.125],"rotation":0,"texture":"#0","tintindex":0},"up":{"uv":[9.875,6.875,9.25,5.875],"rotation":0,"texture":"#0","tintindex":0},"down":{"uv":[10.5,5.875,9.875,6.875],"rotation":0,"texture":"#0","tintindex":0}}},{"from":[6.428571,5.142857,5.714286],"to":[9.285714,6.285714,10.285714],"rotation":{"angle":0.0,"axis":"y","origin":[7.0,4.0,9.714286]},"faces":{"east":{"uv":[12.75,1.125,13.75,1.375],"rotation":0,"texture":"#0","tintindex":0},"south":{"uv":[15.375,1.125,16.0,1.375],"rotation":0,"texture":"#0","tintindex":0},"north":{"uv":[13.75,1.125,14.375,1.375],"rotation":0,"texture":"#0","tintindex":0},"west":{"uv":[14.375,1.125,15.375,1.375],"rotation":0,"texture":"#0","tintindex":0},"up":{"uv":[14.375,1.125,13.75,0.125],"rotation":0,"texture":"#0","tintindex":0},"down":{"uv":[15.0,0.125,14.375,1.125],"rotation":0,"texture":"#0","tintindex":0}}}],"display":{"head":{"translation":[0.0,-6.4,0.0],"scale":[4.0,4.0,4.0]}}}