{"textures":{"0":"modelengine:entity/herboriste"},"elements":[{"from":[6.2888002,3.5032668,6.857143],"to":[8.003086,8.646124,8.571428],"rotation":{"angle":0.0,"axis":"y","origin":[5.541501,9.455696,8.0]},"faces":{"east":{"uv":[6.875,11.25,7.25,12.375],"rotation":0,"texture":"#0","tintindex":0},"south":{"uv":[8.0,11.25,8.375,12.375],"rotation":0,"texture":"#0","tintindex":0},"north":{"uv":[7.25,11.25,7.625,12.375],"rotation":0,"texture":"#0","tintindex":0},"west":{"uv":[7.625,11.25,8.0,12.375],"rotation":0,"texture":"#0","tintindex":0},"up":{"uv":[7.625,11.25,7.25,10.875],"rotation":0,"texture":"#0","tintindex":0},"down":{"uv":[8.0,10.875,7.625,11.25],"rotation":0,"texture":"#0","tintindex":0}}},{"from":[5.717372,2.3604097,6.285714],"to":[8.574514,3.5032668,9.142858],"rotation":{"angle":0.0,"axis":"y","origin":[5.541501,9.455696,8.0]},"faces":{"east":{"uv":[9.625,10.875,10.25,11.125],"rotation":0,"texture":"#0","tintindex":0},"south":{"uv":[11.5,10.875,12.125,11.125],"rotation":0,"texture":"#0","tintindex":0},"north":{"uv":[10.25,10.875,10.875,11.125],"rotation":0,"texture":"#0","tintindex":0},"west":{"uv":[10.875,10.875,11.5,11.125],"rotation":0,"texture":"#0","tintindex":0},"up":{"uv":[10.875,10.875,10.25,10.25],"rotation":0,"texture":"#0","tintindex":0},"down":{"uv":[11.5,10.25,10.875,10.875],"rotation":0,"texture":"#0","tintindex":0}}},{"from":[6.2888002,0.78898096,6.714286],"to":[8.003086,2.5032668,8.428572],"rotation":{"angle":0.0,"axis":"y","origin":[5.541501,9.455696,8.0]},"faces":{"east":{"uv":[7.75,4.5,8.125,4.875],"rotation":0,"texture":"#0","tintindex":0},"south":{"uv":[8.875,4.5,9.25,4.875],"rotation":0,"texture":"#0","tintindex":0},"north":{"uv":[8.125,4.5,8.5,4.875],"rotation":0,"texture":"#0","tintindex":0},"west":{"uv":[8.5,4.5,8.875,4.875],"rotation":0,"texture":"#0","tintindex":0},"up":{"uv":[8.5,4.5,8.125,4.125],"rotation":0,"texture":"#0","tintindex":0},"down":{"uv":[8.875,4.125,8.5,4.5],"rotation":0,"texture":"#0","tintindex":0}}}],"display":{"head":{"translation":[0.0,-6.4,0.0],"scale":[4.0,4.0,4.0]}}}