{"textures":{"0":"modelengine:entity/herboriste"},"elements":[{"from":[7.250306,3.1940122,6.857143],"to":[8.964592,8.336869,8.571428],"rotation":{"angle":0.0,"axis":"y","origin":[9.711891,9.146441,8.0]},"faces":{"east":{"uv":[5.375,11.25,5.75,12.375],"rotation":0,"texture":"#0","tintindex":0},"south":{"uv":[6.5,11.25,6.875,12.375],"rotation":0,"texture":"#0","tintindex":0},"north":{"uv":[5.75,11.25,6.125,12.375],"rotation":0,"texture":"#0","tintindex":0},"west":{"uv":[6.125,11.25,6.5,12.375],"rotation":0,"texture":"#0","tintindex":0},"up":{"uv":[6.125,11.25,5.75,10.875],"rotation":0,"texture":"#0","tintindex":0},"down":{"uv":[6.5,10.875,6.125,11.25],"rotation":0,"texture":"#0","tintindex":0}}},{"from":[6.678878,2.0511546,6.285714],"to":[9.53602,3.1940122,9.142858],"rotation":{"angle":0.0,"axis":"y","origin":[9.711891,9.146441,8.0]},"faces":{"east":{"uv":[9.5,0.625,10.125,0.875],"rotation":0,"texture":"#0","tintindex":0},"south":{"uv":[11.375,0.625,12.0,0.875],"rotation":0,"texture":"#0","tintindex":0},"north":{"uv":[10.125,0.625,10.75,0.875],"rotation":0,"texture":"#0","tintindex":0},"west":{"uv":[10.75,0.625,11.375,0.875],"rotation":0,"texture":"#0","tintindex":0},"up":{"uv":[10.75,0.625,10.125,0.0],"rotation":0,"texture":"#0","tintindex":0},"down":{"uv":[11.375,0.0,10.75,0.625],"rotation":0,"texture":"#0","tintindex":0}}},{"from":[7.250306,0.4797263,6.714286],"to":[8.964592,2.1940122,8.428572],"rotation":{"angle":0.0,"axis":"y","origin":[9.711891,9.146441,8.0]},"faces":{"east":{"uv":[6.25,4.5,6.625,4.875],"rotation":0,"texture":"#0","tintindex":0},"south":{"uv":[7.375,4.5,7.75,4.875],"rotation":0,"texture":"#0","tintindex":0},"north":{"uv":[6.625,4.5,7.0,4.875],"rotation":0,"texture":"#0","tintindex":0},"west":{"uv":[7.0,4.5,7.375,4.875],"rotation":0,"texture":"#0","tintindex":0},"up":{"uv":[7.0,4.5,6.625,4.125],"rotation":0,"texture":"#0","tintindex":0},"down":{"uv":[7.375,4.125,7.0,4.5],"rotation":0,"texture":"#0","tintindex":0}}}],"display":{"head":{"translation":[0.0,-6.4,0.0],"scale":[4.0,4.0,4.0]}}}