{"textures":{"0":"modelengine:entity/cooker"},"elements":[{"from":[6.5714283,3.4285712,6.142857],"to":[9.428572,4.5714283,10.714286],"rotation":{"angle":0.0,"axis":"y","origin":[7.142857,3.4285712,10.142858]},"faces":{"east":{"uv":[11.625,2.625,10.625,2.875],"rotation":0,"texture":"#0","tintindex":0},"south":{"uv":[12.25,2.625,11.625,2.875],"rotation":0,"texture":"#0","tintindex":0},"north":{"uv":[10.625,2.625,10.0,2.875],"rotation":0,"texture":"#0","tintindex":0},"west":{"uv":[10.0,2.625,9.0,2.875],"rotation":0,"texture":"#0","tintindex":0},"up":{"uv":[10.0,2.625,10.625,1.625],"rotation":0,"texture":"#0","tintindex":0},"down":{"uv":[10.625,1.625,11.25,2.625],"rotation":0,"texture":"#0","tintindex":0}}},{"from":[7.142857,4.5714283,9.142858],"to":[8.857143,9.142858,10.857143],"rotation":{"angle":-22.5,"axis":"x","origin":[7.142857,3.4285712,10.857143]},"faces":{"east":{"uv":[6.375,0.375,6.0,1.375],"rotation":0,"texture":"#0","tintindex":0},"south":{"uv":[6.75,0.375,6.375,1.375],"rotation":0,"texture":"#0","tintindex":0},"north":{"uv":[6.0,0.375,5.625,1.375],"rotation":0,"texture":"#0","tintindex":0},"west":{"uv":[5.625,0.375,5.25,1.375],"rotation":0,"texture":"#0","tintindex":0},"up":{"uv":[5.625,0.375,6.0,0.0],"rotation":0,"texture":"#0","tintindex":0},"down":{"uv":[6.0,0.0,6.375,0.375],"rotation":0,"texture":"#0","tintindex":0}}}],"display":{"head":{"translation":[0.0,-6.4,0.0],"scale":[4.0,4.0,4.0]}}}