{"textures":{"0":"modelengine:entity/shadow_sorcerer_shadows"},"elements":[{"from":[7.9714284,5.714286,3.5999985],"to":[8.114285,9.714286,13.314284],"rotation":{"angle":0.0,"axis":"y","origin":[8.0,8.0,3.5999985]},"faces":{"east":{"uv":[10.125,4.25,11.0,2.125],"rotation":90,"texture":"#0","tintindex":0},"west":{"uv":[10.125,2.125,11.0,4.25],"rotation":90,"texture":"#0","tintindex":0}}},{"from":[7.9942856,5.714286,13.314284],"to":[8.057143,9.714286,23.02857],"rotation":{"angle":22.5,"axis":"x","origin":[8.0,9.714286,13.314284]},"faces":{"east":{"uv":[10.125,2.125,11.0,0.0],"rotation":90,"texture":"#0","tintindex":0},"west":{"uv":[10.125,0.0,11.0,2.125],"rotation":90,"texture":"#0","tintindex":0}}},{"from":[8.0,1.9999995,22.285713],"to":[8.0,6.0,32.0],"rotation":{"angle":45.0,"axis":"x","origin":[8.0,6.0,22.285713]},"faces":{"east":{"uv":[9.25,2.125,10.125,0.0],"rotation":90,"texture":"#0","tintindex":0},"west":{"uv":[9.25,0.0,10.125,2.125],"rotation":90,"texture":"#0","tintindex":0}}}],"display":{"head":{"translation":[0.0,-6.4,17.600006],"scale":[4.0,4.0,4.0]}}}