{"textures":{"0":"modelengine:entity/cryptocrate"},"elements":[{"from":[11.714286,8.021428,-4.1785717],"to":[14.285715,11.178572,-1.6071434],"rotation":{"angle":0.0,"axis":"y","origin":[7.857143,7.821429,8.035714]},"faces":{"east":{"uv":[4.5,8.875,5.0625,9.5625],"rotation":0,"texture":"#0","tintindex":0},"south":{"uv":[5.125,8.875,5.6875,9.5625],"rotation":0,"texture":"#0","tintindex":0},"north":{"uv":[4.5,8.875,5.0625,9.5625],"rotation":0,"texture":"#0","tintindex":0},"west":{"uv":[5.75,8.875,6.3125,9.5625],"rotation":0,"texture":"#0","tintindex":0},"up":{"uv":[6.9375,9.4375,6.375,8.875],"rotation":0,"texture":"#0","tintindex":0},"down":{"uv":[7.5625,8.875,7.0,9.4375],"rotation":0,"texture":"#0","tintindex":0}}},{"from":[1.4285712,8.021428,-4.1785717],"to":[4.0,11.178572,-1.6071434],"rotation":{"angle":0.0,"axis":"y","origin":[7.857143,7.821429,8.035714]},"faces":{"east":{"uv":[6.3125,8.875,5.75,9.5625],"rotation":0,"texture":"#0","tintindex":0},"south":{"uv":[5.6875,8.875,5.125,9.5625],"rotation":0,"texture":"#0","tintindex":0},"north":{"uv":[5.0625,8.875,4.5,9.5625],"rotation":0,"texture":"#0","tintindex":0},"west":{"uv":[5.0625,8.875,4.5,9.5625],"rotation":0,"texture":"#0","tintindex":0},"up":{"uv":[6.375,9.4375,6.9375,8.875],"rotation":0,"texture":"#0","tintindex":0},"down":{"uv":[7.0,8.875,7.5625,9.4375],"rotation":0,"texture":"#0","tintindex":0}}},{"from":[1.4285712,8.021428,6.107143],"to":[4.0,11.178572,8.678572],"rotation":{"angle":0.0,"axis":"y","origin":[7.857143,7.821429,-3.535715]},"faces":{"east":{"uv":[5.75,8.875,6.3125,9.5625],"rotation":0,"texture":"#0","tintindex":0},"south":{"uv":[4.5,8.875,5.0625,9.5625],"rotation":0,"texture":"#0","tintindex":0},"north":{"uv":[5.125,8.875,5.6875,9.5625],"rotation":0,"texture":"#0","tintindex":0},"west":{"uv":[4.5,8.875,5.0625,9.5625],"rotation":0,"texture":"#0","tintindex":0},"up":{"uv":[6.375,8.875,6.9375,9.4375],"rotation":0,"texture":"#0","tintindex":0},"down":{"uv":[7.0,9.4375,7.5625,8.875],"rotation":0,"texture":"#0","tintindex":0}}},{"from":[11.714286,8.021428,6.107143],"to":[14.285715,11.178572,8.678572],"rotation":{"angle":0.0,"axis":"y","origin":[7.857143,7.821429,-3.535715]},"faces":{"east":{"uv":[5.0625,8.875,4.5,9.5625],"rotation":0,"texture":"#0","tintindex":0},"south":{"uv":[5.0625,8.875,4.5,9.5625],"rotation":0,"texture":"#0","tintindex":0},"north":{"uv":[5.6875,8.875,5.125,9.5625],"rotation":0,"texture":"#0","tintindex":0},"west":{"uv":[6.3125,8.875,5.75,9.5625],"rotation":0,"texture":"#0","tintindex":0},"up":{"uv":[6.9375,8.875,6.375,9.4375],"rotation":0,"texture":"#0","tintindex":0},"down":{"uv":[7.5625,9.4375,7.0,8.875],"rotation":0,"texture":"#0","tintindex":0}}},{"from":[7.285714,8.035714,-4.3214293],"to":[8.428572,8.607142,-4.035715],"rotation":{"angle":0.0,"axis":"y","origin":[7.857143,7.821429,8.035714]},"faces":{"east":{"uv":[4.125,7.875,4.1875,8.0],"rotation":0,"texture":"#0","tintindex":0},"south":{"uv":[9.25,3.25,9.5,3.375],"rotation":0,"texture":"#0","tintindex":0},"north":{"uv":[9.125,6.875,9.375,7.0],"rotation":0,"texture":"#0","tintindex":0},"west":{"uv":[9.125,4.375,9.1875,4.5],"rotation":0,"texture":"#0","tintindex":0},"up":{"uv":[9.25,9.3125,9.0,9.25],"rotation":0,"texture":"#0","tintindex":0},"down":{"uv":[9.5,9.25,9.25,9.3125],"rotation":0,"texture":"#0","tintindex":0}}},{"from":[6.714286,8.035714,-4.035715],"to":[9.0,9.178572,-3.4642859],"rotation":{"angle":0.0,"axis":"y","origin":[7.857143,7.821429,8.035714]},"faces":{"east":{"uv":[9.25,4.75,9.375,5.0],"rotation":0,"texture":"#0","tintindex":0},"south":{"uv":[9.25,3.0,9.75,3.25],"rotation":0,"texture":"#0","tintindex":0},"north":{"uv":[9.25,2.75,9.75,3.0],"rotation":0,"texture":"#0","tintindex":0},"west":{"uv":[9.25,7.375,9.375,7.625],"rotation":0,"texture":"#0","tintindex":0},"up":{"uv":[8.625,7.0,8.125,6.875],"rotation":0,"texture":"#0","tintindex":0},"down":{"uv":[9.125,6.875,8.625,7.0],"rotation":0,"texture":"#0","tintindex":0}}},{"from":[2.142857,8.035714,-3.4642859],"to":[13.571428,10.892858,7.964286],"rotation":{"angle":0.0,"axis":"y","origin":[7.857143,7.821429,8.035714]},"faces":{"east":{"uv":[6.75,7.375,9.25,8.0],"rotation":0,"texture":"#0","tintindex":0},"south":{"uv":[6.75,7.375,9.25,8.0],"rotation":0,"texture":"#0","tintindex":0},"north":{"uv":[6.75,4.5,9.25,5.125],"rotation":0,"texture":"#0","tintindex":0},"west":{"uv":[6.75,7.375,9.25,8.0],"rotation":0,"texture":"#0","tintindex":0},"up":{"uv":[2.4375,2.5,0.0,0.0],"rotation":0,"texture":"#0","tintindex":0},"down":{"uv":[2.5,2.5,0.0,5.0],"rotation":0,"texture":"#0","tintindex":0}}}],"display":{"head":{"translation":[0.0,-6.4,0.0],"scale":[4.0,4.0,4.0]}}}