{"textures":{"0":"modelengine:entity/clawmachinecrate"},"elements":[{"from":[5.891285,8.276528,7.428571],"to":[6.4627132,9.419386,8.571428],"rotation":{"angle":45.0,"axis":"z","origin":[8.611354,10.792282,8.0]},"faces":{"east":{"uv":[9.625,1.5,9.875,1.75],"rotation":0,"texture":"#0","tintindex":0},"south":{"uv":[9.0,3.75,9.125,4.0],"rotation":0,"texture":"#0","tintindex":0},"north":{"uv":[3.375,8.75,3.5,9.0],"rotation":0,"texture":"#0","tintindex":0},"west":{"uv":[1.625,9.625,1.875,9.875],"rotation":0,"texture":"#0","tintindex":0},"up":{"uv":[2.375,9.625,2.25,9.375],"rotation":0,"texture":"#0","tintindex":0},"down":{"uv":[3.75,9.75,3.625,10.0],"rotation":0,"texture":"#0","tintindex":0}}},{"from":[8.299514,6.636915,7.4142857],"to":[8.870942,7.4940577,8.585714],"rotation":{"angle":0.0,"axis":"y","origin":[9.032746,10.321869,8.0]},"faces":{"east":{"uv":[9.25,9.625,9.5,9.8125],"rotation":0,"texture":"#0","tintindex":0},"south":{"uv":[9.875,1.125,10.0,1.3125],"rotation":0,"texture":"#0","tintindex":0},"north":{"uv":[1.125,9.875,1.25,10.0625],"rotation":0,"texture":"#0","tintindex":0},"west":{"uv":[2.375,9.75,2.625,9.9375],"rotation":0,"texture":"#0","tintindex":0},"up":{"uv":[4.75,10.0,4.625,9.75],"rotation":0,"texture":"#0","tintindex":0},"down":{"uv":[7.125,9.75,7.0,10.0],"rotation":0,"texture":"#0","tintindex":0}}},{"from":[9.601491,5.9874783,7.428571],"to":[10.17292,6.844621,8.571428],"rotation":{"angle":-22.5,"axis":"z","origin":[8.9998255,10.01351,8.0]},"faces":{"east":{"uv":[2.625,9.75,2.875,9.9375],"rotation":0,"texture":"#0","tintindex":0},"south":{"uv":[1.375,9.875,1.5,10.0625],"rotation":0,"texture":"#0","tintindex":0},"north":{"uv":[1.25,9.875,1.375,10.0625],"rotation":0,"texture":"#0","tintindex":0},"west":{"uv":[2.875,9.75,3.125,9.9375],"rotation":0,"texture":"#0","tintindex":0},"up":{"uv":[7.75,10.0,7.625,9.75],"rotation":0,"texture":"#0","tintindex":0},"down":{"uv":[8.75,9.75,8.625,10.0],"rotation":0,"texture":"#0","tintindex":0}}}],"display":{"head":{"translation":[0.0,-6.4,0.0],"scale":[4.0,4.0,4.0]}}}