{"textures":{"0":"modelengine:entity/clawmachinecrate"},"elements":[{"from":[9.537287,8.276528,7.428571],"to":[10.108715,9.419386,8.571428],"rotation":{"angle":-45.0,"axis":"z","origin":[7.3886466,10.792282,8.0]},"faces":{"east":{"uv":[1.875,9.625,1.625,9.875],"rotation":0,"texture":"#0","tintindex":0},"south":{"uv":[9.125,3.75,9.0,4.0],"rotation":0,"texture":"#0","tintindex":0},"north":{"uv":[3.5,8.75,3.375,9.0],"rotation":0,"texture":"#0","tintindex":0},"west":{"uv":[9.875,1.5,9.625,1.75],"rotation":0,"texture":"#0","tintindex":0},"up":{"uv":[2.25,9.625,2.375,9.375],"rotation":0,"texture":"#0","tintindex":0},"down":{"uv":[3.625,9.75,3.75,10.0],"rotation":0,"texture":"#0","tintindex":0}}},{"from":[7.129058,6.636915,7.4142857],"to":[7.7004867,7.4940577,8.585714],"rotation":{"angle":0.0,"axis":"y","origin":[6.9672537,10.321869,8.0]},"faces":{"east":{"uv":[2.625,9.75,2.375,9.9375],"rotation":0,"texture":"#0","tintindex":0},"south":{"uv":[10.0,1.125,9.875,1.3125],"rotation":0,"texture":"#0","tintindex":0},"north":{"uv":[1.25,9.875,1.125,10.0625],"rotation":0,"texture":"#0","tintindex":0},"west":{"uv":[9.5,9.625,9.25,9.8125],"rotation":0,"texture":"#0","tintindex":0},"up":{"uv":[4.625,10.0,4.75,9.75],"rotation":0,"texture":"#0","tintindex":0},"down":{"uv":[7.0,9.75,7.125,10.0],"rotation":0,"texture":"#0","tintindex":0}}},{"from":[5.8270802,5.9874783,7.428571],"to":[6.398509,6.844621,8.571428],"rotation":{"angle":22.5,"axis":"z","origin":[7.0001745,10.01351,8.0]},"faces":{"east":{"uv":[3.125,9.75,2.875,9.9375],"rotation":0,"texture":"#0","tintindex":0},"south":{"uv":[1.5,9.875,1.375,10.0625],"rotation":0,"texture":"#0","tintindex":0},"north":{"uv":[1.375,9.875,1.25,10.0625],"rotation":0,"texture":"#0","tintindex":0},"west":{"uv":[2.875,9.75,2.625,9.9375],"rotation":0,"texture":"#0","tintindex":0},"up":{"uv":[7.625,10.0,7.75,9.75],"rotation":0,"texture":"#0","tintindex":0},"down":{"uv":[8.625,9.75,8.75,10.0],"rotation":0,"texture":"#0","tintindex":0}}}],"display":{"head":{"translation":[0.0,-6.4,0.0],"scale":[4.0,4.0,4.0]}}}