{"textures":{"0":"modelengine:entity/clawmachinecrate"},"elements":[{"from":[7.285714,8.1072445,7.5],"to":[8.714286,9.535816,8.928572],"rotation":{"angle":0.0,"axis":"y","origin":[8.285714,0.25010157,7.928571]},"faces":{"east":{"uv":[7.875,9.375,8.1875,9.6875],"rotation":0,"texture":"#0","tintindex":0},"south":{"uv":[9.375,8.25,9.6875,8.5625],"rotation":0,"texture":"#0","tintindex":0},"north":{"uv":[6.75,9.375,7.0625,9.6875],"rotation":0,"texture":"#0","tintindex":0},"west":{"uv":[9.375,8.625,9.6875,8.9375],"rotation":0,"texture":"#0","tintindex":0},"up":{"uv":[1.5625,9.8125,1.25,9.5],"rotation":0,"texture":"#0","tintindex":0},"down":{"uv":[9.8125,1.75,9.5,2.0625],"rotation":0,"texture":"#0","tintindex":0}}},{"from":[8.150217,9.31377,7.928571],"to":[9.0073595,10.170913,8.5],"rotation":{"angle":-45.0,"axis":"z","origin":[8.178788,9.370913,8.214286]},"faces":{"east":{"uv":[9.875,1.375,10.0,1.5625],"rotation":0,"texture":"#0","tintindex":0},"south":{"uv":[9.75,8.5,9.9375,8.6875],"rotation":0,"texture":"#0","tintindex":0},"north":{"uv":[8.375,9.75,8.5625,9.9375],"rotation":0,"texture":"#0","tintindex":0},"west":{"uv":[1.5,9.875,1.625,10.0625],"rotation":0,"texture":"#0","tintindex":0},"up":{"uv":[1.8125,10.0,1.625,9.875],"rotation":0,"texture":"#0","tintindex":0},"down":{"uv":[10.0625,1.625,9.875,1.75],"rotation":0,"texture":"#0","tintindex":0}}},{"from":[7.142857,6.6786733,7.642857],"to":[8.857143,8.1072445,8.785714],"rotation":{"angle":0.0,"axis":"y","origin":[8.285714,0.39295864,7.928571]},"faces":{"east":{"uv":[7.625,5.75,7.875,6.0625],"rotation":0,"texture":"#0","tintindex":0},"south":{"uv":[9.375,5.625,9.75,5.9375],"rotation":0,"texture":"#0","tintindex":0},"north":{"uv":[4.375,9.375,4.75,9.6875],"rotation":0,"texture":"#0","tintindex":0},"west":{"uv":[9.5,7.0,9.75,7.3125],"rotation":0,"texture":"#0","tintindex":0},"up":{"uv":[9.875,5.375,9.5,5.125],"rotation":0,"texture":"#0","tintindex":0},"down":{"uv":[9.875,5.375,9.5,5.625],"rotation":0,"texture":"#0","tintindex":0}}},{"from":[7.142857,6.6786733,7.0714283],"to":[7.714286,7.2501016,7.642857],"rotation":{"angle":0.0,"axis":"y","origin":[8.285714,0.39295864,7.928571]},"faces":{"east":{"uv":[7.125,9.875,7.25,10.0],"rotation":0,"texture":"#0","tintindex":0},"south":{"uv":[7.25,9.875,7.375,10.0],"rotation":0,"texture":"#0","tintindex":0},"north":{"uv":[9.875,5.5,10.0,5.625],"rotation":0,"texture":"#0","tintindex":0},"west":{"uv":[9.875,7.5,10.0,7.625],"rotation":0,"texture":"#0","tintindex":0},"up":{"uv":[10.0,7.75,9.875,7.625],"rotation":0,"texture":"#0","tintindex":0},"down":{"uv":[9.375,9.875,9.25,10.0],"rotation":0,"texture":"#0","tintindex":0}}},{"from":[8.285714,6.6786733,7.0714283],"to":[8.857143,7.2501016,7.642857],"rotation":{"angle":0.0,"axis":"y","origin":[8.285714,0.39295864,7.928571]},"faces":{"east":{"uv":[0.25,10.0,0.375,10.125],"rotation":0,"texture":"#0","tintindex":0},"south":{"uv":[0.375,10.0,0.5,10.125],"rotation":0,"texture":"#0","tintindex":0},"north":{"uv":[9.875,9.875,10.0,10.0],"rotation":0,"texture":"#0","tintindex":0},"west":{"uv":[0.5,10.0,0.625,10.125],"rotation":0,"texture":"#0","tintindex":0},"up":{"uv":[0.75,10.125,0.625,10.0],"rotation":0,"texture":"#0","tintindex":0},"down":{"uv":[10.125,0.75,10.0,0.875],"rotation":0,"texture":"#0","tintindex":0}}},{"from":[8.571428,7.3929586,7.928571],"to":[9.142858,8.250102,8.5],"rotation":{"angle":45.0,"axis":"z","origin":[9.142858,7.6786733,8.214286]},"faces":{"east":{"uv":[1.875,9.875,2.0,10.0625],"rotation":0,"texture":"#0","tintindex":0},"south":{"uv":[2.0,9.875,2.125,10.0625],"rotation":0,"texture":"#0","tintindex":0},"north":{"uv":[9.875,1.75,10.0,1.9375],"rotation":0,"texture":"#0","tintindex":0},"west":{"uv":[9.875,2.0,10.0,2.1875],"rotation":0,"texture":"#0","tintindex":0},"up":{"uv":[1.0,10.125,0.875,10.0],"rotation":0,"texture":"#0","tintindex":0},"down":{"uv":[10.125,0.875,10.0,1.0],"rotation":0,"texture":"#0","tintindex":0}}},{"from":[6.99264,9.31377,7.928571],"to":[7.849783,10.170913,8.5],"rotation":{"angle":45.0,"axis":"z","origin":[7.821212,9.370913,8.214286]},"faces":{"east":{"uv":[2.125,9.875,2.25,10.0625],"rotation":0,"texture":"#0","tintindex":0},"south":{"uv":[9.75,9.0,9.9375,9.1875],"rotation":0,"texture":"#0","tintindex":0},"north":{"uv":[9.75,8.75,9.9375,8.9375],"rotation":0,"texture":"#0","tintindex":0},"west":{"uv":[2.25,9.875,2.375,10.0625],"rotation":0,"texture":"#0","tintindex":0},"up":{"uv":[10.0625,2.375,9.875,2.25],"rotation":0,"texture":"#0","tintindex":0},"down":{"uv":[10.0625,2.375,9.875,2.5],"rotation":0,"texture":"#0","tintindex":0}}},{"from":[6.857143,7.3929586,7.928571],"to":[7.428571,8.250102,8.5],"rotation":{"angle":-45.0,"axis":"z","origin":[6.857143,7.6786733,8.214286]},"faces":{"east":{"uv":[9.875,3.0,10.0,3.1875],"rotation":0,"texture":"#0","tintindex":0},"south":{"uv":[9.875,3.25,10.0,3.4375],"rotation":0,"texture":"#0","tintindex":0},"north":{"uv":[9.875,2.75,10.0,2.9375],"rotation":0,"texture":"#0","tintindex":0},"west":{"uv":[9.875,3.5,10.0,3.6875],"rotation":0,"texture":"#0","tintindex":0},"up":{"uv":[1.125,10.125,1.0,10.0],"rotation":0,"texture":"#0","tintindex":0},"down":{"uv":[10.125,1.125,10.0,1.25],"rotation":0,"texture":"#0","tintindex":0}}}],"display":{"head":{"translation":[0.0,-6.4,0.0],"scale":[4.0,4.0,4.0]}}}