{"textures":{"0":"modelengine:entity/clawmachinecrate"},"elements":[{"from":[6.5714283,7.642857,7.428571],"to":[8.857143,8.785714,8.571428],"rotation":{"angle":0.0,"axis":"y","origin":[8.857143,0.21428537,5.142857]},"faces":{"east":{"uv":[3.75,9.625,4.0,9.875],"rotation":0,"texture":"#0","tintindex":0},"south":{"uv":[9.375,1.0,9.875,1.25],"rotation":0,"texture":"#0","tintindex":0},"north":{"uv":[9.875,1.0,9.375,1.25],"rotation":0,"texture":"#0","tintindex":0},"west":{"uv":[9.625,3.75,9.875,4.0],"rotation":0,"texture":"#0","tintindex":0},"up":{"uv":[2.25,9.625,1.75,9.375],"rotation":0,"texture":"#0","tintindex":0},"down":{"uv":[4.375,9.375,3.875,9.625],"rotation":0,"texture":"#0","tintindex":0}}},{"from":[6.5714283,7.0714283,7.428571],"to":[7.142857,7.642857,8.571428],"rotation":{"angle":0.0,"axis":"y","origin":[8.857143,0.21428537,5.142857]},"faces":{"east":{"uv":[9.625,9.75,9.875,9.875],"rotation":0,"texture":"#0","tintindex":0},"south":{"uv":[10.0,1.375,10.125,1.5],"rotation":0,"texture":"#0","tintindex":0},"north":{"uv":[10.0,1.25,10.125,1.375],"rotation":0,"texture":"#0","tintindex":0},"west":{"uv":[9.75,9.625,10.0,9.75],"rotation":0,"texture":"#0","tintindex":0},"up":{"uv":[0.125,10.125,0.0,9.875],"rotation":0,"texture":"#0","tintindex":0},"down":{"uv":[0.25,9.875,0.125,10.125],"rotation":0,"texture":"#0","tintindex":0}}},{"from":[8.285714,7.0714283,7.428571],"to":[8.857143,7.642857,8.571428],"rotation":{"angle":0.0,"axis":"y","origin":[8.857143,0.21428537,5.142857]},"faces":{"east":{"uv":[0.25,9.875,0.5,10.0],"rotation":0,"texture":"#0","tintindex":0},"south":{"uv":[1.625,10.0,1.75,10.125],"rotation":0,"texture":"#0","tintindex":0},"north":{"uv":[10.0,1.5,10.125,1.625],"rotation":0,"texture":"#0","tintindex":0},"west":{"uv":[0.5,9.875,0.75,10.0],"rotation":0,"texture":"#0","tintindex":0},"up":{"uv":[0.875,10.125,0.75,9.875],"rotation":0,"texture":"#0","tintindex":0},"down":{"uv":[10.0,0.75,9.875,1.0],"rotation":0,"texture":"#0","tintindex":0}}},{"from":[8.285714,8.785714,7.428571],"to":[9.428572,9.357143,8.571428],"rotation":{"angle":0.0,"axis":"y","origin":[8.857143,0.21428537,5.142857]},"faces":{"east":{"uv":[9.75,4.75,10.0,4.875],"rotation":0,"texture":"#0","tintindex":0},"south":{"uv":[9.75,6.125,10.0,6.25],"rotation":0,"texture":"#0","tintindex":0},"north":{"uv":[9.5,7.375,9.75,7.5],"rotation":0,"texture":"#0","tintindex":0},"west":{"uv":[9.75,9.5,10.0,9.625],"rotation":0,"texture":"#0","tintindex":0},"up":{"uv":[4.25,9.875,4.0,9.625],"rotation":0,"texture":"#0","tintindex":0},"down":{"uv":[7.375,9.625,7.125,9.875],"rotation":0,"texture":"#0","tintindex":0}}}],"display":{"head":{"translation":[0.0,-6.4,0.0],"scale":[4.0,4.0,4.0]}}}