{"textures":{"0":"modelengine:entity/clawmachinecrate"},"elements":[{"from":[7.5714283,6.857143,7.285714],"to":[8.428572,7.428571,8.714286],"rotation":{"angle":0.0,"axis":"y","origin":[8.285714,-7.4285717,10.571428]},"faces":{"east":{"uv":[3.5,7.375,3.8125,7.5],"rotation":0,"texture":"#0","tintindex":0},"south":{"uv":[9.875,1.0,10.0625,1.125],"rotation":0,"texture":"#0","tintindex":0},"north":{"uv":[0.875,9.875,1.0625,10.0],"rotation":0,"texture":"#0","tintindex":0},"west":{"uv":[7.875,6.75,8.1875,6.875],"rotation":0,"texture":"#0","tintindex":0},"up":{"uv":[8.9375,9.9375,8.75,9.625],"rotation":0,"texture":"#0","tintindex":0},"down":{"uv":[9.1875,9.625,9.0,9.9375],"rotation":0,"texture":"#0","tintindex":0}}},{"from":[7.857143,7.428571,7.714286],"to":[8.142858,10.285714,8.285714],"rotation":{"angle":0.0,"axis":"y","origin":[8.285714,-7.4285717,10.571428]},"faces":{"east":{"uv":[1.75,6.75,1.875,7.375],"rotation":0,"texture":"#0","tintindex":0},"south":{"uv":[4.25,9.625,4.3125,10.25],"rotation":0,"texture":"#0","tintindex":0},"north":{"uv":[7.75,9.5,7.8125,10.125],"rotation":0,"texture":"#0","tintindex":0},"west":{"uv":[3.375,8.125,3.5,8.75],"rotation":0,"texture":"#0","tintindex":0},"up":{"uv":[1.8125,10.125,1.75,10.0],"rotation":0,"texture":"#0","tintindex":0},"down":{"uv":[10.0625,1.75,10.0,1.875],"rotation":0,"texture":"#0","tintindex":0}}}],"display":{"head":{"translation":[0.0,-6.4,0.0],"scale":[4.0,4.0,4.0]}}}