{"textures":{"0":"modelengine:entity/magic_npc"},"elements":[{"from":[-1.7472992,-7.523858,-5.5714293],"to":[-1.7472992,-2.3810005,-2.1428576],"rotation":{"angle":0.0,"axis":"y","origin":[-3.000001,8.0,8.0]},"faces":{"east":{"uv":[11.75,12.875,12.5,14.0],"rotation":0,"texture":"#0","tintindex":0},"south":{"uv":[13.25,12.875,13.25,14.0],"rotation":0,"texture":"#0","tintindex":0},"north":{"uv":[12.5,12.875,12.5,14.0],"rotation":0,"texture":"#0","tintindex":0},"west":{"uv":[12.5,12.875,13.25,14.0],"rotation":0,"texture":"#0","tintindex":0},"up":{"uv":[12.5,12.875,12.5,12.125],"rotation":0,"texture":"#0","tintindex":0},"down":{"uv":[12.5,12.125,12.5,12.875],"rotation":0,"texture":"#0","tintindex":0}}},{"from":[-1.7472992,-6.3810005,10.428572],"to":[-1.7472992,-1.238143,13.857143],"rotation":{"angle":0.0,"axis":"y","origin":[-3.000001,8.0,8.0]},"faces":{"east":{"uv":[9.375,14.875,10.125,16.0],"rotation":0,"texture":"#0","tintindex":0},"south":{"uv":[10.875,14.875,10.875,16.0],"rotation":0,"texture":"#0","tintindex":0},"north":{"uv":[10.125,14.875,10.125,16.0],"rotation":0,"texture":"#0","tintindex":0},"west":{"uv":[10.125,14.875,10.875,16.0],"rotation":0,"texture":"#0","tintindex":0},"up":{"uv":[10.125,14.875,10.125,14.125],"rotation":0,"texture":"#0","tintindex":0},"down":{"uv":[10.125,14.125,10.125,14.875],"rotation":0,"texture":"#0","tintindex":0}}}],"display":{"head":{"translation":[0.0,-6.4,0.0],"scale":[4.0,4.0,4.0]}}}