{"textures":{"0":"modelengine:entity/magic_npc"},"elements":[{"from":[9.604442,1.0475712,-4.4285717],"to":[9.604442,6.1904283,1.2857141],"rotation":{"angle":0.0,"axis":"y","origin":[8.0,8.0,8.0]},"faces":{"east":{"uv":[13.625,10.625,14.875,11.75],"rotation":0,"texture":"#0","tintindex":0},"south":{"uv":[16.125,10.625,16.125,11.75],"rotation":0,"texture":"#0","tintindex":0},"north":{"uv":[14.875,10.625,14.875,11.75],"rotation":0,"texture":"#0","tintindex":0},"west":{"uv":[14.875,10.625,16.125,11.75],"rotation":0,"texture":"#0","tintindex":0},"up":{"uv":[14.875,10.625,14.875,9.375],"rotation":0,"texture":"#0","tintindex":0},"down":{"uv":[14.875,9.375,14.875,10.625],"rotation":0,"texture":"#0","tintindex":0}}}],"display":{"head":{"translation":[0.0,-6.4,0.0],"scale":[4.0,4.0,4.0]}}}