{"textures":{"0":"modelengine:entity/magic_npc"},"elements":[{"from":[10.857143,26.981436,13.07948],"to":[14.285715,30.981436,16.508053],"rotation":{"angle":45.0,"axis":"x","origin":[12.571428,28.981436,14.793766]},"faces":{"east":{"uv":[0.0,5.25,0.75,6.125],"rotation":0,"texture":"#0","tintindex":0},"south":{"uv":[2.25,5.25,3.0,6.125],"rotation":0,"texture":"#0","tintindex":0},"north":{"uv":[0.75,5.25,1.5,6.125],"rotation":0,"texture":"#0","tintindex":0},"west":{"uv":[1.5,5.25,2.25,6.125],"rotation":0,"texture":"#0","tintindex":0},"up":{"uv":[1.5,5.25,0.75,4.5],"rotation":0,"texture":"#0","tintindex":0},"down":{"uv":[2.25,4.5,1.5,5.25],"rotation":0,"texture":"#0","tintindex":0}}},{"from":[12.0,29.336475,15.907904],"to":[13.142858,31.05076,19.336475],"rotation":{"angle":45.0,"axis":"x","origin":[12.571428,30.193617,17.622189]},"faces":{"east":{"uv":[9.875,5.875,10.625,6.25],"rotation":0,"texture":"#0","tintindex":0},"south":{"uv":[11.625,5.875,11.875,6.25],"rotation":0,"texture":"#0","tintindex":0},"north":{"uv":[10.625,5.875,10.875,6.25],"rotation":0,"texture":"#0","tintindex":0},"west":{"uv":[10.875,5.875,11.625,6.25],"rotation":0,"texture":"#0","tintindex":0},"up":{"uv":[10.875,5.875,10.625,5.125],"rotation":0,"texture":"#0","tintindex":0},"down":{"uv":[11.125,5.125,10.875,5.875],"rotation":0,"texture":"#0","tintindex":0}}}],"display":{"head":{"translation":[0.0,-6.4,0.0],"scale":[4.0,4.0,4.0]}}}