{"textures":{"0":"modelengine:entity/magic_npc"},"elements":[{"from":[9.714286,24.462687,10.260977],"to":[15.428572,28.462687,15.975264],"rotation":{"angle":22.5,"axis":"x","origin":[12.571428,26.462687,13.11812]},"faces":{"east":{"uv":[4.125,4.0,5.375,4.875],"rotation":0,"texture":"#0","tintindex":0},"south":{"uv":[7.875,4.0,9.125,4.875],"rotation":0,"texture":"#0","tintindex":0},"north":{"uv":[5.375,4.0,6.625,4.875],"rotation":0,"texture":"#0","tintindex":0},"west":{"uv":[6.625,4.0,7.875,4.875],"rotation":0,"texture":"#0","tintindex":0},"up":{"uv":[6.625,4.0,5.375,2.75],"rotation":0,"texture":"#0","tintindex":0},"down":{"uv":[7.875,2.75,6.625,4.0],"rotation":0,"texture":"#0","tintindex":0}}},{"from":[9.428572,25.034115,9.975263],"to":[15.714286,26.176971,16.260979],"rotation":{"angle":22.5,"axis":"x","origin":[12.857143,26.462687,13.403834]},"faces":{"east":{"uv":[0.0,15.75,1.375,16.0],"rotation":0,"texture":"#0","tintindex":0},"south":{"uv":[4.125,15.75,5.5,16.0],"rotation":0,"texture":"#0","tintindex":0},"north":{"uv":[1.375,15.75,2.75,16.0],"rotation":0,"texture":"#0","tintindex":0},"west":{"uv":[2.75,15.75,4.125,16.0],"rotation":0,"texture":"#0","tintindex":0},"up":{"uv":[2.75,15.75,1.375,14.375],"rotation":0,"texture":"#0","tintindex":0},"down":{"uv":[4.125,14.375,2.75,15.75],"rotation":0,"texture":"#0","tintindex":0}}}],"display":{"head":{"translation":[0.0,-6.4,0.0],"scale":[4.0,4.0,4.0]}}}