{"textures":{"0":"modelengine:entity/magic_npc"},"elements":[{"from":[6.8167315,3.0076575,6.285714],"to":[8.531017,8.721944,8.571428],"rotation":{"angle":0.0,"axis":"y","origin":[6.0694327,9.674372,8.0]},"faces":{"east":{"uv":[7.75,10.375,8.25,11.625],"rotation":0,"texture":"#0","tintindex":0},"south":{"uv":[9.125,10.375,9.5,11.625],"rotation":0,"texture":"#0","tintindex":0},"north":{"uv":[8.25,10.375,8.625,11.625],"rotation":0,"texture":"#0","tintindex":0},"west":{"uv":[8.625,10.375,9.125,11.625],"rotation":0,"texture":"#0","tintindex":0},"up":{"uv":[8.625,10.375,8.25,9.875],"rotation":0,"texture":"#0","tintindex":0},"down":{"uv":[9.0,9.875,8.625,10.375],"rotation":0,"texture":"#0","tintindex":0}}},{"from":[6.245303,1.8648005,5.714286],"to":[9.102446,3.5790863,9.142858],"rotation":{"angle":0.0,"axis":"y","origin":[6.0694327,9.674372,8.0]},"faces":{"east":{"uv":[9.125,4.5,9.875,4.875],"rotation":0,"texture":"#0","tintindex":0},"south":{"uv":[11.25,4.5,11.875,4.875],"rotation":0,"texture":"#0","tintindex":0},"north":{"uv":[9.875,4.5,10.5,4.875],"rotation":0,"texture":"#0","tintindex":0},"west":{"uv":[10.5,4.5,11.25,4.875],"rotation":0,"texture":"#0","tintindex":0},"up":{"uv":[10.5,4.5,9.875,3.75],"rotation":0,"texture":"#0","tintindex":0},"down":{"uv":[11.125,3.75,10.5,4.5],"rotation":0,"texture":"#0","tintindex":0}}},{"from":[7.102446,1.0076575,6.428571],"to":[8.245303,2.7219434,8.142858],"rotation":{"angle":0.0,"axis":"y","origin":[6.0694327,9.674372,8.0]},"faces":{"east":{"uv":[10.25,0.375,10.625,0.75],"rotation":0,"texture":"#0","tintindex":0},"south":{"uv":[11.25,0.375,11.5,0.75],"rotation":0,"texture":"#0","tintindex":0},"north":{"uv":[10.625,0.375,10.875,0.75],"rotation":0,"texture":"#0","tintindex":0},"west":{"uv":[10.875,0.375,11.25,0.75],"rotation":0,"texture":"#0","tintindex":0},"up":{"uv":[10.875,0.375,10.625,0.0],"rotation":0,"texture":"#0","tintindex":0},"down":{"uv":[11.125,0.0,10.875,0.375],"rotation":0,"texture":"#0","tintindex":0}}}],"display":{"head":{"translation":[0.0,-6.4,0.0],"scale":[4.0,4.0,4.0]}}}