{"textures":{"0":"modelengine:entity/magic_npc"},"elements":[{"from":[6.5714283,7.428571,6.857143],"to":[9.428572,10.285714,9.714286],"rotation":{"angle":0.0,"axis":"y","origin":[7.714286,8.0,7.428571]},"faces":{"east":{"uv":[5.25,10.125,5.875,10.75],"rotation":0,"texture":"#0","tintindex":0},"south":{"uv":[7.125,10.125,7.75,10.75],"rotation":0,"texture":"#0","tintindex":0},"north":{"uv":[5.875,10.125,6.5,10.75],"rotation":0,"texture":"#0","tintindex":0},"west":{"uv":[6.5,10.125,7.125,10.75],"rotation":0,"texture":"#0","tintindex":0},"up":{"uv":[6.5,10.125,5.875,9.5],"rotation":0,"texture":"#0","tintindex":0},"down":{"uv":[7.125,9.5,6.5,10.125],"rotation":0,"texture":"#0","tintindex":0}}},{"from":[7.428571,7.428571,6.428571],"to":[8.571428,9.142858,7.5714283],"rotation":{"angle":-22.5,"axis":"x","origin":[7.714286,8.0,7.428571]},"faces":{"east":{"uv":[0.0,3.0,0.25,3.375],"rotation":0,"texture":"#0","tintindex":0},"south":{"uv":[0.75,3.0,1.0,3.375],"rotation":0,"texture":"#0","tintindex":0},"north":{"uv":[0.25,3.0,0.5,3.375],"rotation":0,"texture":"#0","tintindex":0},"west":{"uv":[0.5,3.0,0.75,3.375],"rotation":0,"texture":"#0","tintindex":0},"up":{"uv":[0.5,3.0,0.25,2.75],"rotation":0,"texture":"#0","tintindex":0},"down":{"uv":[0.75,2.75,0.5,3.0],"rotation":0,"texture":"#0","tintindex":0}}},{"from":[6.5714283,10.285714,6.857143],"to":[9.428572,11.428572,9.714286],"rotation":{"angle":0.0,"axis":"y","origin":[7.714286,8.0,7.428571]},"faces":{"east":{"uv":[2.625,13.5,3.25,13.75],"rotation":0,"texture":"#0","tintindex":0},"south":{"uv":[4.5,13.5,5.125,13.75],"rotation":0,"texture":"#0","tintindex":0},"north":{"uv":[3.25,13.5,3.875,13.75],"rotation":0,"texture":"#0","tintindex":0},"west":{"uv":[3.875,13.5,4.5,13.75],"rotation":0,"texture":"#0","tintindex":0},"up":{"uv":[3.875,13.5,3.25,12.875],"rotation":0,"texture":"#0","tintindex":0},"down":{"uv":[4.5,12.875,3.875,13.5],"rotation":0,"texture":"#0","tintindex":0}}},{"from":[6.142857,10.857143,8.0],"to":[7.857143,13.714286,8.0],"rotation":{"angle":-45.0,"axis":"z","origin":[6.142857,8.571428,8.571428]},"faces":{"east":{"uv":[3.25,12.25,3.25,12.875],"rotation":0,"texture":"#0","tintindex":0},"south":{"uv":[3.625,12.25,4.0,12.875],"rotation":0,"texture":"#0","tintindex":0},"north":{"uv":[3.25,12.25,3.625,12.875],"rotation":0,"texture":"#0","tintindex":0},"west":{"uv":[3.625,12.25,3.625,12.875],"rotation":0,"texture":"#0","tintindex":0},"up":{"uv":[3.625,12.25,3.25,12.25],"rotation":0,"texture":"#0","tintindex":0},"down":{"uv":[4.0,12.25,3.625,12.25],"rotation":0,"texture":"#0","tintindex":0}}},{"from":[8.142858,10.857143,8.0],"to":[9.857143,13.714286,8.0],"rotation":{"angle":45.0,"axis":"z","origin":[9.857143,8.571428,8.571428]},"faces":{"east":{"uv":[3.625,12.25,3.625,12.875],"rotation":0,"texture":"#0","tintindex":0},"south":{"uv":[4.0,12.25,3.625,12.875],"rotation":0,"texture":"#0","tintindex":0},"north":{"uv":[3.625,12.25,3.25,12.875],"rotation":0,"texture":"#0","tintindex":0},"west":{"uv":[3.25,12.25,3.25,12.875],"rotation":0,"texture":"#0","tintindex":0},"up":{"uv":[3.25,12.25,3.625,12.25],"rotation":0,"texture":"#0","tintindex":0},"down":{"uv":[3.625,12.25,4.0,12.25],"rotation":0,"texture":"#0","tintindex":0}}}],"display":{"head":{"translation":[0.0,-6.4,0.0],"scale":[4.0,4.0,4.0]}}}